student_id,assignment_id,question_id,is_correct,attempts,response_time,error_consistency,true_error_type
1,1,A1_Q1,1,1,36.47688538100692,0.0,3
1,1,A1_Q2,1,1,45.23029856408026,0.0,3
1,1,A1_Q3,1,1,45.79212815507391,0.0,3
1,1,A1_Q4,0,2,40.30525614065048,0.2,3
1,2,A2_Q1,1,1,35.42560043585965,0.0,3
1,2,A2_Q2,0,2,35.75917162252895,0.2,3
1,2,A2_Q3,0,2,39.37712470759027,0.2,3
1,2,A2_Q4,1,1,25.719539358237654,0.0,3
1,3,A3_Q1,1,1,22.575931628808277,0.0,3
1,3,A3_Q2,0,2,50.97720466912608,0.2,3
1,3,A3_Q3,0,2,46.10922589709866,0.2,3
1,3,A3_Q4,1,1,23.997461498940883,0.0,3
1,4,A4_Q1,0,2,34.78447805324402,0.2,3
1,4,A4_Q2,1,1,28.38244613602479,0.0,3
1,4,A4_Q3,1,1,38.225449121031886,0.0,3
1,4,A4_Q4,0,2,31.718139511015693,0.2,3
1,5,A5_Q1,0,2,47.186383160538625,0.2,3
1,5,A5_Q2,0,2,43.843517176117594,0.2,3
1,5,A5_Q3,1,1,26.988963044107113,0.0,3
1,5,A5_Q4,1,1,37.73700416833682,0.0,3
2,1,A1_Q1,1,1,24.618583383370403,0.0,3
2,1,A1_Q2,1,1,21.565800766407154,0.0,3
2,1,A1_Q3,1,1,24.866745946028338,0.0,3
2,1,A1_Q4,1,1,14.36933205413487,0.0,3
2,2,A2_Q1,1,1,22.04369007862987,0.0,3
2,2,A2_Q2,0,2,51.77767409673341,0.2,3
2,2,A2_Q3,0,2,50.97044646179076,0.2,3
2,2,A2_Q4,1,1,28.31794911900915,0.0,3
2,3,A3_Q1,1,1,41.64768645504524,0.0,3
2,3,A3_Q2,0,2,57.33496804543057,0.2,3
2,3,A3_Q3,1,1,34.57885077000015,0.0,3
2,3,A3_Q4,0,2,49.67794753263152,0.2,3
2,4,A4_Q1,1,1,37.361223506692575,0.0,3
2,4,A4_Q2,1,1,23.851242405826895,0.0,3
2,4,A4_Q3,1,1,33.32892440488929,0.0,3
2,4,A4_Q4,0,2,54.61173766418355,0.2,3
2,5,A5_Q1,0,2,49.23943069790934,0.2,3
2,5,A5_Q2,0,2,46.903369849651675,0.2,3
2,5,A5_Q3,0,2,53.237330769751416,0.2,3
2,5,A5_Q4,1,1,15.330321148204739,0.0,3
3,1,A1_Q1,1,1,38.92629471506162,0.0,3
3,1,A1_Q2,0,2,54.68644990532889,0.2,3
3,1,A1_Q3,1,1,26.907114535554225,0.0,3
3,1,A1_Q4,1,1,36.73125502773975,0.0,3
3,2,A2_Q1,0,2,42.0804732917438,0.2,3
3,2,A2_Q2,1,1,30.051134566424608,0.0,3
3,2,A2_Q3,1,1,27.654128666248532,0.0,3
3,2,A2_Q4,0,2,36.97722730778381,0.2,3
3,3,A3_Q1,0,2,24.77685066804265,0.2,3
3,3,A3_Q2,0,2,44.25554084233833,0.2,3
3,3,A3_Q3,1,1,29.814491954883596,0.0,3
3,3,A3_Q4,1,1,13.26495378009777,0.0,3
3,4,A4_Q1,0,2,40.67390719451987,0.2,3
3,4,A4_Q2,1,1,28.076390352188774,0.0,3
3,4,A4_Q3,1,1,33.015473423336125,0.0,3
3,4,A4_Q4,1,1,41.42822814515021,0.0,3
3,5,A5_Q1,0,2,59.02794310936099,0.2,3
3,5,A5_Q2,0,2,36.19359181470231,0.2,3
3,5,A5_Q3,0,2,35.09463674869312,0.2,3
3,5,A5_Q4,1,1,24.33702270397228,0.0,3
4,1,A1_Q1,0,2,35.485282493519605,0.2,3
4,1,A1_Q2,0,2,42.300662309243094,0.2,3
4,1,A1_Q3,0,2,20.303011349324027,0.2,3
4,1,A1_Q4,1,1,41.69207646952623,0.0,3
4,2,A2_Q1,0,2,34.72289135911511,0.2,3
4,2,A2_Q2,1,1,37.41240635045218,0.0,3
4,2,A2_Q3,1,1,30.130338997665508,0.0,3
4,2,A2_Q4,0,2,45.628245997331824,0.2,3
4,3,A3_Q1,0,2,38.986027544282734,0.2,3
4,3,A3_Q2,0,2,46.087117996273854,0.2,3
4,3,A3_Q3,1,1,31.057636470277608,0.0,3
4,3,A3_Q4,1,1,38.53997786494901,0.0,3
4,4,A4_Q1,0,2,43.57009065292473,0.2,3
4,4,A4_Q2,1,1,10.654298044989503,0.0,3
4,4,A4_Q3,1,1,29.9514305534897,0.0,3
4,4,A4_Q4,1,1,26.166766937340967,0.0,3
4,5,A5_Q1,1,1,38.67229498976444,0.0,3
4,5,A5_Q2,0,2,67.73345158017482,0.2,3
4,5,A5_Q3,1,1,31.469746504572164,0.0,3
4,5,A5_Q4,1,1,33.158909071523155,0.0,3
5,1,A1_Q1,1,1,30.59281284053196,0.0,2
5,1,A1_Q2,1,1,43.0034514799654,0.0,2
5,1,A1_Q3,0,2,21.871894656369022,0.5444904230523011,2
5,1,A1_Q4,0,2,79.59697550397105,0.4087207543508868,2
5,2,A2_Q1,1,1,33.967742812711286,0.0,2
5,2,A2_Q2,1,1,29.88416680218006,0.0,2
5,2,A2_Q3,0,3,45.53074429348298,0.4030913233057735,2
5,2,A2_Q4,0,3,62.12258726198169,0.5144584938341676,2
5,3,A3_Q1,1,1,10.557704062504001,0.0,2
5,3,A3_Q2,1,1,20.50480954821142,0.0,2
5,3,A3_Q3,0,2,31.47906761577044,0.51136025249167,2
5,3,A3_Q4,0,2,27.0456005435,0.4508327298139478,2
5,4,A4_Q1,1,1,43.89602828146591,0.0,2
5,4,A4_Q2,1,1,19.74500130279844,0.0,2
5,4,A4_Q3,0,3,71.66102486350553,0.47189823024395106,2
5,4,A4_Q4,0,2,36.66113250086975,0.45124138871889163,2
5,5,A5_Q1,1,1,13.08181743749697,0.0,2
5,5,A5_Q2,1,1,22.670488649562767,0.0,2
5,5,A5_Q3,0,2,78.74712656667054,0.529992786155553,2
5,5,A5_Q4,0,3,38.88110204450765,0.577323429790132,2
6,1,A1_Q1,1,1,28.722651715361142,0.0,3
6,1,A1_Q2,1,1,17.998682622698368,0.0,3
6,1,A1_Q3,0,2,46.49833716339598,0.2,3
6,1,A1_Q4,1,1,31.40907368071322,0.0,3
6,2,A2_Q1,0,2,49.26025866834002,0.2,3
6,2,A2_Q2,1,1,42.103986331366386,0.0,3
6,2,A2_Q3,1,1,28.487640345077708,0.0,3
6,2,A2_Q4,1,1,22.344906341926613,0.0,3
6,3,A3_Q1,0,2,31.92085700330625,0.2,3
6,3,A3_Q2,0,2,37.67307798696156,0.2,3
6,3,A3_Q3,1,1,24.217230860358626,0.0,3
6,3,A3_Q4,1,1,47.81291077026367,0.0,3
6,4,A4_Q1,0,2,29.51171320175908,0.2,3
6,4,A4_Q2,1,1,26.56870935895902,0.0,3
6,4,A4_Q3,0,2,67.44806606010563,0.2,3
6,4,A4_Q4,1,1,46.55461625378921,0.0,3
6,5,A5_Q1,0,2,38.199956658820575,0.2,3
6,5,A5_Q2,1,1,27.365941551327268,0.0,3
6,5,A5_Q3,1,1,36.99092381859989,0.0,3
6,5,A5_Q4,1,1,35.99896633711006,0.0,3
7,1,A1_Q1,1,1,45.430676518590836,0.0,4
7,1,A1_Q2,1,1,43.23263807151237,0.0,4
7,1,A1_Q3,0,2,31.739984642251613,0.1,4
7,1,A1_Q4,1,1,20.18491348952049,0.0,4
7,2,A2_Q1,1,1,34.62103474263271,0.0,4
7,2,A2_Q2,0,2,18.0734320156912,0.1,4
7,2,A2_Q3,1,1,11.026230175113422,0.0,4
7,2,A2_Q4,1,1,42.80540761677464,0.0,4
7,3,A3_Q1,1,1,36.86848512765971,0.0,4
7,3,A3_Q2,0,2,17.567836169738197,0.1,4
7,3,A3_Q3,1,1,32.075982612857196,0.0,4
7,3,A3_Q4,1,1,24.106352430557884,0.0,4
7,4,A4_Q1,1,1,38.496020970210246,0.0,4
7,4,A4_Q2,1,1,38.995998754332504,0.0,4
7,4,A4_Q3,0,2,15.855024945389639,0.1,4
7,4,A4_Q4,1,1,24.398189598030307,0.0,4
7,5,A5_Q1,1,1,12.12328388068218,0.0,4
7,5,A5_Q2,1,1,17.794298957181454,0.0,4
7,5,A5_Q3,1,1,45.52859775839326,0.0,4
7,5,A5_Q4,1,1,25.604821245257227,0.0,4
8,1,A1_Q1,1,1,5.434068542266054,0.0,0
8,1,A1_Q2,1,1,29.234679386484537,0.0,0
8,1,A1_Q3,0,4,54.76035316844635,0.9851821440812668,0
8,1,A1_Q4,0,4,55.97840623820377,0.8807322777703357,0
8,2,A2_Q1,0,2,44.03976481378808,0.7340393806052343,0
8,2,A2_Q2,0,4,65.12939874502331,0.7428975046158507,0
8,2,A2_Q3,1,1,36.13841341475425,0.0,0
8,2,A2_Q4,1,1,43.57880788099988,0.0,0
8,3,A3_Q1,0,3,43.057340912912004,0.7439814465076076,0
8,3,A3_Q2,0,2,41.18513521366085,0.8111926441200672,0
8,3,A3_Q3,0,3,36.798292724322295,0.9115253092889979,0
8,3,A3_Q4,0,2,22.420347183243322,0.7034060934302256,0
8,4,A4_Q1,1,1,23.17657398879846,0.0,0
8,4,A4_Q2,1,1,29.51804514464187,0.0,0
8,4,A4_Q3,0,3,51.5629465219606,0.8200668678616074,0
8,4,A4_Q4,0,2,39.3212556439102,0.9889667618321833,0
8,5,A5_Q1,1,1,32.24092481810417,0.0,0
8,5,A5_Q2,0,2,74.13641946350805,0.9087246066953851,0
8,5,A5_Q3,0,2,26.541455029580412,0.9211302117529058,0
8,5,A5_Q4,0,3,72.8470439982651,0.7832143548943398,0
9,1,A1_Q1,1,1,21.917017146448487,0.0,3
9,1,A1_Q2,1,1,22.430939094884042,0.0,3
9,1,A1_Q3,1,1,21.249211771318826,0.0,3
9,1,A1_Q4,1,1,25.05106572434719,0.0,3
9,2,A2_Q1,1,1,29.50520447216802,0.0,3
9,2,A2_Q2,1,1,14.854251561837623,0.0,3
9,2,A2_Q3,1,1,36.796596691634186,0.0,3
9,2,A2_Q4,0,2,51.4889324125355,0.2,3
9,3,A3_Q1,1,1,31.42050091917568,0.0,3
9,3,A3_Q2,1,1,40.37158464944625,0.0,3
9,3,A3_Q3,0,2,60.27101259892477,0.2,3
9,3,A3_Q4,1,1,43.723777965472465,0.0,3
9,4,A4_Q1,0,2,38.05854046492506,0.2,3
9,4,A4_Q2,1,1,31.098600730432487,0.0,3
9,4,A4_Q3,0,2,40.156243080306965,0.2,3
9,4,A4_Q4,0,2,46.93278061849386,0.2,3
9,5,A5_Q1,1,1,39.24152383085535,0.0,3
9,5,A5_Q2,1,1,38.128564642380994,0.0,3
9,5,A5_Q3,1,1,23.434710485311825,0.0,3
9,5,A5_Q4,1,1,22.20919770752125,0.0,3
10,1,A1_Q1,1,1,14.658858292643778,0.0,0
10,1,A1_Q2,0,3,59.13194872980431,0.7923331719313148,0
10,1,A1_Q3,0,2,31.551120828094554,0.8261607335995225,0
10,1,A1_Q4,0,3,25.52614809129843,0.7409114426760309,0
10,2,A2_Q1,1,1,36.86051459998439,0.0,0
10,2,A2_Q2,0,4,13.618907703653285,0.727300627315399,0
10,2,A2_Q3,0,4,65.7789906102053,0.818962834696381,0
10,2,A2_Q4,0,3,44.96050835595898,0.9779762875484483,0
10,3,A3_Q1,0,3,39.16678451655072,0.8862417053266274,0
10,3,A3_Q2,0,4,30.966156956767357,0.7227589984325992,0
10,3,A3_Q3,0,4,47.31509912384941,0.9622952814563251,0
10,3,A3_Q4,0,4,40.22596572368492,0.7122605848799436,0
10,4,A4_Q1,1,1,24.69742381627559,0.0,0
10,4,A4_Q2,1,1,22.071271677376558,0.0,0
10,4,A4_Q3,1,1,28.92969640045442,0.0,0
10,4,A4_Q4,0,3,21.722655380701216,0.7276871758686237,0
10,5,A5_Q1,0,3,52.770313969007645,0.9244779071150975,0
10,5,A5_Q2,1,1,23.79636277464448,0.0,0
10,5,A5_Q3,0,3,21.579189713145638,0.9279866226812756,0
10,5,A5_Q4,1,1,47.80729438145222,0.0,0
11,1,A1_Q1,1,1,32.52479788343585,0.0,2
11,1,A1_Q2,1,1,35.765569630557664,0.0,2
11,1,A1_Q3,0,3,42.835815990184415,0.4794327665008165,2
11,1,A1_Q4,0,3,34.87298509431393,0.4040142395555453,2
11,2,A2_Q1,1,1,15.777462904023258,0.0,2
11,2,A2_Q2,1,1,19.387373670534096,0.0,2
11,2,A2_Q3,0,3,18.789881712346585,0.46858537285565205,2
11,2,A2_Q4,0,2,71.10661993092829,0.49968843978581146,2
11,3,A3_Q1,1,1,36.53634261335324,0.0,2
11,3,A3_Q2,1,1,30.773683076476182,0.0,2
11,3,A3_Q3,0,3,91.68954461083128,0.5128917085045283,2
11,3,A3_Q4,0,3,32.48763493230486,0.5291834482663202,2
11,4,A4_Q1,1,1,16.17200269035664,0.0,2
11,4,A4_Q2,1,1,10.862224197316436,0.0,2
11,4,A4_Q3,0,2,59.931563179295985,0.40150687262681495,2
11,4,A4_Q4,0,2,40.83780194337247,0.4321362746519112,2
11,5,A5_Q1,1,1,23.740070697455998,0.0,2
11,5,A5_Q2,1,1,24.07606075761131,0.0,2
11,5,A5_Q3,0,2,53.47932658339139,0.5834791226171063,2
11,5,A5_Q4,0,2,38.46457338863335,0.4341775174780132,2
12,1,A1_Q1,1,1,37.55391225825756,0.0,2
12,1,A1_Q2,1,1,32.85980166188284,0.0,2
12,1,A1_Q3,0,3,68.66024280776699,0.4374087497115047,2
12,1,A1_Q4,0,3,31.806140997030944,0.5472494367396976,2
12,2,A2_Q1,1,1,36.38623649837644,0.0,2
12,2,A2_Q2,1,1,48.46980331447603,0.0,2
12,2,A2_Q3,0,3,62.77184917554748,0.43087254305484046,2
12,2,A2_Q4,0,3,67.6385982076648,0.4738460963019792,2
12,3,A3_Q1,1,1,13.151278610322606,0.0,2
12,3,A3_Q2,1,1,50.6704400175138,0.0,2
12,3,A3_Q3,0,3,37.96062642207231,0.5363005444447858,2
12,3,A3_Q4,0,2,48.56651926885126,0.5212203762111677,2
12,4,A4_Q1,1,1,19.761814805109456,0.0,2
12,4,A4_Q2,1,1,27.867928730948357,0.0,2
12,4,A4_Q3,0,2,57.422917467426174,0.5876680913642076,2
12,4,A4_Q4,0,3,63.36201903513425,0.5443193101502555,2
12,5,A5_Q1,1,1,28.107923405043227,0.0,2
12,5,A5_Q2,1,1,35.31916892218846,0.0,2
12,5,A5_Q3,0,3,43.63042978699321,0.5629149440462764,2
12,5,A5_Q4,0,2,64.84729832518236,0.46323931645929894,2
13,1,A1_Q1,1,1,9.65759945704232,0.18723046325455128,1
13,1,A1_Q2,0,5,3.2592441897694187,0.2698723719823705,1
13,1,A1_Q3,0,4,1.1328162292010084,0.09984473577374528,1
13,1,A1_Q4,1,2,9.015489222483243,0.18602182677855406,1
13,2,A2_Q1,0,5,10.484460471170316,0.2335715817152253,1
13,2,A2_Q2,0,4,7.8447230458840975,0.22639058755803496,1
13,2,A2_Q3,0,3,7.190375194119886,0.23918860973386608,1
13,2,A2_Q4,0,5,12.242753787837241,0.0036609216954133546,1
13,3,A3_Q1,0,4,5.678632402689281,0.054479315040427696,1
13,3,A3_Q2,1,2,6.779167298383756,0.08637888494271784,1
13,3,A3_Q3,0,4,8.541592525416295,0.18343627063039433,1
13,3,A3_Q4,0,5,8.328184383814678,0.20899524716306767,1
13,4,A4_Q1,1,2,11.614911941902244,0.1123306109161266,1
13,4,A4_Q2,0,5,8.551650055715472,0.2776705538720329,1
13,4,A4_Q3,0,4,6.117743346867568,0.055896263848236205,1
13,4,A4_Q4,1,1,8.167174736866084,0.17738263072347876,1
13,5,A5_Q1,0,3,5.610491124027239,0.23633696661434772,1
13,5,A5_Q2,0,5,10.556739467090804,0.27595668492382813,1
13,5,A5_Q3,0,4,10.52158175075467,0.17612046724097016,1
13,5,A5_Q4,0,5,7.262770807742167,0.14951033182184392,1
14,1,A1_Q1,1,1,27.272764302523296,0.0,4
14,1,A1_Q2,1,1,48.48956094945345,0.0,4
14,1,A1_Q3,1,1,41.26565029547757,0.0,4
14,1,A1_Q4,1,1,27.311113094451695,0.0,4
14,2,A2_Q1,0,2,32.8667990162493,0.1,4
14,2,A2_Q2,1,1,30.592184340144883,0.0,4
14,2,A2_Q3,0,2,23.371402343733877,0.1,4
14,2,A2_Q4,1,1,24.263379931197637,0.0,4
14,3,A3_Q1,1,1,24.531410587596078,0.0,4
14,3,A3_Q2,1,1,22.871542173228356,0.0,4
14,3,A3_Q3,1,1,31.06430227691897,0.0,4
14,3,A3_Q4,1,1,3.490301916069882,0.0,4
14,4,A4_Q1,1,1,40.91506851922462,0.0,4
14,4,A4_Q2,0,2,18.142795670021044,0.1,4
14,4,A4_Q3,1,1,28.501220332375382,0.0,4
14,4,A4_Q4,1,1,35.27764760931661,0.0,4
14,5,A5_Q1,1,1,26.381090287669963,0.0,4
14,5,A5_Q2,1,1,29.3041017708699,0.0,4
14,5,A5_Q3,1,1,29.107788244063297,0.0,4
14,5,A5_Q4,1,1,30.29983634527158,0.0,4
15,1,A1_Q1,1,1,12.914967204314923,0.0,2
15,1,A1_Q2,1,1,40.103450029415775,0.0,2
15,1,A1_Q3,0,3,53.45116859268718,0.44763655620934534,2
15,1,A1_Q4,0,3,42.50358384900805,0.5206394804353959,2
15,2,A2_Q1,1,1,13.067338252902104,0.0,2
15,2,A2_Q2,1,1,20.994671148128564,0.0,2
15,2,A2_Q3,0,2,35.68048386147589,0.4415772510292055,2
15,2,A2_Q4,0,3,85.29373868525437,0.5821248007080608,2
15,3,A3_Q1,1,1,15.013405984930452,0.0,2
15,3,A3_Q2,1,1,41.39157572861677,0.0,2
15,3,A3_Q3,0,2,71.7708055524509,0.45361272816457526,2
15,3,A3_Q4,0,3,85.09588363968729,0.4725515789331891,2
15,4,A4_Q1,1,1,26.330268011196175,0.0,2
15,4,A4_Q2,1,1,34.72396642839358,0.0,2
15,4,A4_Q3,0,2,30.480403834166665,0.5789104453788183,2
15,4,A4_Q4,0,2,76.92088414929435,0.5024915311763843,2
15,5,A5_Q1,1,1,38.69740440228413,0.0,2
15,5,A5_Q2,1,1,40.57124933356309,0.0,2
15,5,A5_Q3,0,3,40.61122173180908,0.5669860473598598,2
15,5,A5_Q4,0,2,56.95163410723342,0.5382443715219308,2
16,1,A1_Q1,1,1,13.704070140236727,0.0,4
16,1,A1_Q2,1,1,35.51863655309501,0.0,4
16,1,A1_Q3,1,1,25.308522798050653,0.0,4
16,1,A1_Q4,1,1,35.269374126317906,0.0,4
16,2,A2_Q1,1,1,46.20533445165877,0.0,4
16,2,A2_Q2,1,1,45.70494635261139,0.0,4
16,2,A2_Q3,1,1,28.418985099298013,0.0,4
16,2,A2_Q4,1,1,38.06593247913687,0.0,4
16,3,A3_Q1,1,1,26.519869137031613,0.0,4
16,3,A3_Q2,1,1,31.985583628962917,0.0,4
16,3,A3_Q3,1,1,14.759847582729698,0.0,4
16,3,A3_Q4,1,1,22.015609525829465,0.0,4
16,4,A4_Q1,1,1,35.73966959201675,0.0,4
16,4,A4_Q2,1,1,12.464262820913131,0.0,4
16,4,A4_Q3,1,1,30.953208069477192,0.0,4
16,4,A4_Q4,1,1,31.79036796548965,0.0,4
16,5,A5_Q1,1,1,36.075668643313584,0.0,4
16,5,A5_Q2,1,1,14.80820017013823,0.0,4
16,5,A5_Q3,1,1,13.1044277392173,0.0,4
16,5,A5_Q4,1,1,39.8712220012871,0.0,4
17,1,A1_Q1,0,2,29.4358130411516,0.773920609971732,0
17,1,A1_Q2,0,3,47.98892664055826,0.7015761455675155,0
17,1,A1_Q3,0,2,30.116523670356955,0.7410455892756884,0
17,1,A1_Q4,1,1,29.255665708999537,0.0,0
17,2,A2_Q1,0,4,52.25047776570355,0.8976350100132152,0
17,2,A2_Q2,0,3,60.32267758559875,0.715478741997613,0
17,2,A2_Q3,0,3,21.235055035272296,0.7938564569516762,0
17,2,A2_Q4,1,1,56.059774669595186,0.0,0
17,3,A3_Q1,1,1,21.807356064451973,0.0,0
17,3,A3_Q2,0,2,56.93604156302714,0.9533648195605211,0
17,3,A3_Q3,0,3,60.21783671993555,0.8094091748371918,0
17,3,A3_Q4,0,2,43.33200657450569,0.8019624891304198,0
17,4,A4_Q1,0,4,46.18855594966184,0.9372169494516891,0
17,4,A4_Q2,0,3,1.0,0.9629996133587349,0
17,4,A4_Q3,0,4,41.23425983913136,0.9817203095538689,0
17,4,A4_Q4,0,4,78.96556964851575,0.7815060913207011,0
17,5,A5_Q1,0,3,14.772695123001565,0.9212746904766674,0
17,5,A5_Q2,1,1,12.414010000058525,0.0,0
17,5,A5_Q3,1,1,26.996395119113714,0.0,0
17,5,A5_Q4,1,1,21.95213083339675,0.0,0
18,1,A1_Q1,1,1,10.663216988924397,0.0,4
18,1,A1_Q2,1,1,17.926041683536255,0.0,4
18,1,A1_Q3,0,2,15.872075784912695,0.1,4
18,1,A1_Q4,1,1,29.50536290347567,0.0,4
18,2,A2_Q1,1,1,36.74819492166604,0.0,4
18,2,A2_Q2,1,1,31.66452208213056,0.0,4
18,2,A2_Q3,1,1,34.92451264008149,0.0,4
18,2,A2_Q4,1,1,23.62260015748684,0.0,4
18,3,A3_Q1,1,1,24.690030449981823,0.0,4
18,3,A3_Q2,1,1,23.626128726934823,0.0,4
18,3,A3_Q3,0,2,27.102521239949276,0.1,4
18,3,A3_Q4,1,1,24.29253706250524,0.0,4
18,4,A4_Q1,1,1,33.436185895352175,0.0,4
18,4,A4_Q2,1,1,26.234473489777344,0.0,4
18,4,A4_Q3,1,1,53.57376365032708,0.0,4
18,4,A4_Q4,1,1,39.378383015666444,0.0,4
18,5,A5_Q1,1,1,26.374649749006377,0.0,4
18,5,A5_Q2,0,2,22.71749551394671,0.1,4
18,5,A5_Q3,1,1,40.83609653905471,0.0,4
18,5,A5_Q4,1,1,28.230527725059506,0.0,4
19,1,A1_Q1,1,1,22.017027554615463,0.0,2
19,1,A1_Q2,1,1,21.59091201952145,0.0,2
19,1,A1_Q3,0,3,50.865433894885804,0.581302743888916,2
19,1,A1_Q4,0,2,76.47749607574426,0.5131463927991582,2
19,2,A2_Q1,1,1,18.681838578673045,0.0,2
19,2,A2_Q2,1,1,35.839281853259635,0.0,2
19,2,A2_Q3,0,2,42.434142329259416,0.4314681319405052,2
19,2,A2_Q4,0,3,66.40964362394729,0.5394942923338567,2
19,3,A3_Q1,1,1,35.07274031107298,0.0,2
19,3,A3_Q2,1,1,40.085208247785815,0.0,2
19,3,A3_Q3,0,3,53.89705642403694,0.5922630576369814,2
19,3,A3_Q4,0,2,42.59353262805407,0.5487016512583216,2
19,4,A4_Q1,1,1,21.664410127207333,0.0,2
19,4,A4_Q2,1,1,33.686733088729014,0.0,2
19,4,A4_Q3,0,3,33.7844816021403,0.43862657291745866,2
19,4,A4_Q4,0,2,53.82198136039807,0.5263627054033336,2
19,5,A5_Q1,1,1,30.464365481561487,0.0,2
19,5,A5_Q2,1,1,37.53304269077649,0.0,2
19,5,A5_Q3,0,3,45.57605336548402,0.45666858965311635,2
19,5,A5_Q4,0,2,60.760447095936875,0.4683744332077372,2
20,1,A1_Q1,0,2,39.44453267186579,0.2,3
20,1,A1_Q2,0,2,52.51902618032698,0.2,3
20,1,A1_Q3,1,1,39.76899078037066,0.0,3
20,1,A1_Q4,0,2,64.10804588458785,0.2,3
20,2,A2_Q1,1,1,12.949133307562754,0.0,3
20,2,A2_Q2,0,2,56.3660477170456,0.2,3
20,2,A2_Q3,1,1,25.43032676422575,0.0,3
20,2,A2_Q4,1,1,36.78299411192041,0.0,3
20,3,A3_Q1,0,2,57.98659734164335,0.2,3
20,3,A3_Q2,1,1,31.07679869726605,0.0,3
20,3,A3_Q3,1,1,34.63723857390432,0.0,3
20,3,A3_Q4,1,1,35.778168908811395,0.0,3
20,4,A4_Q1,1,1,11.532275655285986,0.0,3
20,4,A4_Q2,0,2,37.19698346143095,0.2,3
20,4,A4_Q3,0,2,50.02422129190412,0.2,3
20,4,A4_Q4,1,1,47.20830297119534,0.0,3
20,5,A5_Q1,1,1,17.842466258327498,0.0,3
20,5,A5_Q2,1,1,31.542473137340682,0.0,3
20,5,A5_Q3,0,2,33.13358482634953,0.2,3
20,5,A5_Q4,0,2,42.431896915809666,0.2,3
21,1,A1_Q1,1,1,19.69282497198477,0.0,3
21,1,A1_Q2,0,2,31.41728803276647,0.2,3
21,1,A1_Q3,1,1,26.83902131563473,0.0,3
21,1,A1_Q4,1,1,31.281044149107892,0.0,3
21,2,A2_Q1,0,2,40.538165667852205,0.2,3
21,2,A2_Q2,1,1,11.104592690544692,0.0,3
21,2,A2_Q3,1,1,28.269651213030823,0.0,3
21,2,A2_Q4,0,2,55.2352152246566,0.2,3
21,3,A3_Q1,0,2,35.33023856870787,0.2,3
21,3,A3_Q2,1,1,29.5228864385802,0.0,3
21,3,A3_Q3,0,2,44.77396910555181,0.2,3
21,3,A3_Q4,1,1,27.79035826170336,0.0,3
21,4,A4_Q1,0,2,42.52822617479403,0.2,3
21,4,A4_Q2,1,1,23.180157520022014,0.0,3
21,4,A4_Q3,1,1,28.209880328825147,0.0,3
21,4,A4_Q4,0,2,54.88882737309018,0.2,3
21,5,A5_Q1,1,1,36.233098066546034,0.0,3
21,5,A5_Q2,1,1,43.99355436586002,0.0,3
21,5,A5_Q3,0,2,45.59630369920174,0.2,3
21,5,A5_Q4,0,2,48.932631513836775,0.2,3
22,1,A1_Q1,0,2,58.173940656343255,0.2,3
22,1,A1_Q2,1,1,31.975996046923996,0.0,3
22,1,A1_Q3,0,2,66.82507024177087,0.2,3
22,1,A1_Q4,0,2,40.16114165945678,0.2,3
22,2,A2_Q1,0,2,39.7070176245378,0.2,3
22,2,A2_Q2,0,2,66.42270358611864,0.2,3
22,2,A2_Q3,0,2,52.53325760377241,0.2,3
22,2,A2_Q4,1,1,30.380034781682003,0.0,3
22,3,A3_Q1,0,2,42.42623462576655,0.2,3
22,3,A3_Q2,0,2,54.328790843286214,0.2,3
22,3,A3_Q3,1,1,38.73158548619149,0.0,3
22,3,A3_Q4,0,2,30.3562511979018,0.2,3
22,4,A4_Q1,0,2,65.01737102530136,0.2,3
22,4,A4_Q2,0,2,44.61491530499293,0.2,3
22,4,A4_Q3,0,2,39.27231575451474,0.2,3
22,4,A4_Q4,0,2,58.800913541474515,0.2,3
22,5,A5_Q1,0,2,38.14389718918192,0.2,3
22,5,A5_Q2,0,2,38.283766320619485,0.2,3
22,5,A5_Q3,1,1,33.23800127605945,0.0,3
22,5,A5_Q4,1,1,27.085100210065097,0.0,3
23,1,A1_Q1,0,2,63.044970883616095,0.2,3
23,1,A1_Q2,1,1,32.682168082776954,0.0,3
23,1,A1_Q3,1,1,22.863834442592363,0.0,3
23,1,A1_Q4,1,1,47.16765480314387,0.0,3
23,2,A2_Q1,1,1,45.37611560074041,0.0,3
23,2,A2_Q2,1,1,34.33144769231909,0.0,3
23,2,A2_Q3,1,1,27.00490861827792,0.0,3
23,2,A2_Q4,1,1,49.51034298020019,0.0,3
23,3,A3_Q1,1,1,24.10021409585556,0.0,3
23,3,A3_Q2,1,1,35.87762985283748,0.0,3
23,3,A3_Q3,1,1,31.151517990245836,0.0,3
23,3,A3_Q4,1,1,44.045433740108756,0.0,3
23,4,A4_Q1,0,2,52.072116830123825,0.2,3
23,4,A4_Q2,1,1,39.702988872600606,0.0,3
23,4,A4_Q3,0,2,55.894367093604345,0.2,3
23,4,A4_Q4,1,1,26.78376863954037,0.0,3
23,5,A5_Q1,0,2,38.76129803989879,0.2,3
23,5,A5_Q2,1,1,24.632614597584904,0.0,3
23,5,A5_Q3,0,2,36.05436767586216,0.2,3
23,5,A5_Q4,0,2,20.448749742777142,0.2,3
24,1,A1_Q1,0,5,9.200343423944652,0.14665397407707606,1
24,1,A1_Q2,0,3,9.210170070062233,0.04306270861181786,1
24,1,A1_Q3,0,3,8.361769801672132,0.028170214736825516,1
24,1,A1_Q4,1,2,13.742094061600358,0.07659195741852955,1
24,2,A2_Q1,0,4,7.919616960093009,0.26067149534361544,1
24,2,A2_Q2,1,2,8.202495607625027,0.2756033390980513,1
24,2,A2_Q3,1,2,8.423109967467692,0.19536989311244762,1
24,2,A2_Q4,1,2,5.7371724499419265,0.09543346608543585,1
24,3,A3_Q1,0,5,8.61857294608798,0.26355466839040437,1
24,3,A3_Q2,0,4,5.198833241779332,0.2704126948765333,1
24,3,A3_Q3,1,1,10.258627032841911,0.03606271661118253,1
24,3,A3_Q4,0,4,8.046737142744403,0.11885180748277661,1
24,4,A4_Q1,0,3,12.657685446468925,0.16370606654864203,1
24,4,A4_Q2,0,4,7.89589003991033,0.19277279068415687,1
24,4,A4_Q3,0,4,12.86128893531222,0.14375456328891928,1
24,4,A4_Q4,0,5,3.063803759129325,0.11830959714550505,1
24,5,A5_Q1,1,1,8.975400945895315,0.005469774802908489,1
24,5,A5_Q2,0,5,8.843574271908128,0.11402235268116158,1
24,5,A5_Q3,0,4,3.771466047580417,0.14576152775589768,1
24,5,A5_Q4,0,5,5.047182874122489,0.15967806400171206,1
25,1,A1_Q1,0,3,10.822313563964649,0.1567443121548355,1
25,1,A1_Q2,0,3,9.540622124490541,0.17019366588867105,1
25,1,A1_Q3,0,3,7.774567499569949,0.1899454126782067,1
25,1,A1_Q4,1,2,9.629894087109165,0.17806157073694415,1
25,2,A2_Q1,0,3,11.482047487091375,0.2519583908600161,1
25,2,A2_Q2,0,3,10.254127961227837,0.09061815055043851,1
25,2,A2_Q3,0,3,9.372627908594241,0.028660594150400454,1
25,2,A2_Q4,0,5,14.435447383320165,0.07057067544059543,1
25,3,A3_Q1,0,4,11.27981271637979,0.007091575813900918,1
25,3,A3_Q2,0,4,12.870189686897136,0.07706515429371444,1
25,3,A3_Q3,0,5,8.490720006765963,0.1791140750687075,1
25,3,A3_Q4,0,3,13.689483149388685,0.20773084539731088,1
25,4,A4_Q1,0,5,6.39755495093571,0.23178681823481476,1
25,4,A4_Q2,0,3,4.070068525152819,0.09701146863465622,1
25,4,A4_Q3,0,3,4.32817919971323,0.2495589339754266,1
25,4,A4_Q4,0,4,8.616285788814407,0.1778435974960268,1
25,5,A5_Q1,0,4,10.198925537784444,0.20084608655945704,1
25,5,A5_Q2,0,4,9.257057028098135,0.16868904476337293,1
25,5,A5_Q3,0,4,9.888240754660362,0.12680673401885686,1
25,5,A5_Q4,0,5,6.502108281284008,0.04572480399912523,1
26,1,A1_Q1,1,1,22.467017756614425,0.0,4
26,1,A1_Q2,1,1,37.893156118546,0.0,4
26,1,A1_Q3,0,2,16.56840462175442,0.1,4
26,1,A1_Q4,1,1,31.554273307429366,0.0,4
26,2,A2_Q1,1,1,54.65733955419929,0.0,4
26,2,A2_Q2,1,1,27.091939198559622,0.0,4
26,2,A2_Q3,1,1,25.921769139314556,0.0,4
26,2,A2_Q4,1,1,17.796826227842246,0.0,4
26,3,A3_Q1,0,2,20.966653334763667,0.1,4
26,3,A3_Q2,0,2,22.24505481709468,0.1,4
26,3,A3_Q3,1,1,24.69492377061843,0.0,4
26,3,A3_Q4,1,1,10.060691637319643,0.0,4
26,4,A4_Q1,1,1,42.1833731558538,0.0,4
26,4,A4_Q2,1,1,51.91907354744416,0.0,4
26,4,A4_Q3,1,1,36.80657939531544,0.0,4
26,4,A4_Q4,1,1,22.96937101998856,0.0,4
26,5,A5_Q1,0,2,17.829449102520098,0.1,4
26,5,A5_Q2,0,2,23.56135744752939,0.1,4
26,5,A5_Q3,1,1,31.20225633434213,0.0,4
26,5,A5_Q4,1,1,10.308527140264523,0.0,4
27,1,A1_Q1,0,2,44.30376143008485,0.9475602302246704,0
27,1,A1_Q2,0,3,47.6163650546725,0.8297493634990396,0
27,1,A1_Q3,0,3,34.39258908925852,0.9554345912653797,0
27,1,A1_Q4,1,1,36.326212997842696,0.0,0
27,2,A2_Q1,0,4,36.539493802067824,0.7184048881332004,0
27,2,A2_Q2,1,1,27.865571290697922,0.0,0
27,2,A2_Q3,0,2,17.561827029168736,0.8291011532526763,0
27,2,A2_Q4,1,1,38.82104782240879,0.0,0
27,3,A3_Q1,0,2,31.5931735258009,0.8528266384449369,0
27,3,A3_Q2,0,3,53.686528738887496,0.8278250151671114,0
27,3,A3_Q3,0,3,36.62851897160975,0.9482613686700623,0
27,3,A3_Q4,1,1,38.78643509726043,0.0,0
27,4,A4_Q1,0,4,60.541614646361566,0.8746444689339916,0
27,4,A4_Q2,0,4,17.00896946656361,0.9502910097864302,0
27,4,A4_Q3,0,2,25.088406504367107,0.8643878466921079,0
27,4,A4_Q4,0,4,34.156050897118114,0.8955131943732905,0
27,5,A5_Q1,0,2,26.877694298858216,0.9355049631511171,0
27,5,A5_Q2,0,2,44.37174884817709,0.9828493424239786,0
27,5,A5_Q3,0,2,44.87765194793596,0.7759175298402353,0
27,5,A5_Q4,0,4,3.524296431067782,0.8350373297259279,0
28,1,A1_Q1,1,1,29.026918112279734,0.0,0
28,1,A1_Q2,0,2,40.940280953303095,0.8329819262330854,0
28,1,A1_Q3,0,4,58.4162838972895,0.7036325425704661,0
28,1,A1_Q4,0,4,25.425789422340227,0.9826946169019579,0
28,2,A2_Q1,0,2,57.91797811759666,0.8980908159104014,0
28,2,A2_Q2,1,1,22.182874793880313,0.0,0
28,2,A2_Q3,1,1,38.79592587986366,0.0,0
28,2,A2_Q4,0,3,59.66738329477158,0.7031283098192209,0
28,3,A3_Q1,1,1,21.386162976432562,0.0,0
28,3,A3_Q2,0,4,30.347226544297854,0.9939910988076552,0
28,3,A3_Q3,0,2,40.614801846639125,0.884949918068525,0
28,3,A3_Q4,1,1,38.29473929231466,0.0,0
28,4,A4_Q1,0,3,43.02550839874821,0.8318214969083356,0
28,4,A4_Q2,1,1,35.794425728672614,0.0,0
28,4,A4_Q3,1,1,31.476993252267768,0.0,0
28,4,A4_Q4,0,4,37.531553934871084,0.901436480468393,0
28,5,A5_Q1,1,1,37.46187407314403,0.0,0
28,5,A5_Q2,0,2,36.2696331072468,0.9525995658670184,0
28,5,A5_Q3,0,4,56.87197966889788,0.7807993894906075,0
28,5,A5_Q4,0,2,38.58442374946928,0.9177939729955886,0
29,1,A1_Q1,1,1,29.141067502822082,0.0,2
29,1,A1_Q2,1,1,18.039027681756203,0.0,2
29,1,A1_Q3,0,3,56.17666025197928,0.5180695380917546,2
29,1,A1_Q4,0,3,32.823224540938114,0.43031387431753476,2
29,2,A2_Q1,1,1,32.43964321279244,0.0,2
29,2,A2_Q2,1,1,31.62669998997532,0.0,2
29,2,A2_Q3,0,2,37.55243610018394,0.492311494883958,2
29,2,A2_Q4,0,3,61.93287667067425,0.5762901559350042,2
29,3,A3_Q1,1,1,37.69531469050999,0.0,2
29,3,A3_Q2,1,1,21.444886420217465,0.0,2
29,3,A3_Q3,0,3,38.389531003905546,0.5110169898604573,2
29,3,A3_Q4,0,3,58.662410693543876,0.537576821975983,2
29,4,A4_Q1,1,1,41.87044111718976,0.0,2
29,4,A4_Q2,1,1,36.86566006151563,0.0,2
29,4,A4_Q3,0,3,21.00286869038188,0.42977761006648896,2
29,4,A4_Q4,0,2,54.63025478591143,0.42494281138227813,2
29,5,A5_Q1,1,1,1.0,0.0,2
29,5,A5_Q2,1,1,45.637356160497994,0.0,2
29,5,A5_Q3,0,3,54.49369451503772,0.47830513963556587,2
29,5,A5_Q4,0,2,41.67611994539719,0.4804654249373112,2
30,1,A1_Q1,0,2,42.80259696597123,0.2,3
30,1,A1_Q2,0,2,44.80024571280097,0.2,3
30,1,A1_Q3,0,2,41.936465392286905,0.2,3
30,1,A1_Q4,1,1,30.655938456831787,0.0,3
30,2,A2_Q1,0,2,48.858843830843256,0.2,3
30,2,A2_Q2,0,2,40.06240057639544,0.2,3
30,2,A2_Q3,0,2,41.969070556053076,0.2,3
30,2,A2_Q4,1,1,23.616561398569978,0.0,3
30,3,A3_Q1,0,2,52.730999415388716,0.2,3
30,3,A3_Q2,1,1,38.82215782466808,0.0,3
30,3,A3_Q3,1,1,34.556896686672516,0.0,3
30,3,A3_Q4,1,1,19.182971604195984,0.0,3
30,4,A4_Q1,0,2,53.757158624009804,0.2,3
30,4,A4_Q2,0,2,31.233084593619182,0.2,3
30,4,A4_Q3,0,2,36.44669485610741,0.2,3
30,4,A4_Q4,0,2,52.348935034743384,0.2,3
30,5,A5_Q1,1,1,25.885790273406297,0.0,3
30,5,A5_Q2,1,1,35.28748845799661,0.0,3
30,5,A5_Q3,0,2,37.00501666836513,0.2,3
30,5,A5_Q4,1,1,39.092161664531275,0.0,3
31,1,A1_Q1,1,2,6.1933638189146585,0.18306754484329238,1
31,1,A1_Q2,0,5,7.838766473092624,0.004020787929649682,1
31,1,A1_Q3,0,4,5.070874186149885,0.07409363972159995,1
31,1,A1_Q4,1,2,7.800414447343902,0.12866606365831157,1
31,2,A2_Q1,1,2,7.935898116954691,0.01008408005498479,1
31,2,A2_Q2,0,4,2.156340088209584,0.0945568563292077,1
31,2,A2_Q3,1,2,8.74123213341891,0.16805045503855257,1
31,2,A2_Q4,1,2,9.462079409571151,0.1873276339415184,1
31,3,A3_Q1,0,3,10.38279403886548,0.05942928982792203,1
31,3,A3_Q2,0,5,8.921193549710729,0.29020685333648255,1
31,3,A3_Q3,0,3,6.719728649352938,0.0752899984020894,1
31,3,A3_Q4,1,1,9.123308977863719,0.06822284875841368,1
31,4,A4_Q1,0,5,8.529324665831675,0.16306146520279383,1
31,4,A4_Q2,0,4,7.290073443406862,0.04228788825653078,1
31,4,A4_Q3,0,3,6.654859342838353,0.12352966247535255,1
31,4,A4_Q4,0,4,10.83347291717359,0.0335807781064591,1
31,5,A5_Q1,0,5,6.062107462626394,0.049411906029688764,1
31,5,A5_Q2,0,4,9.072872777971682,0.04848594338576143,1
31,5,A5_Q3,0,3,8.95241580419327,0.2316037428929971,1
31,5,A5_Q4,0,3,7.194595189125064,0.08472926960595352,1
32,1,A1_Q1,0,5,6.72092721138337,0.23268355527759824,1
32,1,A1_Q2,1,2,11.811893181974671,0.08293250717501882,1
32,1,A1_Q3,0,3,10.296170642511301,0.15990866017384198,1
32,1,A1_Q4,0,4,6.069350503047614,0.2571537770996259,1
32,2,A2_Q1,1,2,8.08196828259252,0.1794337888107054,1
32,2,A2_Q2,0,3,10.345397933938735,0.0939485984451847,1
32,2,A2_Q3,1,2,8.072658370018274,0.29013798457775114,1
32,2,A2_Q4,0,5,9.10256690752811,0.09690335951586415,1
32,3,A3_Q1,1,2,4.432966152859897,0.003782255992727712,1
32,3,A3_Q2,0,3,6.428010279633931,0.29203721699285196,1
32,3,A3_Q3,0,3,8.505382928808842,0.21307283958699344,1
32,3,A3_Q4,0,5,8.830127131714953,0.09421823849781959,1
32,4,A4_Q1,0,4,6.504912823422661,0.05212847794072314,1
32,4,A4_Q2,1,2,8.73089750002212,0.12603561835431748,1
32,4,A4_Q3,1,1,12.846127068408325,0.19534427546450223,1
32,4,A4_Q4,0,4,10.387109425099226,0.25312119792201726,1
32,5,A5_Q1,0,3,9.117303940946638,0.09753120462950969,1
32,5,A5_Q2,0,5,8.849863614638426,0.06815386710705447,1
32,5,A5_Q3,1,1,7.327234523727291,0.2599159542754026,1
32,5,A5_Q4,0,5,11.086047832089175,0.2814914455345448,1
33,1,A1_Q1,0,2,53.592572249998405,0.2,3
33,1,A1_Q2,1,1,33.46177745832742,0.0,3
33,1,A1_Q3,1,1,26.206700801616712,0.0,3
33,1,A1_Q4,1,1,18.613320615290867,0.0,3
33,2,A2_Q1,1,1,20.48149525325376,0.0,3
33,2,A2_Q2,0,2,41.22349138665443,0.2,3
33,2,A2_Q3,1,1,29.836012237442116,0.0,3
33,2,A2_Q4,0,2,38.03580207077397,0.2,3
33,3,A3_Q1,0,2,53.847510547633135,0.2,3
33,3,A3_Q2,0,2,46.54315831633586,0.2,3
33,3,A3_Q3,0,2,67.34478901349308,0.2,3
33,3,A3_Q4,1,1,15.283085573293118,0.0,3
33,4,A4_Q1,1,1,27.378262971361593,0.0,3
33,4,A4_Q2,0,2,50.283030346669186,0.2,3
33,4,A4_Q3,1,1,36.55610398252892,0.0,3
33,4,A4_Q4,0,2,41.4289763019226,0.2,3
33,5,A5_Q1,1,1,37.94383417979177,0.0,3
33,5,A5_Q2,1,1,42.38632048041121,0.0,3
33,5,A5_Q3,1,1,31.147106181639682,0.0,3
33,5,A5_Q4,0,2,38.15481787783031,0.2,3
34,1,A1_Q1,1,1,33.47530376158075,0.0,4
34,1,A1_Q2,1,1,41.63508767954987,0.0,4
34,1,A1_Q3,0,2,23.209652674807757,0.1,4
34,1,A1_Q4,1,1,31.895816165987434,0.0,4
34,2,A2_Q1,1,1,40.01046092567141,0.0,4
34,2,A2_Q2,1,1,23.459243168725763,0.0,4
34,2,A2_Q3,1,1,11.693671031435432,0.0,4
34,2,A2_Q4,1,1,28.625514853723082,0.0,4
34,3,A3_Q1,1,1,39.528745472029385,0.0,4
34,3,A3_Q2,1,1,46.39964529371393,0.0,4
34,3,A3_Q3,1,1,37.42127491071892,0.0,4
34,3,A3_Q4,1,1,27.539375118700512,0.0,4
34,4,A4_Q1,1,1,21.567534046838084,0.0,4
34,4,A4_Q2,1,1,31.232048067844858,0.0,4
34,4,A4_Q3,1,1,35.51485376040468,0.0,4
34,4,A4_Q4,1,1,23.77350638265548,0.0,4
34,5,A5_Q1,1,1,31.946074552372426,0.0,4
34,5,A5_Q2,1,1,23.882309090947146,0.0,4
34,5,A5_Q3,1,1,29.62963202951588,0.0,4
34,5,A5_Q4,1,1,15.936825363281661,0.0,4
35,1,A1_Q1,1,1,29.168944273713052,0.0,4
35,1,A1_Q2,1,1,41.590152448971565,0.0,4
35,1,A1_Q3,0,2,17.575164812505143,0.1,4
35,1,A1_Q4,1,1,37.75445470763093,0.0,4
35,2,A2_Q1,1,1,15.492880822565237,0.0,4
35,2,A2_Q2,1,1,26.83246670601482,0.0,4
35,2,A2_Q3,1,1,38.29324823928159,0.0,4
35,2,A2_Q4,0,2,25.191197964328786,0.1,4
35,3,A3_Q1,1,1,30.863675670734235,0.0,4
35,3,A3_Q2,0,2,17.048622583201087,0.1,4
35,3,A3_Q3,1,1,26.30431147146219,0.0,4
35,3,A3_Q4,0,2,14.090285745362396,0.1,4
35,4,A4_Q1,1,1,38.35494277920761,0.0,4
35,4,A4_Q2,0,2,15.105223769463649,0.1,4
35,4,A4_Q3,1,1,36.87863327187018,0.0,4
35,4,A4_Q4,1,1,34.19665522598069,0.0,4
35,5,A5_Q1,1,1,26.230048408329637,0.0,4
35,5,A5_Q2,0,2,16.648749891368812,0.1,4
35,5,A5_Q3,1,1,32.67406982355464,0.0,4
35,5,A5_Q4,1,1,39.1974761432799,0.0,4
36,1,A1_Q1,1,1,31.1391962810077,0.0,2
36,1,A1_Q2,1,1,31.686546719667277,0.0,2
36,1,A1_Q3,0,2,66.17971030065952,0.5197384804638194,2
36,1,A1_Q4,0,3,64.16428846513114,0.5225146936689639,2
36,2,A2_Q1,1,1,32.332161312635016,0.0,2
36,2,A2_Q2,1,1,33.81538562589331,0.0,2
36,2,A2_Q3,0,2,54.19824179283739,0.5658035465090983,2
36,2,A2_Q4,0,3,16.058052300274966,0.4972000987595206,2
36,3,A3_Q1,1,1,23.544305713515246,0.0,2
36,3,A3_Q2,1,1,24.512750922590385,0.0,2
36,3,A3_Q3,0,2,38.59708241433929,0.4933215569394432,2
36,3,A3_Q4,0,3,69.38914401053474,0.538498565333845,2
36,4,A4_Q1,1,1,34.27194361871685,0.0,2
36,4,A4_Q2,1,1,48.40217134841991,0.0,2
36,4,A4_Q3,0,2,72.36031309152281,0.5180571085906319,2
36,4,A4_Q4,0,3,60.5613673549247,0.5715124675322567,2
36,5,A5_Q1,1,1,34.88691952709218,0.0,2
36,5,A5_Q2,1,1,28.65691258529452,0.0,2
36,5,A5_Q3,0,3,44.55144597511418,0.47859484506905825,2
36,5,A5_Q4,0,3,28.180671395696034,0.4861058676924415,2
37,1,A1_Q1,0,2,43.45534481132024,0.2,3
37,1,A1_Q2,0,2,57.73640332151646,0.2,3
37,1,A1_Q3,0,2,57.221233023730534,0.2,3
37,1,A1_Q4,0,2,35.618226245722944,0.2,3
37,2,A2_Q1,1,1,31.41861055207499,0.0,3
37,2,A2_Q2,1,1,30.2795145524446,0.0,3
37,2,A2_Q3,1,1,34.181870784677486,0.0,3
37,2,A2_Q4,1,1,12.327026468894239,0.0,3
37,3,A3_Q1,1,1,15.49026737558912,0.0,3
37,3,A3_Q2,0,2,44.64004588022758,0.2,3
37,3,A3_Q3,1,1,15.962433549474168,0.0,3
37,3,A3_Q4,1,1,15.468348537457224,0.0,3
37,4,A4_Q1,1,1,30.143232582106,0.0,3
37,4,A4_Q2,0,2,44.816965159785106,0.2,3
37,4,A4_Q3,0,2,39.8375791299084,0.2,3
37,4,A4_Q4,0,2,55.62234330349603,0.2,3
37,5,A5_Q1,0,2,45.304955047535984,0.2,3
37,5,A5_Q2,0,2,51.3490780411372,0.2,3
37,5,A5_Q3,0,2,47.93262103246797,0.2,3
37,5,A5_Q4,0,2,48.24399971787911,0.2,3
38,1,A1_Q1,0,2,47.91861762000015,0.2,3
38,1,A1_Q2,0,2,32.70450405547583,0.2,3
38,1,A1_Q3,1,1,34.966992232365214,0.0,3
38,1,A1_Q4,0,2,39.322942157813145,0.2,3
38,2,A2_Q1,0,2,49.676931717654334,0.2,3
38,2,A2_Q2,0,2,47.801213889694495,0.2,3
38,2,A2_Q3,0,2,41.30389663956366,0.2,3
38,2,A2_Q4,0,2,33.27408391147257,0.2,3
38,3,A3_Q1,0,2,44.48606276411514,0.2,3
38,3,A3_Q2,1,1,15.519436279593105,0.0,3
38,3,A3_Q3,0,2,47.40471249330207,0.2,3
38,3,A3_Q4,1,1,5.802547525882375,0.0,3
38,4,A4_Q1,0,2,47.2323891412916,0.2,3
38,4,A4_Q2,0,2,41.63102174416509,0.2,3
38,4,A4_Q3,1,1,35.55604466003449,0.0,3
38,4,A4_Q4,1,1,30.89580681255249,0.0,3
38,5,A5_Q1,0,2,56.337700968670646,0.2,3
38,5,A5_Q2,0,2,55.035665601832854,0.2,3
38,5,A5_Q3,1,1,36.55900776529761,0.0,3
38,5,A5_Q4,1,1,31.947361947187748,0.0,3
39,1,A1_Q1,1,1,30.790000836110625,0.0,4
39,1,A1_Q2,1,1,40.79543620811641,0.0,4
39,1,A1_Q3,1,1,24.7172102659802,0.0,4
39,1,A1_Q4,1,1,40.14104931279712,0.0,4
39,2,A2_Q1,1,1,28.76271663732827,0.0,4
39,2,A2_Q2,1,1,26.435283626316696,0.0,4
39,2,A2_Q3,0,2,22.429811414636355,0.1,4
39,2,A2_Q4,1,1,23.807635350205587,0.0,4
39,3,A3_Q1,1,1,33.13118829747264,0.0,4
39,3,A3_Q2,1,1,39.61854356204938,0.0,4
39,3,A3_Q3,1,1,18.72576943853492,0.0,4
39,3,A3_Q4,1,1,51.09444594642459,0.0,4
39,4,A4_Q1,1,1,37.846003184367085,0.0,4
39,4,A4_Q2,1,1,33.906131777293616,0.0,4
39,4,A4_Q3,0,2,19.31776268322914,0.1,4
39,4,A4_Q4,1,1,13.82166094441678,0.0,4
39,5,A5_Q1,1,1,39.81314127998781,0.0,4
39,5,A5_Q2,0,2,12.036994578281957,0.1,4
39,5,A5_Q3,1,1,22.424502887607183,0.0,4
39,5,A5_Q4,1,1,41.50296026301393,0.0,4
40,1,A1_Q1,1,1,32.79842660997608,0.0,4
40,1,A1_Q2,1,1,44.812385485888036,0.0,4
40,1,A1_Q3,1,1,25.21422555378533,0.0,4
40,1,A1_Q4,0,2,25.449177682252166,0.1,4
40,2,A2_Q1,1,1,50.52166148009324,0.0,4
40,2,A2_Q2,1,1,38.181871361059066,0.0,4
40,2,A2_Q3,1,1,22.33013389864278,0.0,4
40,2,A2_Q4,1,1,19.658988105430694,0.0,4
40,3,A3_Q1,1,1,23.045307686783865,0.0,4
40,3,A3_Q2,0,2,22.781087894987515,0.1,4
40,3,A3_Q3,1,1,38.1223978093922,0.0,4
40,3,A3_Q4,1,1,21.297324498190264,0.0,4
40,4,A4_Q1,1,1,27.862878480041186,0.0,4
40,4,A4_Q2,0,2,27.980398677665743,0.1,4
40,4,A4_Q3,1,1,20.329317565279293,0.0,4
40,4,A4_Q4,0,2,19.15275381258316,0.1,4
40,5,A5_Q1,1,1,31.495974780735537,0.0,4
40,5,A5_Q2,0,2,25.299702780295753,0.1,4
40,5,A5_Q3,1,1,28.876461085296192,0.0,4
40,5,A5_Q4,0,2,16.253965211428703,0.1,4
41,1,A1_Q1,1,1,9.56673104374403,0.19991562407346194,1
41,1,A1_Q2,1,2,9.146764817434757,0.2831946916089629,1
41,1,A1_Q3,0,5,7.98947602397438,0.11553603597075002,1
41,1,A1_Q4,1,1,3.6755538151706677,0.11061215125943856,1
41,2,A2_Q1,0,5,6.64025477293096,0.24665396604492698,1
41,2,A2_Q2,1,2,10.80135173861703,0.21914890828763706,1
41,2,A2_Q3,0,3,10.018658648952353,0.03771728069766787,1
41,2,A2_Q4,1,2,4.431764321398017,0.21396206498478532,1
41,3,A3_Q1,0,3,5.364551490355789,0.017427585624104933,1
41,3,A3_Q2,0,4,5.222542450557262,0.20641333315080415,1
41,3,A3_Q3,0,4,7.314200253979944,0.147859375334234,1
41,3,A3_Q4,0,3,7.235300465394623,0.2174569497945051,1
41,4,A4_Q1,1,2,14.053723891499716,0.09355915737506496,1
41,4,A4_Q2,1,1,6.674095408237373,0.2571388679568847,1
41,4,A4_Q3,0,4,10.01858370790046,0.03606216873617287,1
41,4,A4_Q4,0,3,11.732161687586558,0.06697901565155889,1
41,5,A5_Q1,0,5,9.773064669679629,0.26377653445391536,1
41,5,A5_Q2,0,5,9.113638604170491,0.0873432743355537,1
41,5,A5_Q3,0,5,6.812513657805013,0.06847060904810973,1
41,5,A5_Q4,0,3,7.472436786703787,0.017353334834148183,1
42,1,A1_Q1,0,4,10.520029480236822,0.23307840309816763,1
42,1,A1_Q2,0,4,6.874410859028189,0.18672409246979899,1
42,1,A1_Q3,1,1,10.7103471082733,0.04916430713414466,1
42,1,A1_Q4,0,3,9.915553581783456,0.08715135170142611,1
42,2,A2_Q1,0,5,8.496976830705597,0.20702896747135302,1
42,2,A2_Q2,1,2,5.494571295109931,0.04028245527068266,1
42,2,A2_Q3,1,1,5.9031486816091965,0.28472135889445316,1
42,2,A2_Q4,1,2,10.524585026119277,0.13789946112079837,1
42,3,A3_Q1,0,3,14.86684246913962,0.25918847422050306,1
42,3,A3_Q2,0,3,6.712266739104015,0.2881880926539599,1
42,3,A3_Q3,0,5,1.0,0.28590600635366975,1
42,3,A3_Q4,0,5,10.469686635040468,0.0528286413991784,1
42,4,A4_Q1,0,4,9.277661618579106,0.22719306214033164,1
42,4,A4_Q2,0,4,5.115534891033387,0.1921845550646662,1
42,4,A4_Q3,0,5,8.91804319405369,0.25062234925263777,1
42,4,A4_Q4,1,2,4.248776798090848,0.09650099689786458,1
42,5,A5_Q1,1,2,6.177420972960571,0.0737422317918459,1
42,5,A5_Q2,0,3,7.97839986262899,0.15381607434378844,1
42,5,A5_Q3,0,5,12.258809013540912,0.2755279296436226,1
42,5,A5_Q4,1,1,10.348511494213676,0.2977326868124337,1
43,1,A1_Q1,1,1,15.602257868899157,0.0,4
43,1,A1_Q2,1,1,17.888280707192187,0.0,4
43,1,A1_Q3,0,2,20.071365339182172,0.1,4
43,1,A1_Q4,1,1,20.460605806033552,0.0,4
43,2,A2_Q1,1,1,32.139038682014814,0.0,4
43,2,A2_Q2,0,2,12.298761839844616,0.1,4
43,2,A2_Q3,1,1,49.833862348517115,0.0,4
43,2,A2_Q4,1,1,46.17212574968624,0.0,4
43,3,A3_Q1,1,1,31.043559375232128,0.0,4
43,3,A3_Q2,1,1,28.108796092229664,0.0,4
43,3,A3_Q3,1,1,39.2165011192446,0.0,4
43,3,A3_Q4,1,1,15.48824309948441,0.0,4
43,4,A4_Q1,1,1,29.879110521539456,0.0,4
43,4,A4_Q2,1,1,38.868873900973,0.0,4
43,4,A4_Q3,1,1,25.792382063189468,0.0,4
43,4,A4_Q4,0,2,20.99474073398247,0.1,4
43,5,A5_Q1,1,1,25.214327579838862,0.0,4
43,5,A5_Q2,1,1,39.5772765366201,0.0,4
43,5,A5_Q3,0,2,22.11327532750802,0.1,4
43,5,A5_Q4,1,1,12.214124159934833,0.0,4
44,1,A1_Q1,1,1,33.19651825918977,0.0,4
44,1,A1_Q2,1,1,54.2240553878994,0.0,4
44,1,A1_Q3,1,1,38.57774606995162,0.0,4
44,1,A1_Q4,1,1,21.335793885514455,0.0,4
44,2,A2_Q1,1,1,36.45615474169737,0.0,4
44,2,A2_Q2,1,1,39.94981668792354,0.0,4
44,2,A2_Q3,1,1,28.374738718701003,0.0,4
44,2,A2_Q4,1,1,41.06990412978503,0.0,4
44,3,A3_Q1,1,1,20.927399532388776,0.0,4
44,3,A3_Q2,0,2,26.98424100906664,0.1,4
44,3,A3_Q3,1,1,24.293286513866747,0.0,4
44,3,A3_Q4,1,1,37.34218218708196,0.0,4
44,4,A4_Q1,1,1,16.2327029749637,0.0,4
44,4,A4_Q2,1,1,25.357789025667742,0.0,4
44,4,A4_Q3,1,1,26.465045537983134,0.0,4
44,4,A4_Q4,1,1,19.618308529130662,0.0,4
44,5,A5_Q1,1,1,12.516183438591352,0.0,4
44,5,A5_Q2,1,1,31.33093735136784,0.0,4
44,5,A5_Q3,1,1,34.75366034347212,0.0,4
44,5,A5_Q4,1,1,28.536576463451638,0.0,4
45,1,A1_Q1,1,1,49.95667489783965,0.0,4
45,1,A1_Q2,0,2,22.672528242402752,0.1,4
45,1,A1_Q3,1,1,38.87655425873836,0.0,4
45,1,A1_Q4,1,1,38.16072843393848,0.0,4
45,2,A2_Q1,1,1,29.25789021450609,0.0,4
45,2,A2_Q2,0,2,23.382990083079235,0.1,4
45,2,A2_Q3,1,1,24.416982460539693,0.0,4
45,2,A2_Q4,0,2,22.19750615310113,0.1,4
45,3,A3_Q1,1,1,37.78936503512114,0.0,4
45,3,A3_Q2,1,1,36.336115405758314,0.0,4
45,3,A3_Q3,1,1,30.879688210528304,0.0,4
45,3,A3_Q4,1,1,34.54183167189838,0.0,4
45,4,A4_Q1,1,1,24.652667524404084,0.0,4
45,4,A4_Q2,1,1,29.39711008608388,0.0,4
45,4,A4_Q3,1,1,34.54795169642381,0.0,4
45,4,A4_Q4,0,2,26.598222472386496,0.1,4
45,5,A5_Q1,1,1,30.070631586281763,0.0,4
45,5,A5_Q2,0,2,22.460094239963997,0.1,4
45,5,A5_Q3,1,1,24.739651573324196,0.0,4
45,5,A5_Q4,0,2,18.60063456916989,0.1,4
46,1,A1_Q1,0,2,55.14918982455158,0.2,3
46,1,A1_Q2,1,1,22.179761348925606,0.0,3
46,1,A1_Q3,0,2,31.54515163747778,0.2,3
46,1,A1_Q4,1,1,36.820595085768005,0.0,3
46,2,A2_Q1,1,1,17.731244654862106,0.0,3
46,2,A2_Q2,0,2,55.090652960473285,0.2,3
46,2,A2_Q3,0,2,37.714549776799934,0.2,3
46,2,A2_Q4,1,1,17.219415208821985,0.0,3
46,3,A3_Q1,1,1,42.375720474841174,0.0,3
46,3,A3_Q2,1,1,18.391295402784863,0.0,3
46,3,A3_Q3,0,2,44.59481649964208,0.2,3
46,3,A3_Q4,0,2,48.40059366860802,0.2,3
46,4,A4_Q1,0,2,58.35655897144562,0.2,3
46,4,A4_Q2,0,2,43.31906534034756,0.2,3
46,4,A4_Q3,0,2,42.327438855769735,0.2,3
46,4,A4_Q4,0,2,35.6067326213406,0.2,3
46,5,A5_Q1,0,2,47.393308003974816,0.2,3
46,5,A5_Q2,1,1,30.962607764033823,0.0,3
46,5,A5_Q3,0,2,62.05642942525445,0.2,3
46,5,A5_Q4,0,2,63.717478186939246,0.2,3
47,1,A1_Q1,0,3,13.297127799351209,0.13740666350047762,1
47,1,A1_Q2,0,4,11.569734191723503,0.1830022251238457,1
47,1,A1_Q3,0,5,11.052984400530507,0.28402011867701865,1
47,1,A1_Q4,0,4,4.111929139245824,0.28171712879015615,1
47,2,A2_Q1,0,4,3.6664479889931805,0.015146683323722376,1
47,2,A2_Q2,0,3,3.4066774923328333,0.1350762738428671,1
47,2,A2_Q3,1,2,10.273716188333037,0.22182246894939353,1
47,2,A2_Q4,0,4,5.406826787257458,0.2245153049028694,1
47,3,A3_Q1,1,2,8.782667194046292,0.1538179182785328,1
47,3,A3_Q2,0,5,13.248751712616261,0.19130647406878065,1
47,3,A3_Q3,0,3,9.07754914757624,0.004123666203403575,1
47,3,A3_Q4,0,3,7.261070733899579,0.12743145912751586,1
47,4,A4_Q1,0,3,6.2598402758898715,0.28544721305303616,1
47,4,A4_Q2,1,2,7.597860250228414,0.08499142872747918,1
47,4,A4_Q3,1,1,12.251061238944878,0.2213752180062076,1
47,4,A4_Q4,0,5,6.819171687954219,0.06186522152524196,1
47,5,A5_Q1,1,1,5.642041902095053,0.2686038267459508,1
47,5,A5_Q2,0,5,14.424149355533231,0.07451508262296226,1
47,5,A5_Q3,1,2,17.78147324207427,0.04331628964010017,1
47,5,A5_Q4,1,2,6.3513285922742595,0.13317583635191335,1
48,1,A1_Q1,0,4,39.79243380858644,0.9781331886575282,0
48,1,A1_Q2,1,1,23.10272225935826,0.0,0
48,1,A1_Q3,0,2,61.65448005203221,0.9772080611277199,0
48,1,A1_Q4,0,2,24.94163381171741,0.9240329918601153,0
48,2,A2_Q1,0,2,48.196956462214935,0.7023893214236353,0
48,2,A2_Q2,0,2,51.69633244433231,0.807065792551333,0
48,2,A2_Q3,0,4,32.997953219612064,0.7648180348734299,0
48,2,A2_Q4,0,2,49.09642020535107,0.8516902460265876,0
48,3,A3_Q1,0,4,27.228903486095298,0.8046670225125471,0
48,3,A3_Q2,0,4,41.592624546197534,0.8385530443825331,0
48,3,A3_Q3,1,1,27.871917385183952,0.0,0
48,3,A3_Q4,0,4,48.33268969513372,0.7688794482261906,0
48,4,A4_Q1,1,1,20.813134885139057,0.0,0
48,4,A4_Q2,0,3,53.77681665913621,0.8624108830471806,0
48,4,A4_Q3,0,4,13.259428848279644,0.7724610525105045,0
48,4,A4_Q4,1,1,22.2034371953929,0.0,0
48,5,A5_Q1,0,4,19.33573748868644,0.7658661769689405,0
48,5,A5_Q2,0,4,8.618391555621638,0.8286833000290432,0
48,5,A5_Q3,0,3,62.34624410980872,0.7611001413318055,0
48,5,A5_Q4,0,2,44.91731759264628,0.8597512199247945,0
49,1,A1_Q1,1,1,39.2427013953783,0.0,4
49,1,A1_Q2,0,2,23.622052357167647,0.1,4
49,1,A1_Q3,1,1,19.826663432452264,0.0,4
49,1,A1_Q4,1,1,30.32401441369674,0.0,4
49,2,A2_Q1,0,2,26.671751629746495,0.1,4
49,2,A2_Q2,0,2,28.546930332788513,0.1,4
49,2,A2_Q3,0,2,15.29677551179543,0.1,4
49,2,A2_Q4,1,1,39.154170212302745,0.0,4
49,3,A3_Q1,1,1,40.73377922316499,0.0,4
49,3,A3_Q2,1,1,27.33096445838735,0.0,4
49,3,A3_Q3,1,1,33.36749048880788,0.0,4
49,3,A3_Q4,0,2,35.609484487130224,0.1,4
49,4,A4_Q1,1,1,25.849984176648807,0.0,4
49,4,A4_Q2,1,1,4.702837893945393,0.0,4
49,4,A4_Q3,1,1,21.02953569354745,0.0,4
49,4,A4_Q4,1,1,23.26953154872988,0.0,4
49,5,A5_Q1,0,2,16.256082056779917,0.1,4
49,5,A5_Q2,1,1,33.60679175692996,0.0,4
49,5,A5_Q3,1,1,30.341319815115778,0.0,4
49,5,A5_Q4,1,1,22.491946949122593,0.0,4
50,1,A1_Q1,1,1,29.06387590716552,0.0,2
50,1,A1_Q2,1,1,15.47204104111654,0.0,2
50,1,A1_Q3,0,2,75.78793726860049,0.40167273637537143,2
50,1,A1_Q4,0,2,56.31471797754714,0.47464823127584677,2
50,2,A2_Q1,1,1,33.05629230458155,0.0,2
50,2,A2_Q2,1,1,22.368756117323418,0.0,2
50,2,A2_Q3,0,3,35.31652402443008,0.5533030099065169,2
50,2,A2_Q4,0,3,74.1310387247355,0.47004059821814603,2
50,3,A3_Q1,1,1,57.50107199580755,0.0,2
50,3,A3_Q2,1,1,41.26296559324147,0.0,2
50,3,A3_Q3,0,2,71.48494467889321,0.5484506374398175,2
50,3,A3_Q4,0,2,25.370625028115832,0.47815103046592744,2
50,4,A4_Q1,1,1,43.07484189543345,0.0,2
50,4,A4_Q2,1,1,25.116201787369985,0.0,2
50,4,A4_Q3,0,2,83.99914749152761,0.577825584788002,2
50,4,A4_Q4,0,2,81.78328838495852,0.461380902638914,2
50,5,A5_Q1,1,1,32.56257792042935,0.0,2
50,5,A5_Q2,1,1,46.4053357089237,0.0,2
50,5,A5_Q3,0,3,37.39375041494037,0.4483001255985667,2
50,5,A5_Q4,0,2,68.85137097072378,0.5115854890301401,2
51,1,A1_Q1,0,4,9.69706123900817,0.12932605878698683,1
51,1,A1_Q2,0,3,8.294930576714307,0.19091228446001232,1
51,1,A1_Q3,0,3,7.561890182774605,0.0835372639120719,1
51,1,A1_Q4,0,5,10.544522638000004,0.24448191856216175,1
51,2,A2_Q1,1,1,10.21791752249689,0.0451824309654822,1
51,2,A2_Q2,0,3,7.002088044947123,0.1672011508719024,1
51,2,A2_Q3,0,4,6.933528166382164,0.06031954561498354,1
51,2,A2_Q4,0,5,9.005174087252353,0.07470262083272697,1
51,3,A3_Q1,0,4,11.484196362294218,0.24199951590804492,1
51,3,A3_Q2,1,1,15.3483793968743,0.09120908173439989,1
51,3,A3_Q3,0,5,7.882078137117106,0.2351214753225709,1
51,3,A3_Q4,0,5,7.291291605506249,0.004722873898703094,1
51,4,A4_Q1,0,4,4.904796260610467,0.03979337328028595,1
51,4,A4_Q2,0,4,14.036811337102296,0.2593299740605092,1
51,4,A4_Q3,0,3,8.580708197760734,0.21990108588850601,1
51,4,A4_Q4,0,3,3.937944924504788,0.17905556306632783,1
51,5,A5_Q1,1,2,12.169866100663471,0.1899217960498539,1
51,5,A5_Q2,0,3,9.876524050493106,0.17794746571184045,1
51,5,A5_Q3,0,5,6.687175229729101,0.2590924263889848,1
51,5,A5_Q4,0,5,8.004138953023956,0.20726519296524684,1
52,1,A1_Q1,1,1,17.232270478689134,0.0,0
52,1,A1_Q2,0,4,24.670388344138058,0.7612499677504728,0
52,1,A1_Q3,0,3,31.985304965857384,0.750918528573077,0
52,1,A1_Q4,0,3,52.80963964828335,0.9057101628800932,0
52,2,A2_Q1,0,2,50.76536112159195,0.7461073128532614,0
52,2,A2_Q2,0,3,48.08197238153893,0.9221694169778529,0
52,2,A2_Q3,0,2,27.45733177769055,0.8270005432459593,0
52,2,A2_Q4,0,3,28.625768966686145,0.8977136230396697,0
52,3,A3_Q1,0,4,34.88338146176924,0.9212278257312032,0
52,3,A3_Q2,0,2,30.52633406252003,0.9692097597372795,0
52,3,A3_Q3,0,4,41.12164401882953,0.9327734598421917,0
52,3,A3_Q4,0,2,27.042031511904362,0.9007925827485638,0
52,4,A4_Q1,0,3,49.84536175943936,0.7213104667132006,0
52,4,A4_Q2,0,3,29.426973192767644,0.9827150362006831,0
52,4,A4_Q3,0,2,28.434738724521253,0.9277877520755421,0
52,4,A4_Q4,1,1,29.38235800139871,0.0,0
52,5,A5_Q1,0,3,21.148579826565406,0.7061562444187975,0
52,5,A5_Q2,0,2,19.685799183467775,0.9926119831439262,0
52,5,A5_Q3,1,1,19.968879839600216,0.0,0
52,5,A5_Q4,1,1,31.99297309992064,0.0,0
53,1,A1_Q1,1,2,6.921110982642613,0.17420972536628548,1
53,1,A1_Q2,0,4,8.349314721990181,0.1325239474913121,1
53,1,A1_Q3,1,2,4.442418358609391,0.2175018228897356,1
53,1,A1_Q4,0,5,8.521883449057123,0.2295480986450299,1
53,2,A2_Q1,1,2,7.853308449577684,0.22249243555081266,1
53,2,A2_Q2,0,4,6.726653890572556,0.2579384024434937,1
53,2,A2_Q3,0,5,5.8583270377002,0.15415522037297938,1
53,2,A2_Q4,1,1,13.71240976871902,0.14688733861507344,1
53,3,A3_Q1,0,5,8.28590406162181,0.08382476525282159,1
53,3,A3_Q2,0,3,5.274049112775685,0.05485133396064513,1
53,3,A3_Q3,1,2,12.145351692355817,0.1676297833873193,1
53,3,A3_Q4,0,4,11.653877456916675,0.11021721860912113,1
53,4,A4_Q1,0,3,9.558843379543404,0.10129479059977038,1
53,4,A4_Q2,1,1,5.952827017142315,0.2622215319915555,1
53,4,A4_Q3,0,4,10.010300120375458,0.1800844381584111,1
53,4,A4_Q4,0,3,5.697736999784976,0.16630124230210344,1
53,5,A5_Q1,0,4,8.426276736861034,0.27735674061956994,1
53,5,A5_Q2,1,1,1.2853063000250842,0.2281726927365847,1
53,5,A5_Q3,0,4,8.239929484334212,0.21122498139640172,1
53,5,A5_Q4,1,2,11.514986935341652,0.051212508993744056,1
54,1,A1_Q1,1,1,26.346640469875293,0.0,4
54,1,A1_Q2,1,1,17.81892028450678,0.0,4
54,1,A1_Q3,1,1,36.53501952055862,0.0,4
54,1,A1_Q4,1,1,25.67099181214853,0.0,4
54,2,A2_Q1,1,1,33.14448917351962,0.0,4
54,2,A2_Q2,1,1,22.226099241410953,0.0,4
54,2,A2_Q3,1,1,36.93324690332601,0.0,4
54,2,A2_Q4,1,1,31.311900903438833,0.0,4
54,3,A3_Q1,0,2,24.405357868113065,0.1,4
54,3,A3_Q2,1,1,45.56000571839204,0.0,4
54,3,A3_Q3,1,1,30.991265361546372,0.0,4
54,3,A3_Q4,1,1,23.56469302295609,0.0,4
54,4,A4_Q1,0,2,20.892952586964014,0.1,4
54,4,A4_Q2,1,1,28.01359740343972,0.0,4
54,4,A4_Q3,1,1,36.329676506008084,0.0,4
54,4,A4_Q4,1,1,21.66015645800533,0.0,4
54,5,A5_Q1,1,1,28.60707988223371,0.0,4
54,5,A5_Q2,1,1,20.034072636770482,0.0,4
54,5,A5_Q3,1,1,17.676788529625593,0.0,4
54,5,A5_Q4,1,1,42.08450508018153,0.0,4
55,1,A1_Q1,0,2,48.3134164677934,0.2,3
55,1,A1_Q2,1,1,35.33400851237562,0.0,3
55,1,A1_Q3,0,2,59.72670675750982,0.2,3
55,1,A1_Q4,1,1,19.116805129709462,0.0,3
55,2,A2_Q1,1,1,17.20629504147155,0.0,3
55,2,A2_Q2,0,2,32.48621753572607,0.2,3
55,2,A2_Q3,1,1,36.40479795200824,0.0,3
55,2,A2_Q4,1,1,28.094968940021886,0.0,3
55,3,A3_Q1,1,1,33.24057028221561,0.0,3
55,3,A3_Q2,0,2,45.852094496339014,0.2,3
55,3,A3_Q3,1,1,1.0,0.0,3
55,3,A3_Q4,0,2,41.27727515714401,0.2,3
55,4,A4_Q1,0,2,60.2100622715938,0.2,3
55,4,A4_Q2,1,1,35.66085982744214,0.0,3
55,4,A4_Q3,1,1,36.99013620013005,0.0,3
55,4,A4_Q4,1,1,36.35446028314358,0.0,3
55,5,A5_Q1,1,1,18.825818264866037,0.0,3
55,5,A5_Q2,0,2,50.939267344226444,0.2,3
55,5,A5_Q3,1,1,21.754858384723263,0.0,3
55,5,A5_Q4,1,1,23.914102767602998,0.0,3
56,1,A1_Q1,0,3,46.16273806649024,0.9046459484684904,0
56,1,A1_Q2,0,3,60.58092135924528,0.864008704621639,0
56,1,A1_Q3,0,4,50.72743601141027,0.9794664742928443,0
56,1,A1_Q4,0,4,59.08530250160152,0.823257127552149,0
56,2,A2_Q1,1,1,36.64714086308889,0.0,0
56,2,A2_Q2,1,1,30.90968976775409,0.0,0
56,2,A2_Q3,1,1,27.58656225593495,0.0,0
56,2,A2_Q4,0,4,42.23365113769558,0.9216600031399098,0
56,3,A3_Q1,1,1,23.20559077068287,0.0,0
56,3,A3_Q2,1,1,34.23341948608575,0.0,0
56,3,A3_Q3,1,1,50.8076590403919,0.0,0
56,3,A3_Q4,0,3,48.73366716345641,0.8270643747975689,0
56,4,A4_Q1,1,1,23.021262313841127,0.0,0
56,4,A4_Q2,1,1,37.57266933535405,0.0,0
56,4,A4_Q3,1,1,30.23329508647177,0.0,0
56,4,A4_Q4,0,2,47.29054434126456,0.807762624094807,0
56,5,A5_Q1,0,2,32.67412403774452,0.715535766619845,0
56,5,A5_Q2,0,2,38.97583566040993,0.8446396296759525,0
56,5,A5_Q3,0,3,35.47327919425371,0.8729417312673262,0
56,5,A5_Q4,0,2,11.953874504568692,0.9797664635257937,0
57,1,A1_Q1,1,1,26.114792248169906,0.0,4
57,1,A1_Q2,1,1,24.901933068091175,0.0,4
57,1,A1_Q3,1,1,30.344410117058413,0.0,4
57,1,A1_Q4,0,2,15.088529828726603,0.1,4
57,2,A2_Q1,1,1,47.23465340067103,0.0,4
57,2,A2_Q2,1,1,34.99085565465943,0.0,4
57,2,A2_Q3,0,2,15.464959208086704,0.1,4
57,2,A2_Q4,1,1,24.134687304360646,0.0,4
57,3,A3_Q1,1,1,32.24216404290793,0.0,4
57,3,A3_Q2,0,2,18.31872630659464,0.1,4
57,3,A3_Q3,1,1,14.386476642227002,0.0,4
57,3,A3_Q4,1,1,43.79838699740057,0.0,4
57,4,A4_Q1,1,1,19.30713144581175,0.0,4
57,4,A4_Q2,1,1,12.130542686601519,0.0,4
57,4,A4_Q3,1,1,28.344718486466725,0.0,4
57,4,A4_Q4,1,1,23.206154301936497,0.0,4
57,5,A5_Q1,0,2,18.5387239227808,0.1,4
57,5,A5_Q2,1,1,14.85529690819233,0.0,4
57,5,A5_Q3,1,1,33.215932113392384,0.0,4
57,5,A5_Q4,1,1,32.25264117247549,0.0,4
58,1,A1_Q1,1,1,36.92722755116859,0.0,2
58,1,A1_Q2,1,1,27.805760740764928,0.0,2
58,1,A1_Q3,0,2,82.52760811337265,0.5648943035209097,2
58,1,A1_Q4,0,2,55.08516559481993,0.5000954631733436,2
58,2,A2_Q1,1,1,26.27911758547045,0.0,2
58,2,A2_Q2,1,1,14.32292206174229,0.0,2
58,2,A2_Q3,0,3,10.977962719227506,0.5146084401238031,2
58,2,A2_Q4,0,3,53.06245125182153,0.5656976267790482,2
58,3,A3_Q1,1,1,39.90708253703516,0.0,2
58,3,A3_Q2,1,1,40.024164586720076,0.0,2
58,3,A3_Q3,0,2,80.15267117827368,0.469161219682085,2
58,3,A3_Q4,0,3,45.227864614874086,0.42648092269929094,2
58,4,A4_Q1,1,1,42.865648221706095,0.0,2
58,4,A4_Q2,1,1,44.88235316869476,0.0,2
58,4,A4_Q3,0,2,82.98961788647841,0.5376091114148258,2
58,4,A4_Q4,0,2,30.730449245296132,0.4131384232979319,2
58,5,A5_Q1,1,1,23.76070699217258,0.0,2
58,5,A5_Q2,1,1,28.034778805726166,0.0,2
58,5,A5_Q3,0,3,5.037142264156735,0.4320451201953013,2
58,5,A5_Q4,0,2,15.025078477272238,0.5594422145157525,2
59,1,A1_Q1,0,5,6.619948516921115,0.023042232320784384,1
59,1,A1_Q2,0,3,6.879013765207489,0.2605228571840802,1
59,1,A1_Q3,1,2,7.5252083557880285,0.25738652727451716,1
59,1,A1_Q4,1,2,7.732297537335653,0.176505666294946,1
59,2,A2_Q1,0,5,15.28743296603646,0.22543588333780307,1
59,2,A2_Q2,0,5,6.109344340407178,0.12783637138566922,1
59,2,A2_Q3,1,1,5.90002461928451,0.07781652022295887,1
59,2,A2_Q4,0,4,7.668003894328011,0.1012362836892687,1
59,3,A3_Q1,1,2,5.203661760631193,0.1988388822629165,1
59,3,A3_Q2,1,1,2.2034985124218505,0.11837169459567713,1
59,3,A3_Q3,0,5,6.046807994255383,0.08891760206258503,1
59,3,A3_Q4,1,1,6.622729069343025,0.10832241790231116,1
59,4,A4_Q1,0,4,12.703388393589417,0.05803060288694477,1
59,4,A4_Q2,0,3,4.118541794586736,0.09357357166101156,1
59,4,A4_Q3,0,5,3.5996444281529687,0.20171515298751108,1
59,4,A4_Q4,1,1,5.137882593366926,0.013588393083923234,1
59,5,A5_Q1,0,5,12.204287006798225,0.08119318259452969,1
59,5,A5_Q2,0,4,8.737690480738713,0.03518404434013351,1
59,5,A5_Q3,0,5,10.678861610326308,0.2598304636133504,1
59,5,A5_Q4,0,3,6.899517002278767,0.13393257653896462,1
60,1,A1_Q1,0,4,7.8304103498609585,0.08368142282204302,1
60,1,A1_Q2,0,3,5.143050857783609,0.2296090091574122,1
60,1,A1_Q3,0,5,10.70119576518519,0.0972988132054554,1
60,1,A1_Q4,0,3,4.981191937023545,0.005515842645479185,1
60,2,A2_Q1,0,4,9.855890360329226,0.22412348013870867,1
60,2,A2_Q2,0,3,4.50556718198419,0.036602224073066715,1
60,2,A2_Q3,1,1,5.459447101623907,0.14355851097585676,1
60,2,A2_Q4,1,2,11.585662014565145,0.2526046984520232,1
60,3,A3_Q1,0,4,12.329868660895826,0.052394155768898866,1
60,3,A3_Q2,0,5,6.738923835641035,0.2417936702602751,1
60,3,A3_Q3,0,3,7.828728662559594,0.16400889848890196,1
60,3,A3_Q4,1,2,9.885146108112869,0.12197716120784168,1
60,4,A4_Q1,0,3,8.68698917737802,0.209349835651551,1
60,4,A4_Q2,1,1,10.62097903068288,0.18434573325348938,1
60,4,A4_Q3,0,5,9.957939221531236,0.1901134799296587,1
60,4,A4_Q4,0,5,8.259276256358573,0.27081165313360683,1
60,5,A5_Q1,1,1,5.365030768460784,0.028325669298144285,1
60,5,A5_Q2,1,1,1.9641259175005557,0.2682795354769242,1
60,5,A5_Q3,0,5,9.90909718325879,0.00409020717174644,1
60,5,A5_Q4,0,5,11.996567332282357,0.11521279151733012,1
61,1,A1_Q1,0,3,6.690921593845278,0.04140464610601552,1
61,1,A1_Q2,0,5,7.905463026730931,0.15956152995150497,1
61,1,A1_Q3,1,1,7.728877906644676,0.09600819496871757,1
61,1,A1_Q4,0,3,13.029179081624608,0.20465750677652964,1
61,2,A2_Q1,0,5,12.044443545820915,0.1999851254638117,1
61,2,A2_Q2,0,3,10.342446283442413,0.12778131254008182,1
61,2,A2_Q3,1,1,4.454377623737597,0.00770689346082245,1
61,2,A2_Q4,0,5,11.135753044619232,0.05887371501184969,1
61,3,A3_Q1,0,4,2.5802360825933324,0.08942269515744683,1
61,3,A3_Q2,0,3,8.588394377071722,0.16330346629029632,1
61,3,A3_Q3,0,4,9.140595107460182,0.15696391649126246,1
61,3,A3_Q4,0,4,5.486871704315091,0.18409137089681513,1
61,4,A4_Q1,1,2,4.689086386251806,0.2680905760038401,1
61,4,A4_Q2,0,5,3.902527533753683,0.21052148216317715,1
61,4,A4_Q3,0,5,8.140701697070632,0.21971653397926647,1
61,4,A4_Q4,1,1,10.298588027522321,0.0994056656208951,1
61,5,A5_Q1,0,5,8.609447604773623,0.09217168855431614,1
61,5,A5_Q2,0,3,6.441810884521621,0.17536293397783745,1
61,5,A5_Q3,1,2,7.576332393037248,0.02301684805586557,1
61,5,A5_Q4,0,5,1.805127837245795,0.12021125005033999,1
62,1,A1_Q1,0,4,27.83723298788979,0.8190843918802878,0
62,1,A1_Q2,0,2,42.587901743846345,0.9863697786576433,0
62,1,A1_Q3,1,1,35.108629891483176,0.0,0
62,1,A1_Q4,0,3,31.865764933560037,0.9604507885979512,0
62,2,A2_Q1,0,2,32.44665061273941,0.8859905694622492,0
62,2,A2_Q2,1,1,20.083395573663346,0.0,0
62,2,A2_Q3,0,2,12.30927624333917,0.9409035644578961,0
62,2,A2_Q4,0,4,53.210715820097256,0.744508101186855,0
62,3,A3_Q1,1,1,46.93550790715355,0.0,0
62,3,A3_Q2,0,4,55.290789654403156,0.8787039472484588,0
62,3,A3_Q3,0,3,62.33669662492434,0.7945031117130195,0
62,3,A3_Q4,1,1,16.080537592968437,0.0,0
62,4,A4_Q1,0,4,48.393655922657004,0.7120856556333995,0
62,4,A4_Q2,0,2,45.98042775433357,0.8853794679538893,0
62,4,A4_Q3,0,3,29.875989718141717,0.8319566919141504,0
62,4,A4_Q4,0,2,37.338693426872545,0.9256386098630713,0
62,5,A5_Q1,0,4,36.030359705489126,0.7598234793275604,0
62,5,A5_Q2,1,1,16.36921655102306,0.0,0
62,5,A5_Q3,1,1,22.34777633995307,0.0,0
62,5,A5_Q4,0,3,46.998179671751906,0.8242423204646998,0
63,1,A1_Q1,1,1,43.46225756202748,0.0,3
63,1,A1_Q2,0,2,44.814953967703374,0.2,3
63,1,A1_Q3,1,1,34.990897950533224,0.0,3
63,1,A1_Q4,0,2,23.23418914375884,0.2,3
63,2,A2_Q1,0,2,36.40972461131291,0.2,3
63,2,A2_Q2,0,2,55.30240212870275,0.2,3
63,2,A2_Q3,0,2,41.56117805187338,0.2,3
63,2,A2_Q4,1,1,35.750330351090184,0.0,3
63,3,A3_Q1,1,1,27.685150139997877,0.0,3
63,3,A3_Q2,0,2,47.002395734614794,0.2,3
63,3,A3_Q3,1,1,30.082792743334338,0.0,3
63,3,A3_Q4,0,2,41.77641449154758,0.2,3
63,4,A4_Q1,0,2,50.243260359979054,0.2,3
63,4,A4_Q2,1,1,3.5090045673294057,0.0,3
63,4,A4_Q3,0,2,24.351145379531136,0.2,3
63,4,A4_Q4,0,2,52.84990578846156,0.2,3
63,5,A5_Q1,1,1,41.16275663755115,0.0,3
63,5,A5_Q2,0,2,41.327302931457815,0.2,3
63,5,A5_Q3,0,2,39.98634580516048,0.2,3
63,5,A5_Q4,1,1,41.47539213593895,0.0,3
64,1,A1_Q1,1,1,22.714784459856475,0.0,3
64,1,A1_Q2,0,2,49.908285006180954,0.2,3
64,1,A1_Q3,1,1,29.745975492550752,0.0,3
64,1,A1_Q4,1,1,19.79698452738527,0.0,3
64,2,A2_Q1,0,2,50.07341021892874,0.2,3
64,2,A2_Q2,0,2,37.46815875596334,0.2,3
64,2,A2_Q3,0,2,35.09304879055901,0.2,3
64,2,A2_Q4,0,2,54.07618276800207,0.2,3
64,3,A3_Q1,0,2,43.21224916217094,0.2,3
64,3,A3_Q2,1,1,28.296990344893736,0.0,3
64,3,A3_Q3,0,2,54.38315715964504,0.2,3
64,3,A3_Q4,1,1,20.787548885570935,0.0,3
64,4,A4_Q1,1,1,22.398192687712662,0.0,3
64,4,A4_Q2,0,2,48.0612070101196,0.2,3
64,4,A4_Q3,1,1,37.84299769722615,0.0,3
64,4,A4_Q4,0,2,60.35468449934524,0.2,3
64,5,A5_Q1,0,2,39.498672498797085,0.2,3
64,5,A5_Q2,1,1,35.08565877358319,0.0,3
64,5,A5_Q3,1,1,46.30581970330063,0.0,3
64,5,A5_Q4,1,1,12.459144373306458,0.0,3
65,1,A1_Q1,1,1,19.048939480643988,0.0,2
65,1,A1_Q2,1,1,36.52121871455536,0.0,2
65,1,A1_Q3,0,3,26.394327923542566,0.4943479675036878,2
65,1,A1_Q4,0,2,28.733750422765915,0.41383071354370027,2
65,2,A2_Q1,1,1,22.857538889464074,0.0,2
65,2,A2_Q2,1,1,24.63276889916971,0.0,2
65,2,A2_Q3,0,2,56.617026092311555,0.45223248650217207,2
65,2,A2_Q4,0,2,39.09780019553326,0.43915112128112493,2
65,3,A3_Q1,1,1,45.22980551909954,0.0,2
65,3,A3_Q2,1,1,19.019087065639837,0.0,2
65,3,A3_Q3,0,2,42.037159788230596,0.48381989458341707,2
65,3,A3_Q4,0,2,31.432566603555607,0.463809014866448,2
65,4,A4_Q1,1,1,35.67757077086069,0.0,2
65,4,A4_Q2,1,1,38.362229368215296,0.0,2
65,4,A4_Q3,0,2,62.81085870149547,0.4348818534222999,2
65,4,A4_Q4,0,2,32.212960138415845,0.4250750698467747,2
65,5,A5_Q1,1,1,43.782840936226734,0.0,2
65,5,A5_Q2,1,1,37.50446570887374,0.0,2
65,5,A5_Q3,0,2,68.724180191599,0.5193890446826345,2
65,5,A5_Q4,0,2,58.84158073602016,0.45914951251900415,2
66,1,A1_Q1,1,1,42.211310785264935,0.0,0
66,1,A1_Q2,1,1,21.680450825055487,0.0,0
66,1,A1_Q3,0,2,64.02921259768594,0.7202130614565777,0
66,1,A1_Q4,0,4,17.662803731513076,0.7849853210477732,0
66,2,A2_Q1,0,2,16.165790756258357,0.9590439684738439,0
66,2,A2_Q2,0,3,74.55458128157184,0.8989081611169442,0
66,2,A2_Q3,0,2,34.03731041635207,0.8915466354397407,0
66,2,A2_Q4,0,2,34.107967052212196,0.8069713977852457,0
66,3,A3_Q1,0,2,28.302205806675417,0.8232047899030849,0
66,3,A3_Q2,1,1,40.81984809249942,0.0,0
66,3,A3_Q3,0,3,41.67058902760078,0.8121841403437202,0
66,3,A3_Q4,1,1,25.551056534511535,0.0,0
66,4,A4_Q1,1,1,20.966390424523098,0.0,0
66,4,A4_Q2,0,4,47.28323942953204,0.8513367825008066,0
66,4,A4_Q3,0,2,13.308558267225585,0.769667407270403,0
66,4,A4_Q4,1,1,14.57198484790354,0.0,0
66,5,A5_Q1,0,2,60.121479630605535,0.9690985868093234,0
66,5,A5_Q2,0,2,58.56586728293705,0.7076709397269204,0
66,5,A5_Q3,0,4,52.02746473817379,0.7247217915585844,0
66,5,A5_Q4,0,4,34.339868845782846,0.9576094363733721,0
67,1,A1_Q1,1,1,37.17283581158776,0.0,2
67,1,A1_Q2,1,1,34.36743540783482,0.0,2
67,1,A1_Q3,0,3,52.98726964542378,0.4663233698215668,2
67,1,A1_Q4,0,2,27.20616589905585,0.4487142251729264,2
67,2,A2_Q1,1,1,37.1827440697446,0.0,2
67,2,A2_Q2,1,1,26.07678997487258,0.0,2
67,2,A2_Q3,0,2,47.422016317636206,0.532462747746144,2
67,2,A2_Q4,0,3,68.9472479891993,0.5606489809329612,2
67,3,A3_Q1,1,1,22.956748097914687,0.0,2
67,3,A3_Q2,1,1,30.339676123514824,0.0,2
67,3,A3_Q3,0,3,27.139613758525428,0.5746086294030407,2
67,3,A3_Q4,0,3,65.88491182001934,0.5918944365910823,2
67,4,A4_Q1,1,1,25.741384135984024,0.0,2
67,4,A4_Q2,1,1,29.384466620648052,0.0,2
67,4,A4_Q3,0,2,56.777831964370435,0.5097819263280143,2
67,4,A4_Q4,0,3,79.22568555070474,0.46157482505487346,2
67,5,A5_Q1,1,1,11.5608521173472,0.0,2
67,5,A5_Q2,1,1,44.53282306252469,0.0,2
67,5,A5_Q3,0,3,60.667184894108985,0.4210802754792925,2
67,5,A5_Q4,0,3,87.03763783867744,0.5844383856102568,2
68,1,A1_Q1,1,1,27.18932362058634,0.0,0
68,1,A1_Q2,0,4,53.46636848072733,0.9884249858926148,0
68,1,A1_Q3,1,1,40.651719657143865,0.0,0
68,1,A1_Q4,1,1,44.52616745486179,0.0,0
68,2,A2_Q1,0,2,44.614190022837946,0.7417762212354112,0
68,2,A2_Q2,0,3,36.037434851269985,0.7766917281386084,0
68,2,A2_Q3,1,1,17.132387053472634,0.0,0
68,2,A2_Q4,0,4,88.64639454392099,0.7415114784161669,0
68,3,A3_Q1,0,3,1.0,0.9607524572209262,0
68,3,A3_Q2,0,2,58.62088496969783,0.9685169811999499,0
68,3,A3_Q3,0,2,33.69829657635973,0.7138189191045932,0
68,3,A3_Q4,0,4,53.44882981354028,0.9987203356153969,0
68,4,A4_Q1,0,4,18.863396083660344,0.7000681114654767,0
68,4,A4_Q2,0,3,29.279789845143522,0.7361090728629958,0
68,4,A4_Q3,1,1,35.212799050138145,0.0,0
68,4,A4_Q4,0,2,42.520897089502306,0.804649572237589,0
68,5,A5_Q1,0,2,17.888018019368413,0.9248137050172468,0
68,5,A5_Q2,1,1,37.62669550438552,0.0,0
68,5,A5_Q3,0,3,64.9301559440805,0.9059541829129758,0
68,5,A5_Q4,0,2,44.16037692947014,0.8449696227626305,0
69,1,A1_Q1,0,4,8.677284569335264,0.2572591823255771,1
69,1,A1_Q2,0,3,11.416726262223245,0.09776440278473711,1
69,1,A1_Q3,1,2,6.423833391089163,0.2482571081861451,1
69,1,A1_Q4,0,3,3.982514793390555,0.12844655190903595,1
69,2,A2_Q1,0,5,5.303698326417804,0.2932488774626679,1
69,2,A2_Q2,1,1,5.833193349038339,0.2860208638146285,1
69,2,A2_Q3,0,5,10.726879487684393,0.27474227500520165,1
69,2,A2_Q4,1,1,8.543188228313246,0.02335695588263088,1
69,3,A3_Q1,1,1,6.089421239214179,0.13202132251994952,1
69,3,A3_Q2,0,4,12.7095993087799,0.280438655247835,1
69,3,A3_Q3,1,1,8.261461821146524,0.2635247589134885,1
69,3,A3_Q4,1,2,4.348151923338562,0.2073739991357968,1
69,4,A4_Q1,0,3,11.762940598815916,0.1964176045495329,1
69,4,A4_Q2,0,3,8.490216422067212,0.026233950539965634,1
69,4,A4_Q3,0,3,5.962085691902793,0.2908847816713014,1
69,4,A4_Q4,1,2,6.806960919156188,0.2843339093907689,1
69,5,A5_Q1,0,5,8.095899677810383,0.18607240628067365,1
69,5,A5_Q2,0,3,11.591559453867283,0.057604825422011015,1
69,5,A5_Q3,0,3,12.988996810982309,0.24778227573357547,1
69,5,A5_Q4,0,5,7.39242731880551,0.09411093742714687,1
70,1,A1_Q1,0,3,5.095862724469264,0.059006459193846915,1
70,1,A1_Q2,0,4,10.164587088371572,0.17595353431123462,1
70,1,A1_Q3,0,4,6.537831751129684,0.1407122242554462,1
70,1,A1_Q4,1,2,8.999036141348775,0.12393221931814326,1
70,2,A2_Q1,0,4,8.392622359845877,0.25609636468233354,1
70,2,A2_Q2,1,2,6.1874971900524365,0.024174243685954076,1
70,2,A2_Q3,0,3,7.9788650435583355,0.03697423743976543,1
70,2,A2_Q4,0,3,8.519914097857383,0.17446926133139662,1
70,3,A3_Q1,1,1,11.01014829265982,0.16619797665093927,1
70,3,A3_Q2,0,4,5.217306941412624,0.17981189786159588,1
70,3,A3_Q3,0,4,5.781885777622891,0.2856187339917008,1
70,3,A3_Q4,1,2,6.132040404615886,0.09421314207552973,1
70,4,A4_Q1,0,3,13.859909767237973,0.07852533004034473,1
70,4,A4_Q2,0,3,2.567607198321097,0.1292574826146812,1
70,4,A4_Q3,0,5,11.45338821787457,0.10897660550274307,1
70,4,A4_Q4,1,1,3.0087404149040244,0.1633786346132248,1
70,5,A5_Q1,0,4,6.331643759717658,0.12056288137102185,1
70,5,A5_Q2,0,4,4.909531599609216,0.18576129518764645,1
70,5,A5_Q3,0,5,8.891250354472504,0.06121931656398017,1
70,5,A5_Q4,0,4,7.770910402038098,0.03183767564729865,1
71,1,A1_Q1,0,2,36.15841520056232,0.2,3
71,1,A1_Q2,0,2,63.55503314794263,0.2,3
71,1,A1_Q3,1,1,32.24234744535292,0.0,3
71,1,A1_Q4,1,1,19.640890149875435,0.0,3
71,2,A2_Q1,1,1,28.53441464308321,0.0,3
71,2,A2_Q2,0,2,33.12534598261561,0.2,3
71,2,A2_Q3,0,2,46.72254386411038,0.2,3
71,2,A2_Q4,0,2,51.5839251192249,0.2,3
71,3,A3_Q1,1,1,30.600859946151637,0.0,3
71,3,A3_Q2,0,2,41.50560672783044,0.2,3
71,3,A3_Q3,0,2,28.54407385958186,0.2,3
71,3,A3_Q4,1,1,45.055451919058285,0.0,3
71,4,A4_Q1,0,2,54.13473732017407,0.2,3
71,4,A4_Q2,0,2,43.5571205736326,0.2,3
71,4,A4_Q3,1,1,27.2000669812552,0.0,3
71,4,A4_Q4,0,2,66.84096733380457,0.2,3
71,5,A5_Q1,1,1,35.70507208354516,0.0,3
71,5,A5_Q2,0,2,26.232812693172633,0.2,3
71,5,A5_Q3,0,2,63.90440685155782,0.2,3
71,5,A5_Q4,0,2,46.6984469724903,0.2,3
72,1,A1_Q1,0,5,9.08934688323357,0.14468220002446305,1
72,1,A1_Q2,1,2,11.035541250918245,0.2182893413099066,1
72,1,A1_Q3,0,3,8.37221817715848,0.2000056955677539,1
72,1,A1_Q4,0,4,12.921843690464861,0.10033275813543122,1
72,2,A2_Q1,1,2,8.270547912490699,0.232325848381891,1
72,2,A2_Q2,1,2,1.0,0.08302623958539258,1
72,2,A2_Q3,1,2,10.25329836352193,0.1163502808713283,1
72,2,A2_Q4,1,1,5.142694307628799,0.14243070181309536,1
72,3,A3_Q1,0,3,7.303086518791492,0.18705575855224632,1
72,3,A3_Q2,0,3,6.633746926065394,0.15540312941282938,1
72,3,A3_Q3,0,5,9.777701821541992,0.23490006940416058,1
72,3,A3_Q4,1,2,12.867912614106253,0.05848748144958916,1
72,4,A4_Q1,0,4,8.086372441215445,0.13987598445835062,1
72,4,A4_Q2,0,5,11.962543718662122,0.03539174508841847,1
72,4,A4_Q3,1,2,6.26262767109276,0.030168819625033302,1
72,4,A4_Q4,1,1,3.6558097140706254,0.17127211612564344,1
72,5,A5_Q1,0,3,4.633540286357008,0.029848400661889395,1
72,5,A5_Q2,0,5,10.406385375854358,0.20555235398333416,1
72,5,A5_Q3,0,3,6.063464221731813,0.02869220880711478,1
72,5,A5_Q4,0,3,7.403944661153113,0.049379782109872414,1
73,1,A1_Q1,1,1,30.831897167215143,0.0,4
73,1,A1_Q2,1,1,14.79824294441556,0.0,4
73,1,A1_Q3,1,1,32.394894681127795,0.0,4
73,1,A1_Q4,0,2,25.333594150271633,0.1,4
73,2,A2_Q1,1,1,26.780868588699096,0.0,4
73,2,A2_Q2,1,1,25.37647476206678,0.0,4
73,2,A2_Q3,1,1,34.1144832758859,0.0,4
73,2,A2_Q4,1,1,20.246197648306627,0.0,4
73,3,A3_Q1,0,2,30.2478746431227,0.1,4
73,3,A3_Q2,1,1,27.14121703806525,0.0,4
73,3,A3_Q3,1,1,39.09810222453572,0.0,4
73,3,A3_Q4,1,1,15.353979367493757,0.0,4
73,4,A4_Q1,0,2,15.059183261647954,0.1,4
73,4,A4_Q2,1,1,29.873561876582205,0.0,4
73,4,A4_Q3,1,1,31.260005190440673,0.0,4
73,4,A4_Q4,0,2,22.343748921576427,0.1,4
73,5,A5_Q1,1,1,33.98443863356682,0.0,4
73,5,A5_Q2,1,1,34.372310975470405,0.0,4
73,5,A5_Q3,1,1,14.877244072589253,0.0,4
73,5,A5_Q4,1,1,21.00625872845346,0.0,4
74,1,A1_Q1,1,1,41.39555536025469,0.0,4
74,1,A1_Q2,0,2,14.506897874110939,0.1,4
74,1,A1_Q3,0,2,15.443323484539519,0.1,4
74,1,A1_Q4,1,1,17.812846713251243,0.0,4
74,2,A2_Q1,1,1,35.95490897639257,0.0,4
74,2,A2_Q2,1,1,24.10105243537109,0.0,4
74,2,A2_Q3,1,1,14.99778138553064,0.0,4
74,2,A2_Q4,0,2,26.755364462065696,0.1,4
74,3,A3_Q1,0,2,26.060793442751656,0.1,4
74,3,A3_Q2,1,1,25.068551442458514,0.0,4
74,3,A3_Q3,0,2,21.15921046067424,0.1,4
74,3,A3_Q4,1,1,23.23758791757576,0.0,4
74,4,A4_Q1,1,1,19.056352024498565,0.0,4
74,4,A4_Q2,1,1,19.157899202201875,0.0,4
74,4,A4_Q3,1,1,51.16746821479651,0.0,4
74,4,A4_Q4,1,1,28.547487057450113,0.0,4
74,5,A5_Q1,1,1,26.794404174738144,0.0,4
74,5,A5_Q2,1,1,18.41714003633996,0.0,4
74,5,A5_Q3,1,1,13.184229002325594,0.0,4
74,5,A5_Q4,1,1,46.84348516124981,0.0,4
75,1,A1_Q1,0,4,35.77296428969914,0.8104750322185399,0
75,1,A1_Q2,0,4,57.38851225426307,0.8400634297369313,0
75,1,A1_Q3,0,2,45.719644183971766,0.83706642152118,0
75,1,A1_Q4,0,3,28.51285029911933,0.8649151765489933,0
75,2,A2_Q1,0,4,35.29388083968564,0.7475344111569717,0
75,2,A2_Q2,1,1,34.20153293986286,0.0,0
75,2,A2_Q3,0,2,53.97011384774504,0.8408220525967773,0
75,2,A2_Q4,1,1,25.672261164116115,0.0,0
75,3,A3_Q1,1,1,37.93818467143816,0.0,0
75,3,A3_Q2,0,4,29.32040159111616,0.7028630059201679,0
75,3,A3_Q3,0,4,29.93284589855318,0.9964372227863907,0
75,3,A3_Q4,0,3,39.08217343331468,0.7764246122010157,0
75,4,A4_Q1,0,2,25.5446491472225,0.9161370224388268,0
75,4,A4_Q2,1,1,21.536402801130272,0.0,0
75,4,A4_Q3,1,1,24.150923465822302,0.0,0
75,4,A4_Q4,0,2,45.39213696320688,0.9807478400208469,0
75,5,A5_Q1,0,2,34.45852465808951,0.9285669683132451,0
75,5,A5_Q2,0,3,54.04756175095732,0.7752620415148331,0
75,5,A5_Q3,0,4,40.31752216622289,0.8845209262044094,0
75,5,A5_Q4,1,1,1.0,0.0,0
76,1,A1_Q1,1,1,35.711794062192084,0.0,3
76,1,A1_Q2,0,2,43.73896030680285,0.2,3
76,1,A1_Q3,0,2,61.40728941005534,0.2,3
76,1,A1_Q4,0,2,23.506864490818668,0.2,3
76,2,A2_Q1,1,1,24.417914671681803,0.0,3
76,2,A2_Q2,1,1,28.179255299080737,0.0,3
76,2,A2_Q3,0,2,55.908226678555195,0.2,3
76,2,A2_Q4,1,1,15.390407457176487,0.0,3
76,3,A3_Q1,0,2,50.89123947667514,0.2,3
76,3,A3_Q2,0,2,64.54297238025312,0.2,3
76,3,A3_Q3,0,2,64.2837356580892,0.2,3
76,3,A3_Q4,0,2,49.185766826600826,0.2,3
76,4,A4_Q1,0,2,49.474555421329704,0.2,3
76,4,A4_Q2,1,1,26.920976577294002,0.0,3
76,4,A4_Q3,1,1,29.236103637331667,0.0,3
76,4,A4_Q4,1,1,28.524804353819437,0.0,3
76,5,A5_Q1,1,1,32.65198635948302,0.0,3
76,5,A5_Q2,0,2,46.773791709144675,0.2,3
76,5,A5_Q3,0,2,57.637668460554764,0.2,3
76,5,A5_Q4,1,1,20.035840168336865,0.0,3
77,1,A1_Q1,1,1,31.64294765370569,0.0,4
77,1,A1_Q2,0,2,25.37671700978449,0.1,4
77,1,A1_Q3,1,1,32.106684652031106,0.0,4
77,1,A1_Q4,1,1,40.570162829481355,0.0,4
77,2,A2_Q1,1,1,31.987945883388537,0.0,4
77,2,A2_Q2,1,1,22.4287315318395,0.0,4
77,2,A2_Q3,1,1,27.622889578541212,0.0,4
77,2,A2_Q4,0,2,22.73136804778833,0.1,4
77,3,A3_Q1,0,2,18.541206838707314,0.1,4
77,3,A3_Q2,1,1,11.124680969918742,0.0,4
77,3,A3_Q3,1,1,24.035824814066817,0.0,4
77,3,A3_Q4,1,1,39.39579412355179,0.0,4
77,4,A4_Q1,1,1,20.999457673357504,0.0,4
77,4,A4_Q2,1,1,14.265502398977814,0.0,4
77,4,A4_Q3,1,1,17.789225359119325,0.0,4
77,4,A4_Q4,1,1,19.93409583590229,0.0,4
77,5,A5_Q1,0,2,13.395373469683495,0.1,4
77,5,A5_Q2,1,1,8.763169826751707,0.0,4
77,5,A5_Q3,1,1,41.59381043300522,0.0,4
77,5,A5_Q4,1,1,39.73101561015072,0.0,4
78,1,A1_Q1,0,5,9.81681869789394,0.00910614165990128,1
78,1,A1_Q2,0,4,11.615286960350087,0.20314349000150075,1
78,1,A1_Q3,0,4,7.732284000372735,0.037693047723694195,1
78,1,A1_Q4,0,3,5.622429658654362,0.21672341533906336,1
78,2,A2_Q1,0,4,7.2721136365995305,0.29293695883062304,1
78,2,A2_Q2,0,3,5.321511208045761,0.2574968816636574,1
78,2,A2_Q3,0,3,11.01777353538925,0.018271662970554815,1
78,2,A2_Q4,0,4,5.25157545025597,0.13325518437645129,1
78,3,A3_Q1,0,3,15.49660215849736,0.22553944907607987,1
78,3,A3_Q2,0,3,9.509756194248514,0.1554839162066133,1
78,3,A3_Q3,0,4,9.646551277426484,0.1333882973741714,1
78,3,A3_Q4,0,4,6.666502915369385,0.054529079328358265,1
78,4,A4_Q1,0,3,8.142480404754929,0.16619384616602417,1
78,4,A4_Q2,0,5,2.4994713680244622,0.031864148276536865,1
78,4,A4_Q3,1,1,9.745336879156667,0.13159470553079533,1
78,4,A4_Q4,1,1,6.295721331269776,0.13750904382789184,1
78,5,A5_Q1,0,3,8.09722104002041,0.2598551126607088,1
78,5,A5_Q2,0,5,7.977251336236875,0.20749302059199545,1
78,5,A5_Q3,0,5,9.315505308697213,0.14656273993207714,1
78,5,A5_Q4,0,3,8.89716522446313,0.19486680202708853,1
79,1,A1_Q1,1,1,37.71117751462054,0.0,4
79,1,A1_Q2,1,1,43.05626761568009,0.0,4
79,1,A1_Q3,0,2,12.655662175670038,0.1,4
79,1,A1_Q4,0,2,15.0813694766949,0.1,4
79,2,A2_Q1,1,1,29.52889884368967,0.0,4
79,2,A2_Q2,1,1,34.800502680050016,0.0,4
79,2,A2_Q3,1,1,27.61728962193748,0.0,4
79,2,A2_Q4,1,1,17.5895787879636,0.0,4
79,3,A3_Q1,0,2,25.528065564743617,0.1,4
79,3,A3_Q2,1,1,12.605980280632629,0.0,4
79,3,A3_Q3,1,1,19.47519923003587,0.0,4
79,3,A3_Q4,1,1,37.52324893027437,0.0,4
79,4,A4_Q1,1,1,33.588897599468524,0.0,4
79,4,A4_Q2,1,1,38.35424471893049,0.0,4
79,4,A4_Q3,1,1,22.362113000051174,0.0,4
79,4,A4_Q4,1,1,28.356092349270945,0.0,4
79,5,A5_Q1,1,1,28.82785426262868,0.0,4
79,5,A5_Q2,1,1,32.68963514123314,0.0,4
79,5,A5_Q3,1,1,32.439721382756815,0.0,4
79,5,A5_Q4,1,1,36.74728546063506,0.0,4
80,1,A1_Q1,0,3,56.872555901735524,0.9145966931587407,0
80,1,A1_Q2,1,1,42.65445519891654,0.0,0
80,1,A1_Q3,0,2,34.38201610919075,0.7035753948934725,0
80,1,A1_Q4,0,4,29.24936756624468,0.8481937447420563,0
80,2,A2_Q1,0,3,49.128769680252674,0.8263902644900094,0
80,2,A2_Q2,1,1,33.108581907948114,0.0,0
80,2,A2_Q3,1,1,14.213247980970108,0.0,0
80,2,A2_Q4,0,2,57.68422598855001,0.7274059728170668,0
80,3,A3_Q1,1,1,34.80744579767984,0.0,0
80,3,A3_Q2,1,1,44.96710407445981,0.0,0
80,3,A3_Q3,1,1,41.49672018878747,0.0,0
80,3,A3_Q4,1,1,32.96576938530305,0.0,0
80,4,A4_Q1,0,2,44.33092004514754,0.7852175167121287,0
80,4,A4_Q2,0,4,33.94790410010492,0.9060824305010531,0
80,4,A4_Q3,1,1,33.20301933048545,0.0,0
80,4,A4_Q4,0,3,52.7511899862633,0.9888197751583416,0
80,5,A5_Q1,0,2,68.00836306468473,0.9344386266264127,0
80,5,A5_Q2,0,4,48.593777261935685,0.8491687585059987,0
80,5,A5_Q3,0,2,39.28222730006321,0.7099035807700982,0
80,5,A5_Q4,0,2,47.80731767161348,0.7527670850255986,0
81,1,A1_Q1,1,1,21.82071990312393,0.0,3
81,1,A1_Q2,1,1,36.64929019905828,0.0,3
81,1,A1_Q3,0,2,26.209038167342587,0.2,3
81,1,A1_Q4,0,2,53.81584984388564,0.2,3
81,2,A2_Q1,0,2,28.34690921322363,0.2,3
81,2,A2_Q2,0,2,49.88793315526648,0.2,3
81,2,A2_Q3,1,1,17.342873478304107,0.0,3
81,2,A2_Q4,1,1,49.11662406281033,0.0,3
81,3,A3_Q1,0,2,37.25753886442975,0.2,3
81,3,A3_Q2,0,2,53.34492720704601,0.2,3
81,3,A3_Q3,0,2,35.19141563575708,0.2,3
81,3,A3_Q4,1,1,30.331146113917328,0.0,3
81,4,A4_Q1,0,2,41.56209862559741,0.2,3
81,4,A4_Q2,1,1,21.4540956535421,0.0,3
81,4,A4_Q3,1,1,30.930296195934236,0.0,3
81,4,A4_Q4,1,1,26.797153872337258,0.0,3
81,5,A5_Q1,1,1,21.03434822595722,0.0,3
81,5,A5_Q2,1,1,34.228788467533306,0.0,3
81,5,A5_Q3,1,1,2.257798240151857,0.0,3
81,5,A5_Q4,1,1,19.484473137747194,0.0,3
82,1,A1_Q1,1,1,24.74346625916275,0.0,2
82,1,A1_Q2,1,1,25.29276591796149,0.0,2
82,1,A1_Q3,0,2,46.36216162973257,0.5561398608343258,2
82,1,A1_Q4,0,2,45.723251537241154,0.4978477722855549,2
82,2,A2_Q1,1,1,43.12773117990059,0.0,2
82,2,A2_Q2,1,1,21.145091134121518,0.0,2
82,2,A2_Q3,0,3,57.40423779883482,0.45056748013805786,2
82,2,A2_Q4,0,3,42.55027756989291,0.4007404813664834,2
82,3,A3_Q1,1,1,36.122326867911056,0.0,2
82,3,A3_Q2,1,1,25.51966140566289,0.0,2
82,3,A3_Q3,0,3,78.99707039546699,0.42921931310826406,2
82,3,A3_Q4,0,3,66.37607551474527,0.43547027233194857,2
82,4,A4_Q1,1,1,31.57957602780954,0.0,2
82,4,A4_Q2,1,1,28.471158807390616,0.0,2
82,4,A4_Q3,0,2,79.04235398365121,0.42714917061998026,2
82,4,A4_Q4,0,2,39.85704514455677,0.5468700070670591,2
82,5,A5_Q1,1,1,28.1982644346492,0.0,2
82,5,A5_Q2,1,1,15.170081321701348,0.0,2
82,5,A5_Q3,0,2,41.02392397674437,0.4176793934293517,2
82,5,A5_Q4,0,3,20.79463970832861,0.5029123580696597,2
83,1,A1_Q1,1,1,11.885479162374612,0.0,2
83,1,A1_Q2,1,1,26.61315675901403,0.0,2
83,1,A1_Q3,0,2,75.2548496629528,0.5573011427056245,2
83,1,A1_Q4,0,3,74.55874694770661,0.48917732397196156,2
83,2,A2_Q1,1,1,29.883396441111845,0.0,2
83,2,A2_Q2,1,1,40.21515392781864,0.0,2
83,2,A2_Q3,0,2,75.97460217280408,0.5000067831139215,2
83,2,A2_Q4,0,2,60.91573427064711,0.5992448986089277,2
83,3,A3_Q1,1,1,8.284285952395525,0.0,2
83,3,A3_Q2,1,1,43.45381247627721,0.0,2
83,3,A3_Q3,0,2,27.296763419361834,0.5782043365934423,2
83,3,A3_Q4,0,3,84.59770797366889,0.5260037361237655,2
83,4,A4_Q1,1,1,15.229851371855718,0.0,2
83,4,A4_Q2,1,1,19.07858406571267,0.0,2
83,4,A4_Q3,0,3,51.42211138587851,0.455428870374672,2
83,4,A4_Q4,0,3,63.72707110029066,0.46400322261747834,2
83,5,A5_Q1,1,1,21.61107325974264,0.0,2
83,5,A5_Q2,1,1,17.465423867748754,0.0,2
83,5,A5_Q3,0,2,62.28258558900886,0.5328678733211365,2
83,5,A5_Q4,0,2,38.7263467533671,0.4017238005183561,2
84,1,A1_Q1,0,4,7.950168973022273,0.21542044836025823,1
84,1,A1_Q2,0,5,4.534732728682029,0.10551603340369568,1
84,1,A1_Q3,0,3,7.078825043273864,0.07749012873827767,1
84,1,A1_Q4,1,1,6.040112066421816,0.21034326598999603,1
84,2,A2_Q1,0,4,1.947983605632766,0.16975553622320155,1
84,2,A2_Q2,1,2,12.741625521825108,0.1856240947372819,1
84,2,A2_Q3,0,4,8.845756364378936,0.10062204404890408,1
84,2,A2_Q4,1,1,8.547547989744068,0.26960031046579913,1
84,3,A3_Q1,0,4,7.7805212120556035,0.05448942656364656,1
84,3,A3_Q2,0,3,7.029561734370119,0.2779756149655143,1
84,3,A3_Q3,1,2,7.115622647682412,0.008468627895211911,1
84,3,A3_Q4,1,1,9.956918454830692,0.03284470982069819,1
84,4,A4_Q1,1,2,7.464043642903414,0.2918532475980067,1
84,4,A4_Q2,0,3,4.477777605173076,0.2964041886196265,1
84,4,A4_Q3,0,5,4.888801779290011,0.07169930406346539,1
84,4,A4_Q4,0,5,4.185766453477774,0.002127543832311296,1
84,5,A5_Q1,0,5,8.878677707464146,0.1950339670257641,1
84,5,A5_Q2,1,2,8.378942598449601,0.09267531685312981,1
84,5,A5_Q3,0,5,7.767257625192459,0.1560695881512076,1
84,5,A5_Q4,0,3,11.629847775676135,0.10244082198253271,1
85,1,A1_Q1,1,1,41.02289374929152,0.0,2
85,1,A1_Q2,1,1,23.916492353206625,0.0,2
85,1,A1_Q3,0,3,10.458580521792882,0.5929857203003652,2
85,1,A1_Q4,0,2,64.45653789971024,0.5331894332160928,2
85,2,A2_Q1,1,1,31.117991582033884,0.0,2
85,2,A2_Q2,1,1,9.669992643299526,0.0,2
85,2,A2_Q3,0,2,60.69613812301047,0.42511642054203214,2
85,2,A2_Q4,0,2,48.23752317986611,0.42987632724528646,2
85,3,A3_Q1,1,1,45.885072943536294,0.0,2
85,3,A3_Q2,1,1,19.538789149374956,0.0,2
85,3,A3_Q3,0,2,59.83746424883971,0.41675819450965235,2
85,3,A3_Q4,0,2,34.18236416610869,0.5253665808830135,2
85,4,A4_Q1,1,1,30.34008096228147,0.0,2
85,4,A4_Q2,1,1,37.683339922903144,0.0,2
85,4,A4_Q3,0,2,62.32451557587104,0.4413068807944013,2
85,4,A4_Q4,0,3,38.91852545532021,0.5093831027586249,2
85,5,A5_Q1,1,1,33.82130504396635,0.0,2
85,5,A5_Q2,1,1,21.317390384016676,0.0,2
85,5,A5_Q3,0,3,47.44643855388813,0.48950057793990165,2
85,5,A5_Q4,0,3,39.30486658311354,0.5246275707495651,2
86,1,A1_Q1,1,1,32.949714557088214,0.0,2
86,1,A1_Q2,1,1,24.091126375691786,0.0,2
86,1,A1_Q3,0,2,65.62347713221382,0.5747356069121498,2
86,1,A1_Q4,0,2,23.847910386392954,0.4089018078552343,2
86,2,A2_Q1,1,1,11.704449535675373,0.0,2
86,2,A2_Q2,1,1,25.88030130886972,0.0,2
86,2,A2_Q3,0,3,70.58826201910652,0.4211593040545598,2
86,2,A2_Q4,0,2,5.7165253365268995,0.47174540390921976,2
86,3,A3_Q1,1,1,25.9308301599972,0.0,2
86,3,A3_Q2,1,1,54.798515349079366,0.0,2
86,3,A3_Q3,0,2,1.0,0.49806249788196566,2
86,3,A3_Q4,0,3,51.60612914138909,0.5175804649789629,2
86,4,A4_Q1,1,1,23.41148750202703,0.0,2
86,4,A4_Q2,1,1,31.323476995087468,0.0,2
86,4,A4_Q3,0,2,64.61917952752432,0.4972965531464846,2
86,4,A4_Q4,0,3,57.65439586114101,0.5546335383493918,2
86,5,A5_Q1,1,1,30.4595939611877,0.0,2
86,5,A5_Q2,1,1,32.19645160283045,0.0,2
86,5,A5_Q3,0,2,12.161921974927523,0.40703185005423886,2
86,5,A5_Q4,0,3,42.55091375901473,0.41640214824163757,2
87,1,A1_Q1,1,1,36.703487029019996,0.0,2
87,1,A1_Q2,1,1,29.007996470684432,0.0,2
87,1,A1_Q3,0,2,49.78644271466713,0.45518976563143754,2
87,1,A1_Q4,0,2,63.24500371391477,0.40422996466988326,2
87,2,A2_Q1,1,1,20.69694302145555,0.0,2
87,2,A2_Q2,1,1,44.273053642892165,0.0,2
87,2,A2_Q3,0,2,52.309765662791676,0.5834153558939627,2
87,2,A2_Q4,0,2,56.1469123341594,0.47050584826010344,2
87,3,A3_Q1,1,1,27.522475817602906,0.0,2
87,3,A3_Q2,1,1,20.60297401747848,0.0,2
87,3,A3_Q3,0,2,30.436813109488753,0.503841394920692,2
87,3,A3_Q4,0,3,63.60430911805647,0.5089649351346863,2
87,4,A4_Q1,1,1,28.011502564823488,0.0,2
87,4,A4_Q2,1,1,39.235086160473685,0.0,2
87,4,A4_Q3,0,3,39.164251972330746,0.5457274044633798,2
87,4,A4_Q4,0,3,61.7571177627547,0.5019452150576359,2
87,5,A5_Q1,1,1,36.197387847028686,0.0,2
87,5,A5_Q2,1,1,21.89511417626683,0.0,2
87,5,A5_Q3,0,2,28.53121761785023,0.5760309465820518,2
87,5,A5_Q4,0,2,46.03031082969878,0.5866385834098037,2
88,1,A1_Q1,1,1,21.181033784568655,0.0,2
88,1,A1_Q2,1,1,8.217886802685697,0.0,2
88,1,A1_Q3,0,2,39.166287954086386,0.5513078334452481,2
88,1,A1_Q4,0,3,1.0,0.5250183105373057,2
88,2,A2_Q1,1,1,55.49009708717722,0.0,2
88,2,A2_Q2,1,1,31.102675185846568,0.0,2
88,2,A2_Q3,0,3,60.92256706387102,0.5010707336475653,2
88,2,A2_Q4,0,2,36.456195246934115,0.5672157801590562,2
88,3,A3_Q1,1,1,34.15550741474231,0.0,2
88,3,A3_Q2,1,1,25.242045559950988,0.0,2
88,3,A3_Q3,0,3,60.97943834122934,0.41233491672419154,2
88,3,A3_Q4,0,3,53.81833048287422,0.41118527002564514,2
88,4,A4_Q1,1,1,29.636693919576583,0.0,2
88,4,A4_Q2,1,1,24.657597280370737,0.0,2
88,4,A4_Q3,0,2,13.099839871330033,0.544611425092066,2
88,4,A4_Q4,0,2,43.69594147673042,0.5940233772836865,2
88,5,A5_Q1,1,1,27.61847064956142,0.0,2
88,5,A5_Q2,1,1,23.186197649304262,0.0,2
88,5,A5_Q3,0,3,42.14525274423082,0.4201883251112798,2
88,5,A5_Q4,0,3,32.95226467851793,0.4486885233530821,2
89,1,A1_Q1,0,2,45.53540630615501,0.2,3
89,1,A1_Q2,1,1,39.71609563251387,0.0,3
89,1,A1_Q3,0,2,43.24429105523419,0.2,3
89,1,A1_Q4,0,2,48.31146509187701,0.2,3
89,2,A2_Q1,0,2,39.90832230075038,0.2,3
89,2,A2_Q2,0,2,45.39857541584973,0.2,3
89,2,A2_Q3,0,2,27.65336078467009,0.2,3
89,2,A2_Q4,1,1,25.077744786462578,0.0,3
89,3,A3_Q1,0,2,42.99919434193319,0.2,3
89,3,A3_Q2,0,2,43.22706576810092,0.2,3
89,3,A3_Q3,0,2,48.25169130051951,0.2,3
89,3,A3_Q4,1,1,29.1994225146591,0.0,3
89,4,A4_Q1,1,1,19.86631992408676,0.0,3
89,4,A4_Q2,0,2,38.32715264543719,0.2,3
89,4,A4_Q3,0,2,18.363458595626053,0.2,3
89,4,A4_Q4,1,1,30.091207195018765,0.0,3
89,5,A5_Q1,0,2,36.31208252840494,0.2,3
89,5,A5_Q2,1,1,20.236203514799207,0.0,3
89,5,A5_Q3,1,1,17.935869660409505,0.0,3
89,5,A5_Q4,0,2,55.26142044401966,0.2,3
90,1,A1_Q1,0,2,26.149951842193417,0.1,4
90,1,A1_Q2,1,1,27.09401522656867,0.0,4
90,1,A1_Q3,1,1,24.058843695120153,0.0,4
90,1,A1_Q4,1,1,52.05529568265414,0.0,4
90,2,A2_Q1,1,1,41.99336780928251,0.0,4
90,2,A2_Q2,1,1,40.23776301620816,0.0,4
90,2,A2_Q3,0,2,27.6446449740687,0.1,4
90,2,A2_Q4,1,1,33.65370922215314,0.0,4
90,3,A3_Q1,0,2,13.05350634894505,0.1,4
90,3,A3_Q2,1,1,34.794416917432684,0.0,4
90,3,A3_Q3,1,1,29.30246570771202,0.0,4
90,3,A3_Q4,1,1,35.23039632963558,0.0,4
90,4,A4_Q1,0,2,18.36704586274586,0.1,4
90,4,A4_Q2,1,1,38.31119997993905,0.0,4
90,4,A4_Q3,1,1,20.605367580140175,0.0,4
90,4,A4_Q4,1,1,41.19244917564096,0.0,4
90,5,A5_Q1,1,1,45.287478505409084,0.0,4
90,5,A5_Q2,1,1,29.18954035278256,0.0,4
90,5,A5_Q3,1,1,15.279629269732084,0.0,4
90,5,A5_Q4,0,2,21.948022620459938,0.1,4
91,1,A1_Q1,1,1,7.79578991064874,0.0,3
91,1,A1_Q2,0,2,39.38476142785269,0.2,3
91,1,A1_Q3,0,2,42.500969391222014,0.2,3
91,1,A1_Q4,1,1,20.708612090241814,0.0,3
91,2,A2_Q1,1,1,43.78722226700067,0.0,3
91,2,A2_Q2,1,1,49.21932963618025,0.0,3
91,2,A2_Q3,0,2,41.45053769793027,0.2,3
91,2,A2_Q4,0,2,30.42375513379423,0.2,3
91,3,A3_Q1,1,1,22.883404226088544,0.0,3
91,3,A3_Q2,0,2,40.22171622625931,0.2,3
91,3,A3_Q3,0,2,48.04278391632531,0.2,3
91,3,A3_Q4,0,2,50.13679175024869,0.2,3
91,4,A4_Q1,0,2,55.29712895535159,0.2,3
91,4,A4_Q2,1,1,34.152558283677465,0.0,3
91,4,A4_Q3,1,1,24.713705083998224,0.0,3
91,4,A4_Q4,0,2,38.41556833987705,0.2,3
91,5,A5_Q1,0,2,53.96390087348602,0.2,3
91,5,A5_Q2,0,2,38.62921493749644,0.2,3
91,5,A5_Q3,0,2,45.05716086092891,0.2,3
91,5,A5_Q4,0,2,49.56238797367314,0.2,3
92,1,A1_Q1,1,1,36.11757575961315,0.0,2
92,1,A1_Q2,1,1,46.380469445366,0.0,2
92,1,A1_Q3,0,2,77.24803870876818,0.4919229503465853,2
92,1,A1_Q4,0,2,91.1454372998802,0.45322159123385986,2
92,2,A2_Q1,1,1,27.346146008952253,0.0,2
92,2,A2_Q2,1,1,42.078220346204326,0.0,2
92,2,A2_Q3,0,2,67.11088769170927,0.5386801706858088,2
92,2,A2_Q4,0,2,49.55930271991459,0.5837494609608502,2
92,3,A3_Q1,1,1,47.31924682322397,0.0,2
92,3,A3_Q2,1,1,8.829919477936517,0.0,2
92,3,A3_Q3,0,3,76.83498967503195,0.4119524548356769,2
92,3,A3_Q4,0,3,64.81090731748873,0.482746579516066,2
92,4,A4_Q1,1,1,40.41754229019762,0.0,2
92,4,A4_Q2,1,1,21.570776677582067,0.0,2
92,4,A4_Q3,0,2,37.83309412094755,0.47921089548709334,2
92,4,A4_Q4,0,3,23.178705733968627,0.554985694461191,2
92,5,A5_Q1,1,1,38.2501857972176,0.0,2
92,5,A5_Q2,1,1,36.527500822879425,0.0,2
92,5,A5_Q3,0,3,43.42063332005113,0.41164756616405507,2
92,5,A5_Q4,0,3,17.48436803849632,0.546026037555285,2
93,1,A1_Q1,0,2,49.76912566178033,0.8545576678414641,0
93,1,A1_Q2,0,2,62.17107847534666,0.9863268340963222,0
93,1,A1_Q3,0,4,50.33475929087581,0.8970445693265346,0
93,1,A1_Q4,0,3,34.907445377951696,0.8452639418042924,0
93,2,A2_Q1,0,4,29.296229951392363,0.7284042971514385,0
93,2,A2_Q2,0,3,32.178669338730465,0.8846286745098779,0
93,2,A2_Q3,0,3,38.45997087151108,0.9846371493075754,0
93,2,A2_Q4,1,1,38.06365424657709,0.0,0
93,3,A3_Q1,0,4,26.6361611193272,0.834725017802834,0
93,3,A3_Q2,0,2,46.00353783290163,0.8551395676031914,0
93,3,A3_Q3,1,1,32.016529051292544,0.0,0
93,3,A3_Q4,0,3,41.216238143512356,0.8079368240145789,0
93,4,A4_Q1,1,1,33.98497350305563,0.0,0
93,4,A4_Q2,1,1,29.202156545673226,0.0,0
93,4,A4_Q3,1,1,42.567768783608955,0.0,0
93,4,A4_Q4,1,1,29.71641070742626,0.0,0
93,5,A5_Q1,1,1,31.705987944628568,0.0,0
93,5,A5_Q2,0,2,35.12255901367563,0.7077516916660033,0
93,5,A5_Q3,1,1,20.628829547612668,0.0,0
93,5,A5_Q4,1,1,23.496843201379072,0.0,0
94,1,A1_Q1,0,5,9.765502358783586,0.2745416461214688,1
94,1,A1_Q2,1,2,12.04515911596447,0.06282530124655628,1
94,1,A1_Q3,0,4,5.922947677298618,0.237761930286401,1
94,1,A1_Q4,0,3,8.75712262860082,0.22063905857930494,1
94,2,A2_Q1,0,3,6.800531177941467,0.034651759846939856,1
94,2,A2_Q2,0,4,7.6271426685126915,0.2007946249090505,1
94,2,A2_Q3,1,1,10.508436967117301,0.29116640121854875,1
94,2,A2_Q4,0,3,7.882290578903769,0.02583483315191214,1
94,3,A3_Q1,0,5,10.396305984420653,0.2250815488415315,1
94,3,A3_Q2,0,3,7.7241296521872025,0.2283017948848666,1
94,3,A3_Q3,1,1,9.886305737272135,0.17809457553220825,1
94,3,A3_Q4,0,4,4.553445770212136,0.10685818303841384,1
94,4,A4_Q1,0,3,4.14951459297753,0.22425389117474304,1
94,4,A4_Q2,0,3,8.655977920271893,0.27601144923271576,1
94,4,A4_Q3,0,5,6.893181682905613,0.20074624666045524,1
94,4,A4_Q4,0,5,5.064011500231497,0.07496628192927003,1
94,5,A5_Q1,0,4,5.329236739854039,0.2563198539977041,1
94,5,A5_Q2,1,2,8.908093983130199,0.13390637382897777,1
94,5,A5_Q3,0,5,11.479519899165034,0.15698587479007495,1
94,5,A5_Q4,0,5,6.100144443961566,0.02602459065041447,1
95,1,A1_Q1,1,1,35.860790343403636,0.0,0
95,1,A1_Q2,1,1,32.90964730137443,0.0,0
95,1,A1_Q3,0,3,30.50276494064125,0.8573501722656929,0
95,1,A1_Q4,0,4,59.81125191739241,0.7515034585129651,0
95,2,A2_Q1,0,4,58.80800333235622,0.8314334953099886,0
95,2,A2_Q2,0,4,44.61748558770827,0.8918124401628327,0
95,2,A2_Q3,0,4,28.05510032005724,0.8349411972113285,0
95,2,A2_Q4,0,4,64.00245458297591,0.72714889332876,0
95,3,A3_Q1,0,2,52.290599022091094,0.7266319800868698,0
95,3,A3_Q2,0,2,31.795208748168417,0.825390552404166,0
95,3,A3_Q3,1,1,23.249124210395088,0.0,0
95,3,A3_Q4,1,1,21.844972981297794,0.0,0
95,4,A4_Q1,0,2,33.35419900363005,0.9387895268801822,0
95,4,A4_Q2,0,4,37.582029665093046,0.9378077718548133,0
95,4,A4_Q3,1,1,36.61369463186148,0.0,0
95,4,A4_Q4,1,1,38.74744083031471,0.0,0
95,5,A5_Q1,0,4,45.41537717714133,0.775960349010993,0
95,5,A5_Q2,0,3,22.004121023646796,0.9593208961583193,0
95,5,A5_Q3,0,2,3.914308856855321,0.7892179996185968,0
95,5,A5_Q4,0,4,50.15812782025275,0.9409636369732279,0
96,1,A1_Q1,0,3,6.184531293182008,0.17136387532545513,1
96,1,A1_Q2,1,2,6.555617670401933,0.25537835020861804,1
96,1,A1_Q3,1,2,14.041096751994072,0.2709820866716742,1
96,1,A1_Q4,0,3,3.6500732047948814,0.03913542298308541,1
96,2,A2_Q1,0,4,7.612897654610649,0.06922037706211613,1
96,2,A2_Q2,0,3,12.199088416917045,0.005186413429008962,1
96,2,A2_Q3,0,4,7.459457505881392,0.06708076449710133,1
96,2,A2_Q4,1,2,9.338319087523722,0.21263977947184617,1
96,3,A3_Q1,0,3,11.252594732130628,0.14313294530817783,1
96,3,A3_Q2,1,1,12.739199232583672,0.2999254690287133,1
96,3,A3_Q3,1,2,2.553375111423991,0.025937252136045696,1
96,3,A3_Q4,0,3,6.737866308224395,0.2745501413923665,1
96,4,A4_Q1,0,3,5.684777556209653,0.049219076479600554,1
96,4,A4_Q2,0,3,14.6721343360649,0.15603462435071835,1
96,4,A4_Q3,0,4,8.294923125164871,0.24200575642907385,1
96,4,A4_Q4,0,5,10.999144409796322,0.1360248691872804,1
96,5,A5_Q1,1,2,7.338749217505375,0.16569644921228338,1
96,5,A5_Q2,0,3,12.091903620982588,0.2823644082362056,1
96,5,A5_Q3,1,1,11.824932146062455,0.09105117274438566,1
96,5,A5_Q4,0,3,4.683245872958124,0.07639850592973403,1
97,1,A1_Q1,1,1,38.66946165910587,0.0,4
97,1,A1_Q2,1,1,28.097591555867844,0.0,4
97,1,A1_Q3,1,1,15.025533313942514,0.0,4
97,1,A1_Q4,1,1,25.111138809563087,0.0,4
97,2,A2_Q1,1,1,45.88940328444083,0.0,4
97,2,A2_Q2,1,1,19.03779675131435,0.0,4
97,2,A2_Q3,0,2,22.158158148187987,0.1,4
97,2,A2_Q4,1,1,37.39675468117834,0.0,4
97,3,A3_Q1,0,2,20.09540813889884,0.1,4
97,3,A3_Q2,1,1,36.08735589124417,0.0,4
97,3,A3_Q3,1,1,24.42869427427769,0.0,4
97,3,A3_Q4,0,2,28.422624173017258,0.1,4
97,4,A4_Q1,0,2,15.578554985058409,0.1,4
97,4,A4_Q2,1,1,43.51015752487,0.0,4
97,4,A4_Q3,0,2,13.346474343345369,0.1,4
97,4,A4_Q4,1,1,8.220322678053122,0.0,4
97,5,A5_Q1,1,1,40.92102961019334,0.0,4
97,5,A5_Q2,0,2,16.854716343207976,0.1,4
97,5,A5_Q3,0,2,10.53618911204974,0.1,4
97,5,A5_Q4,1,1,33.1149085879779,0.0,4
98,1,A1_Q1,0,5,5.9306436392517305,0.18600040004322252,1
98,1,A1_Q2,0,4,6.776085565696241,0.054191009382394593,1
98,1,A1_Q3,0,3,7.6019173354187854,0.06176619322997981,1
98,1,A1_Q4,1,1,2.0721101003251405,0.2809983913754043,1
98,2,A2_Q1,0,3,7.315398261493368,0.27900161333732176,1
98,2,A2_Q2,1,2,1.0,0.03462088779432244,1
98,2,A2_Q3,0,3,12.226764680815169,0.059871484768781624,1
98,2,A2_Q4,0,5,6.9645593565859185,0.10687843463788772,1
98,3,A3_Q1,0,4,6.082142548057824,0.12482120112260585,1
98,3,A3_Q2,0,5,5.137836637686237,0.15936031404587886,1
98,3,A3_Q3,1,2,8.589670333098747,0.18466578695795374,1
98,3,A3_Q4,0,3,6.553183369395451,0.21659494408549343,1
98,4,A4_Q1,0,4,10.704496328474134,0.03862633121041664,1
98,4,A4_Q2,0,3,9.978949994247111,0.11481875739533137,1
98,4,A4_Q3,0,4,11.171410306402787,0.20190244988660308,1
98,4,A4_Q4,1,2,6.238537522906388,0.04410448646993357,1
98,5,A5_Q1,1,2,10.263622340044709,0.0021289597484661525,1
98,5,A5_Q2,0,3,11.296950072325895,0.08784386002115063,1
98,5,A5_Q3,0,4,1.0,0.2861110879475124,1
98,5,A5_Q4,0,4,10.901818925185058,0.2708487921107894,1
99,1,A1_Q1,1,1,15.887449948303004,0.0,4
99,1,A1_Q2,1,1,28.632030952426593,0.0,4
99,1,A1_Q3,1,1,42.07994039860387,0.0,4
99,1,A1_Q4,1,1,7.543295617275042,0.0,4
99,2,A2_Q1,1,1,35.11778978650494,0.0,4
99,2,A2_Q2,1,1,36.18725838104466,0.0,4
99,2,A2_Q3,0,2,20.309540520149984,0.1,4
99,2,A2_Q4,1,1,25.163828604445634,0.0,4
99,3,A3_Q1,1,1,38.41780774784013,0.0,4
99,3,A3_Q2,0,2,19.291212229862307,0.1,4
99,3,A3_Q3,0,2,24.294473983299365,0.1,4
99,3,A3_Q4,1,1,41.955313880867095,0.0,4
99,4,A4_Q1,1,1,14.810302191866853,0.0,4
99,4,A4_Q2,1,1,35.045818144773904,0.0,4
99,4,A4_Q3,1,1,36.265383633369424,0.0,4
99,4,A4_Q4,1,1,22.540578735243987,0.0,4
99,5,A5_Q1,0,2,15.718257408593981,0.1,4
99,5,A5_Q2,1,1,23.88366263305441,0.0,4
99,5,A5_Q3,1,1,26.167851630413843,0.0,4
99,5,A5_Q4,1,1,35.4173764761619,0.0,4
100,1,A1_Q1,0,2,55.97208045564233,0.2,3
100,1,A1_Q2,1,1,22.09924046401726,0.0,3
100,1,A1_Q3,0,2,52.58178308351264,0.2,3
100,1,A1_Q4,1,1,16.60008930425115,0.0,3
100,2,A2_Q1,0,2,51.43505174052112,0.2,3
100,2,A2_Q2,0,2,45.04580139345484,0.2,3
100,2,A2_Q3,0,2,39.84943977009872,0.2,3
100,2,A2_Q4,1,1,26.075229623825834,0.0,3
100,3,A3_Q1,0,2,41.91135039564693,0.2,3
100,3,A3_Q2,1,1,11.102953572470874,0.0,3
100,3,A3_Q3,1,1,39.948639218167834,0.0,3
100,3,A3_Q4,0,2,35.38632131080566,0.2,3
100,4,A4_Q1,1,1,6.853661977472122,0.0,3
100,4,A4_Q2,0,2,27.867631174513406,0.2,3
100,4,A4_Q3,1,1,10.13078688271667,0.0,3
100,4,A4_Q4,1,1,23.880806855745654,0.0,3
100,5,A5_Q1,1,1,30.41229250944904,0.0,3
100,5,A5_Q2,1,1,38.04921104047101,0.0,3
100,5,A5_Q3,1,1,28.25331059889062,0.0,3
100,5,A5_Q4,1,1,30.252906993346762,0.0,3
101,1,A1_Q1,1,1,41.861454740422985,0.0,4
101,1,A1_Q2,1,1,45.40323979819886,0.0,4
101,1,A1_Q3,1,1,22.461378863090385,0.0,4
101,1,A1_Q4,1,1,33.82653551477492,0.0,4
101,2,A2_Q1,1,1,34.094385306422524,0.0,4
101,2,A2_Q2,1,1,27.233282282808545,0.0,4
101,2,A2_Q3,1,1,31.133943919666894,0.0,4
101,2,A2_Q4,1,1,34.58994001674291,0.0,4
101,3,A3_Q1,1,1,27.861248324453612,0.0,4
101,3,A3_Q2,0,2,13.645241394538587,0.1,4
101,3,A3_Q3,1,1,26.21420256786846,0.0,4
101,3,A3_Q4,1,1,31.837993729934297,0.0,4
101,4,A4_Q1,0,2,20.472538265236953,0.1,4
101,4,A4_Q2,0,2,17.445054149021363,0.1,4
101,4,A4_Q3,1,1,4.464504039441017,0.0,4
101,4,A4_Q4,0,2,14.080786794741655,0.1,4
101,5,A5_Q1,1,1,26.796149405632057,0.0,4
101,5,A5_Q2,1,1,12.206010694927794,0.0,4
101,5,A5_Q3,0,2,19.512373081271882,0.1,4
101,5,A5_Q4,1,1,44.883946776914286,0.0,4
102,1,A1_Q1,1,1,41.11622151508709,0.0,2
102,1,A1_Q2,1,1,55.4346265965724,0.0,2
102,1,A1_Q3,0,3,53.028060959034654,0.5507627425956738,2
102,1,A1_Q4,0,3,33.63135360192132,0.46123918409641623,2
102,2,A2_Q1,1,1,30.109478163470445,0.0,2
102,2,A2_Q2,1,1,17.8721092688156,0.0,2
102,2,A2_Q3,0,2,43.61019858854662,0.5645520486064664,2
102,2,A2_Q4,0,2,72.93364600234729,0.4575436868980059,2
102,3,A3_Q1,1,1,20.985160574211385,0.0,2
102,3,A3_Q2,1,1,27.63031724428746,0.0,2
102,3,A3_Q3,0,3,78.95592836915732,0.5422243634030571,2
102,3,A3_Q4,0,2,30.94887764010696,0.5512467179632426,2
102,4,A4_Q1,1,1,33.214979025547066,0.0,2
102,4,A4_Q2,1,1,34.86449683912647,0.0,2
102,4,A4_Q3,0,2,44.50795346959122,0.5499451493567087,2
102,4,A4_Q4,0,2,38.156280760723746,0.4795546703062079,2
102,5,A5_Q1,1,1,50.584919548228896,0.0,2
102,5,A5_Q2,1,1,25.95900651129416,0.0,2
102,5,A5_Q3,0,3,15.394745390313098,0.5003871161561722,2
102,5,A5_Q4,0,3,65.9302992158568,0.5619540807794524,2
103,1,A1_Q1,1,1,37.961336649237616,0.0,2
103,1,A1_Q2,1,1,33.59738975126788,0.0,2
103,1,A1_Q3,0,3,68.08993282765243,0.5271879153482867,2
103,1,A1_Q4,0,2,29.861452781097118,0.5867974837025234,2
103,2,A2_Q1,1,1,30.47825319784683,0.0,2
103,2,A2_Q2,1,1,24.23398223257029,0.0,2
103,2,A2_Q3,0,2,40.87275239733473,0.5887106291298818,2
103,2,A2_Q4,0,3,39.288858406024104,0.5018226770375044,2
103,3,A3_Q1,1,1,22.425692252472103,0.0,2
103,3,A3_Q2,1,1,33.316476671257625,0.0,2
103,3,A3_Q3,0,2,50.53144566883694,0.5946788582872087,2
103,3,A3_Q4,0,2,42.00200019781367,0.5790170345532629,2
103,4,A4_Q1,1,1,22.548322296826495,0.0,2
103,4,A4_Q2,1,1,28.37717552832586,0.0,2
103,4,A4_Q3,0,2,34.39281238109146,0.577521665898791,2
103,4,A4_Q4,0,3,97.0354367794411,0.573760219163564,2
103,5,A5_Q1,1,1,24.479563848369335,0.0,2
103,5,A5_Q2,1,1,22.2654415596657,0.0,2
103,5,A5_Q3,0,3,82.31988125126455,0.565091665159257,2
103,5,A5_Q4,0,3,67.13474842940917,0.4325805308954788,2
104,1,A1_Q1,0,2,49.504957237780346,0.2,3
104,1,A1_Q2,1,1,27.382417097789055,0.0,3
104,1,A1_Q3,1,1,23.725571645234993,0.0,3
104,1,A1_Q4,0,2,28.762614178827704,0.2,3
104,2,A2_Q1,1,1,26.300895305428526,0.0,3
104,2,A2_Q2,1,1,25.52038661550025,0.0,3
104,2,A2_Q3,1,1,17.851938641113566,0.0,3
104,2,A2_Q4,0,2,44.474949314613475,0.2,3
104,3,A3_Q1,0,2,41.17406617112622,0.2,3
104,3,A3_Q2,0,2,42.188745151119136,0.2,3
104,3,A3_Q3,1,1,42.932994952412585,0.0,3
104,3,A3_Q4,1,1,49.49975040996101,0.0,3
104,4,A4_Q1,0,2,50.22510070210512,0.2,3
104,4,A4_Q2,0,2,48.66746407892257,0.2,3
104,4,A4_Q3,1,1,34.90181517490741,0.0,3
104,4,A4_Q4,1,1,37.54899166549883,0.0,3
104,5,A5_Q1,0,2,44.73516371711171,0.2,3
104,5,A5_Q2,1,1,29.547456980356635,0.0,3
104,5,A5_Q3,0,2,43.04214729031418,0.2,3
104,5,A5_Q4,1,1,19.577284119527516,0.0,3
105,1,A1_Q1,0,3,36.76077630798735,0.9367871964031314,0
105,1,A1_Q2,0,3,43.862997296934765,0.9005514703452948,0
105,1,A1_Q3,1,1,30.78120069596099,0.0,0
105,1,A1_Q4,0,2,43.07613008851945,0.8447068625748259,0
105,2,A2_Q1,0,3,48.85026129987592,0.8984773197877796,0
105,2,A2_Q2,1,1,37.61497980985086,0.0,0
105,2,A2_Q3,0,4,26.81192958323023,0.9826556363468916,0
105,2,A2_Q4,1,1,8.155072649481912,0.0,0
105,3,A3_Q1,1,1,32.73528771141764,0.0,0
105,3,A3_Q2,0,3,20.88221339038946,0.9081590026985183,0
105,3,A3_Q3,1,1,58.1598590372273,0.0,0
105,3,A3_Q4,0,3,56.446518428141154,0.867004615804526,0
105,4,A4_Q1,0,4,86.47449151106886,0.7505321653395746,0
105,4,A4_Q2,0,3,48.32698367575315,0.911797120888598,0
105,4,A4_Q3,1,1,21.702743237322085,0.0,0
105,4,A4_Q4,0,3,20.89392579268886,0.8440404818915119,0
105,5,A5_Q1,0,2,4.927413194600945,0.7317101811637902,0
105,5,A5_Q2,1,1,31.90695287720439,0.0,0
105,5,A5_Q3,0,2,3.470315023256674,0.876643081046867,0
105,5,A5_Q4,1,1,36.84163208608955,0.0,0
106,1,A1_Q1,1,1,35.53568271763624,0.0,4
106,1,A1_Q2,1,1,34.50757011712359,0.0,4
106,1,A1_Q3,1,1,35.65124367352603,0.0,4
106,1,A1_Q4,1,1,26.89273150055531,0.0,4
106,2,A2_Q1,1,1,25.985744524278914,0.0,4
106,2,A2_Q2,1,1,32.12036511882924,0.0,4
106,2,A2_Q3,0,2,22.048987565366406,0.1,4
106,2,A2_Q4,1,1,18.802239508707416,0.0,4
106,3,A3_Q1,1,1,40.69203929040924,0.0,4
106,3,A3_Q2,1,1,34.71095107331025,0.0,4
106,3,A3_Q3,1,1,1.0,0.0,4
106,3,A3_Q4,1,1,9.081435777295287,0.0,4
106,4,A4_Q1,1,1,29.461080059868653,0.0,4
106,4,A4_Q2,1,1,10.528846232653809,0.0,4
106,4,A4_Q3,1,1,21.058585611948228,0.0,4
106,4,A4_Q4,1,1,37.93604803259595,0.0,4
106,5,A5_Q1,1,1,34.09738632769092,0.0,4
106,5,A5_Q2,1,1,32.72272686085639,0.0,4
106,5,A5_Q3,1,1,21.010760098610795,0.0,4
106,5,A5_Q4,1,1,20.552917907275923,0.0,4
107,1,A1_Q1,1,1,34.11557917253643,0.0,0
107,1,A1_Q2,1,1,33.3806691213965,0.0,0
107,1,A1_Q3,1,1,36.45972162819537,0.0,0
107,1,A1_Q4,0,4,35.855082997798334,0.7632119995224719,0
107,2,A2_Q1,1,1,22.501517896173997,0.0,0
107,2,A2_Q2,0,2,45.405530738572914,0.8018981861444328,0
107,2,A2_Q3,0,2,30.27716279398984,0.950072232893721,0
107,2,A2_Q4,1,1,35.091259950501055,0.0,0
107,3,A3_Q1,0,4,54.50214356476179,0.9614000777020848,0
107,3,A3_Q2,1,1,16.09105868741229,0.0,0
107,3,A3_Q3,0,3,33.138300966980026,0.9704340488615139,0
107,3,A3_Q4,0,3,46.764439521647155,0.8842506550956678,0
107,4,A4_Q1,0,2,21.13215351818999,0.7060137998597694,0
107,4,A4_Q2,0,2,71.37364554667822,0.7038296279553692,0
107,4,A4_Q3,0,4,34.1115746000526,0.914935894467637,0
107,4,A4_Q4,1,1,32.11280724441552,0.0,0
107,5,A5_Q1,0,2,43.17440644050027,0.9422433806955727,0
107,5,A5_Q2,0,3,26.5972736122108,0.7815122556562278,0
107,5,A5_Q3,0,2,20.183504789283557,0.7638550258115072,0
107,5,A5_Q4,0,2,69.86341949416311,0.782871682486943,0
108,1,A1_Q1,1,1,10.49330732343698,0.27913458016350934,1
108,1,A1_Q2,0,3,9.209823689111515,0.23609273981436024,1
108,1,A1_Q3,0,5,6.39175461463744,0.2877336875988882,1
108,1,A1_Q4,1,2,10.840299703719742,0.07783475132042289,1
108,2,A2_Q1,1,2,3.3666984552552677,0.01098890927964582,1
108,2,A2_Q2,1,1,6.624017098473001,0.05756195532135045,1
108,2,A2_Q3,1,2,6.055099017966846,0.28840038935844187,1
108,2,A2_Q4,1,2,7.25864661899708,0.21118100011035462,1
108,3,A3_Q1,0,3,9.807740803935022,0.18917660919256304,1
108,3,A3_Q2,0,4,7.349255028720386,0.17208835738287234,1
108,3,A3_Q3,0,3,11.776128374594801,0.26822986083184774,1
108,3,A3_Q4,0,4,1.5388082786256163,0.0894117996283353,1
108,4,A4_Q1,1,1,6.656560392840178,0.27499293080817483,1
108,4,A4_Q2,0,3,11.63710435370571,0.20279774692690206,1
108,4,A4_Q3,0,4,13.643164070970872,0.24738790584026787,1
108,4,A4_Q4,1,1,14.342525653825625,0.21747382398733184,1
108,5,A5_Q1,0,3,4.33058355677173,0.09376309567101666,1
108,5,A5_Q2,1,1,9.673361721209293,0.0633624775763855,1
108,5,A5_Q3,1,2,6.356012543776586,0.1418637966631635,1
108,5,A5_Q4,0,3,6.8779447479287015,0.2913659735656483,1
109,1,A1_Q1,0,2,44.09557162249371,0.854030349137746,0
109,1,A1_Q2,0,3,44.58397190759268,0.733802057990437,0
109,1,A1_Q3,0,3,41.32618566552719,0.9950791899216322,0
109,1,A1_Q4,0,2,41.74867768018696,0.7386241608627139,0
109,2,A2_Q1,0,2,42.05124414906448,0.8314895824099497,0
109,2,A2_Q2,0,4,32.31557280608542,0.7359664094451536,0
109,2,A2_Q3,0,3,37.36077064038005,0.7442359027798539,0
109,2,A2_Q4,0,2,52.25959305607489,0.9163861806921481,0
109,3,A3_Q1,0,4,37.0746116676693,0.9333633116610631,0
109,3,A3_Q2,1,1,7.591532559772617,0.0,0
109,3,A3_Q3,0,3,35.54691130963891,0.9294636490265407,0
109,3,A3_Q4,1,1,41.750235819608385,0.0,0
109,4,A4_Q1,0,2,44.96318982135263,0.9894071436485383,0
109,4,A4_Q2,0,4,50.83670477831469,0.7280972357822423,0
109,4,A4_Q3,0,3,52.38931233430096,0.9156972270559699,0
109,4,A4_Q4,1,1,46.064270979322586,0.0,0
109,5,A5_Q1,0,4,42.774558626097345,0.8243289437401109,0
109,5,A5_Q2,0,2,51.08234925175548,0.8065868929657956,0
109,5,A5_Q3,1,1,42.80332303871728,0.0,0
109,5,A5_Q4,0,4,32.854033590977274,0.7047560636120701,0
110,1,A1_Q1,0,4,30.141824376833647,0.9862394924713218,0
110,1,A1_Q2,0,4,39.39499134678935,0.7532228410363546,0
110,1,A1_Q3,0,3,25.727912260964175,0.7288377555196454,0
110,1,A1_Q4,0,3,38.165149268008825,0.7423378354897965,0
110,2,A2_Q1,0,4,29.229028245726035,0.9180933758585292,0
110,2,A2_Q2,0,3,44.17727620817118,0.9417573116002186,0
110,2,A2_Q3,1,1,24.040593026824265,0.0,0
110,2,A2_Q4,0,2,59.75283489429848,0.9667956279784959,0
110,3,A3_Q1,0,3,27.306800720683974,0.9645151919186189,0
110,3,A3_Q2,0,4,42.17295456788776,0.980872116342161,0
110,3,A3_Q3,0,4,18.3753228023378,0.8134074848303205,0
110,3,A3_Q4,1,1,38.26702974381481,0.0,0
110,4,A4_Q1,0,2,67.24909245333208,0.7895643777946492,0
110,4,A4_Q2,0,2,60.140051641189025,0.8554654946907783,0
110,4,A4_Q3,0,4,39.31106756889759,0.9834250240630635,0
110,4,A4_Q4,0,2,37.81093845830048,0.9036702526690622,0
110,5,A5_Q1,0,3,29.91373733942224,0.895679201783131,0
110,5,A5_Q2,1,1,22.26970290397297,0.0,0
110,5,A5_Q3,1,1,21.292722283562586,0.0,0
110,5,A5_Q4,1,1,37.24591778723123,0.0,0
111,1,A1_Q1,1,1,34.4848545419644,0.0,2
111,1,A1_Q2,1,1,48.01813945040762,0.0,2
111,1,A1_Q3,0,3,20.351717178822547,0.5031891757050847,2
111,1,A1_Q4,0,3,79.94507781758774,0.41407362158120586,2
111,2,A2_Q1,1,1,42.1480894776192,0.0,2
111,2,A2_Q2,1,1,34.62937404694409,0.0,2
111,2,A2_Q3,0,3,81.58875783389719,0.49032779910376756,2
111,2,A2_Q4,0,3,9.352223745470695,0.4810430246598557,2
111,3,A3_Q1,1,1,18.075872466435165,0.0,2
111,3,A3_Q2,1,1,31.962789225356058,0.0,2
111,3,A3_Q3,0,3,94.76706323541723,0.5383727816321688,2
111,3,A3_Q4,0,2,1.0,0.44731358504222,2
111,4,A4_Q1,1,1,21.984044322462637,0.0,2
111,4,A4_Q2,1,1,23.626713460599593,0.0,2
111,4,A4_Q3,0,3,58.336031489662275,0.5664324907458237,2
111,4,A4_Q4,0,3,56.4151971623228,0.45001649378278835,2
111,5,A5_Q1,1,1,21.6016212921961,0.0,2
111,5,A5_Q2,1,1,30.459204924477664,0.0,2
111,5,A5_Q3,0,2,14.080170371805679,0.4462697426400301,2
111,5,A5_Q4,0,2,45.456878317321156,0.45797613590677194,2
112,1,A1_Q1,0,4,4.547347123021059,0.1290166035573823,1
112,1,A1_Q2,1,1,8.264707261657845,0.16307867247338761,1
112,1,A1_Q3,0,4,6.801603528581442,0.01621428820491797,1
112,1,A1_Q4,0,3,16.396938590883977,0.1482472810655413,1
112,2,A2_Q1,1,1,3.1843489529121696,0.1200465818596197,1
112,2,A2_Q2,0,3,6.94487853085913,0.21233519350874475,1
112,2,A2_Q3,0,5,7.73874582157055,0.0773086944567539,1
112,2,A2_Q4,1,2,11.260686837760424,0.22769872874721828,1
112,3,A3_Q1,0,3,6.630508104594915,0.14766485498624005,1
112,3,A3_Q2,1,2,6.569543526709572,0.20391773880052746,1
112,3,A3_Q3,0,3,5.732147879924239,0.034128587641364824,1
112,3,A3_Q4,0,3,9.312043797823423,0.011265696018013681,1
112,4,A4_Q1,0,3,9.976862404343109,0.2590474351388455,1
112,4,A4_Q2,1,1,8.794535453584857,0.0972405521498389,1
112,4,A4_Q3,1,1,6.290903111222805,0.1529271200702614,1
112,4,A4_Q4,0,4,13.875495205636984,0.0628603871850377,1
112,5,A5_Q1,0,3,12.249235375100877,0.27957381977923673,1
112,5,A5_Q2,0,5,8.453098727165408,0.017139815802998993,1
112,5,A5_Q3,1,1,9.4378860685732,0.07837353973607471,1
112,5,A5_Q4,1,2,6.790136624267184,0.08246869747712632,1
113,1,A1_Q1,0,2,13.954006443801969,0.1,4
113,1,A1_Q2,0,2,24.052889601650023,0.1,4
113,1,A1_Q3,1,1,39.007077190419956,0.0,4
113,1,A1_Q4,1,1,24.057891276183334,0.0,4
113,2,A2_Q1,1,1,23.838565419510566,0.0,4
113,2,A2_Q2,1,1,44.488201083377156,0.0,4
113,2,A2_Q3,1,1,26.849180720910766,0.0,4
113,2,A2_Q4,1,1,35.05557853215008,0.0,4
113,3,A3_Q1,1,1,34.36235704801055,0.0,4
113,3,A3_Q2,1,1,20.708636594902416,0.0,4
113,3,A3_Q3,1,1,18.65979814065042,0.0,4
113,3,A3_Q4,0,2,12.795091827375407,0.1,4
113,4,A4_Q1,1,1,33.06698373659436,0.0,4
113,4,A4_Q2,1,1,24.49283211881425,0.0,4
113,4,A4_Q3,1,1,31.26062328003405,0.0,4
113,4,A4_Q4,1,1,37.77986678308069,0.0,4
113,5,A5_Q1,1,1,38.611845377637806,0.0,4
113,5,A5_Q2,0,2,30.36889341401642,0.1,4
113,5,A5_Q3,1,1,22.136959468616713,0.0,4
113,5,A5_Q4,1,1,41.013301648895506,0.0,4
114,1,A1_Q1,0,5,9.20883372051081,0.12315144640450695,1
114,1,A1_Q2,0,4,9.844736462472067,0.017844048932516864,1
114,1,A1_Q3,0,5,6.670209605546291,0.2383152675278569,1
114,1,A1_Q4,0,4,10.42720177653464,0.16004354277188781,1
114,2,A2_Q1,0,3,6.703868557265677,0.030225853187872884,1
114,2,A2_Q2,1,1,13.494665201825082,0.13171244664634438,1
114,2,A2_Q3,0,3,8.095278369744353,0.240411460639091,1
114,2,A2_Q4,0,4,9.48709406349095,0.09833136175236566,1
114,3,A3_Q1,1,2,7.9600014588906145,0.10001035143496884,1
114,3,A3_Q2,0,4,6.435039758883046,0.21463086098296213,1
114,3,A3_Q3,0,5,6.462233609064474,0.18285855292621908,1
114,3,A3_Q4,0,5,11.708078326201093,0.2216404149804569,1
114,4,A4_Q1,1,2,9.187206387395143,0.21890352409417238,1
114,4,A4_Q2,0,4,7.48497903822565,0.17575891515837647,1
114,4,A4_Q3,1,1,9.769812896985142,0.12276764405753877,1
114,4,A4_Q4,1,1,11.771308341965582,0.29647863454295603,1
114,5,A5_Q1,0,5,9.318358071373972,0.059562857660460496,1
114,5,A5_Q2,0,4,12.434419141701593,0.037632535335156,1
114,5,A5_Q3,1,2,5.08884805474624,0.08413896726139572,1
114,5,A5_Q4,1,2,9.038346359464848,0.2381680085286216,1
115,1,A1_Q1,0,2,19.804376832233235,0.1,4
115,1,A1_Q2,1,1,28.861108072329774,0.0,4
115,1,A1_Q3,1,1,37.116406067233264,0.0,4
115,1,A1_Q4,1,1,25.008571764259408,0.0,4
115,2,A2_Q1,1,1,47.591171482485464,0.0,4
115,2,A2_Q2,1,1,49.3107189295133,0.0,4
115,2,A2_Q3,1,1,25.972473532930316,0.0,4
115,2,A2_Q4,1,1,22.208364204858704,0.0,4
115,3,A3_Q1,1,1,39.787608815073405,0.0,4
115,3,A3_Q2,1,1,27.500720631191083,0.0,4
115,3,A3_Q3,1,1,30.576340629025097,0.0,4
115,3,A3_Q4,1,1,24.773257436336646,0.0,4
115,4,A4_Q1,1,1,40.13659829859492,0.0,4
115,4,A4_Q2,1,1,22.987729314032507,0.0,4
115,4,A4_Q3,0,2,22.964163079629945,0.1,4
115,4,A4_Q4,1,1,33.160927695682936,0.0,4
115,5,A5_Q1,0,2,21.867182587927047,0.1,4
115,5,A5_Q2,1,1,22.15309775885684,0.0,4
115,5,A5_Q3,1,1,15.961246400923843,0.0,4
115,5,A5_Q4,0,2,19.386072927260315,0.1,4
116,1,A1_Q1,0,2,19.68186581276319,0.1,4
116,1,A1_Q2,1,1,44.146426674953474,0.0,4
116,1,A1_Q3,1,1,16.166592230283896,0.0,4
116,1,A1_Q4,1,1,39.01728697140274,0.0,4
116,2,A2_Q1,1,1,22.339547975996002,0.0,4
116,2,A2_Q2,0,2,8.736033026343303,0.1,4
116,2,A2_Q3,0,2,11.82653240622802,0.1,4
116,2,A2_Q4,1,1,19.595900581282585,0.0,4
116,3,A3_Q1,1,1,14.934747419608847,0.0,4
116,3,A3_Q2,1,1,19.95709436505747,0.0,4
116,3,A3_Q3,1,1,23.017381512486075,0.0,4
116,3,A3_Q4,1,1,31.241756847446133,0.0,4
116,4,A4_Q1,1,1,28.316995768283572,0.0,4
116,4,A4_Q2,1,1,35.99103331863595,0.0,4
116,4,A4_Q3,1,1,21.502790785223038,0.0,4
116,4,A4_Q4,1,1,25.170160739271594,0.0,4
116,5,A5_Q1,1,1,30.375748593358654,0.0,4
116,5,A5_Q2,1,1,26.853091712119074,0.0,4
116,5,A5_Q3,1,1,11.703181847919172,0.0,4
116,5,A5_Q4,1,1,36.15967006046838,0.0,4
117,1,A1_Q1,0,4,5.990238066684547,0.16539521719884423,1
117,1,A1_Q2,0,4,7.002261860450375,0.0013513442940865982,1
117,1,A1_Q3,0,4,2.1359570132037398,0.13282948705856837,1
117,1,A1_Q4,0,4,7.340755362916536,0.04579744936223512,1
117,2,A2_Q1,0,3,11.545670127676681,0.13597850501451694,1
117,2,A2_Q2,0,5,12.191670055201616,0.2739617885442517,1
117,2,A2_Q3,1,2,13.359791071780087,0.05419880967072281,1
117,2,A2_Q4,0,4,5.549607920144918,0.05503736542765951,1
117,3,A3_Q1,0,5,12.27388319623173,0.018816651424337638,1
117,3,A3_Q2,0,3,12.07038310342391,0.15619660612023345,1
117,3,A3_Q3,0,3,13.101287889377279,0.18263938805411806,1
117,3,A3_Q4,0,5,6.121590406253233,0.0988134201102653,1
117,4,A4_Q1,0,4,8.849159486775962,0.201683648842224,1
117,4,A4_Q2,0,3,10.793416400705702,0.15626221099046572,1
117,4,A4_Q3,1,2,9.039913183342383,0.008501235115015392,1
117,4,A4_Q4,0,4,9.654002648269232,0.06445638192749943,1
117,5,A5_Q1,0,5,4.9302403298732465,0.18493826346863923,1
117,5,A5_Q2,0,4,9.956979607484696,0.25732966451173267,1
117,5,A5_Q3,0,3,7.955066679111108,0.13236890072751503,1
117,5,A5_Q4,1,2,11.336301857664015,0.12859944731684544,1
118,1,A1_Q1,0,2,27.357925412849468,0.1,4
118,1,A1_Q2,1,1,1.0,0.0,4
118,1,A1_Q3,0,2,13.525113056825383,0.1,4
118,1,A1_Q4,1,1,32.203675488380036,0.0,4
118,2,A2_Q1,0,2,17.651177678314316,0.1,4
118,2,A2_Q2,1,1,16.18567347469702,0.0,4
118,2,A2_Q3,1,1,32.20897656081387,0.0,4
118,2,A2_Q4,1,1,23.48089964614363,0.0,4
118,3,A3_Q1,0,2,18.174086918531327,0.1,4
118,3,A3_Q2,1,1,24.96756344698319,0.0,4
118,3,A3_Q3,1,1,45.941779562040125,0.0,4
118,3,A3_Q4,1,1,31.035381539491755,0.0,4
118,4,A4_Q1,1,1,21.19988018309236,0.0,4
118,4,A4_Q2,1,1,32.691809202551596,0.0,4
118,4,A4_Q3,1,1,44.69784258787496,0.0,4
118,4,A4_Q4,1,1,23.77729777106004,0.0,4
118,5,A5_Q1,1,1,24.957019841873766,0.0,4
118,5,A5_Q2,1,1,23.921761073843758,0.0,4
118,5,A5_Q3,1,1,17.105194127903125,0.0,4
118,5,A5_Q4,0,2,19.70172844003904,0.1,4
119,1,A1_Q1,1,1,12.983341417125839,0.0,3
119,1,A1_Q2,0,2,44.61232375209325,0.2,3
119,1,A1_Q3,1,1,11.366856016960057,0.0,3
119,1,A1_Q4,0,2,30.592637487025584,0.2,3
119,2,A2_Q1,0,2,40.88806040307607,0.2,3
119,2,A2_Q2,0,2,42.559639714983575,0.2,3
119,2,A2_Q3,1,1,41.25321305966439,0.0,3
119,2,A2_Q4,1,1,30.042616672190878,0.0,3
119,3,A3_Q1,0,2,52.340679118558626,0.2,3
119,3,A3_Q2,0,2,41.65771221368065,0.2,3
119,3,A3_Q3,1,1,37.12759778953743,0.0,3
119,3,A3_Q4,1,1,23.126264667797038,0.0,3
119,4,A4_Q1,0,2,43.32904754443117,0.2,3
119,4,A4_Q2,0,2,54.14335597648026,0.2,3
119,4,A4_Q3,1,1,19.300739544358606,0.0,3
119,4,A4_Q4,1,1,29.79130736937788,0.0,3
119,5,A5_Q1,1,1,12.562602970500368,0.0,3
119,5,A5_Q2,0,2,36.074654016110216,0.2,3
119,5,A5_Q3,1,1,31.05421279365861,0.0,3
119,5,A5_Q4,0,2,50.625959484284024,0.2,3
120,1,A1_Q1,0,3,27.868328766439078,0.9689418571777886,0
120,1,A1_Q2,0,4,49.77566614895369,0.7424834051853697,0
120,1,A1_Q3,0,4,33.876894577719725,0.9228696442295296,0
120,1,A1_Q4,0,2,72.71351506877062,0.9859960241302765,0
120,2,A2_Q1,1,1,35.138484513055694,0.0,0
120,2,A2_Q2,0,4,16.59192567981094,0.766038773259258,0
120,2,A2_Q3,1,1,25.52782185271144,0.0,0
120,2,A2_Q4,0,2,43.84902217214572,0.9345857850916456,0
120,3,A3_Q1,1,1,50.13295406927851,0.0,0
120,3,A3_Q2,1,1,27.723067841512588,0.0,0
120,3,A3_Q3,0,2,41.34283076140977,0.9823406754551341,0
120,3,A3_Q4,0,2,21.2452962556103,0.7948314663822686,0
120,4,A4_Q1,0,4,50.337707134703294,0.8995360534340847,0
120,4,A4_Q2,0,3,36.4328944386109,0.7556577925773157,0
120,4,A4_Q3,0,4,23.22909358027258,0.7756607206477992,0
120,4,A4_Q4,0,3,28.02544176439433,0.7488328303076106,0
120,5,A5_Q1,0,4,36.25945562241278,0.861225081579942,0
120,5,A5_Q2,1,1,18.36957349715398,0.0,0
120,5,A5_Q3,0,2,35.643191256583165,0.9728666285311607,0
120,5,A5_Q4,0,2,34.859340677801534,0.7456523805645753,0
121,1,A1_Q1,0,2,55.00932679195668,0.2,3
121,1,A1_Q2,0,2,53.598335614674575,0.2,3
121,1,A1_Q3,0,2,61.610939118967146,0.2,3
121,1,A1_Q4,1,1,25.008610485296344,0.0,3
121,2,A2_Q1,1,1,41.97168027247854,0.0,3
121,2,A2_Q2,1,1,19.55163686096929,0.0,3
121,2,A2_Q3,0,2,46.47298000389084,0.2,3
121,2,A2_Q4,0,2,41.18595469528586,0.2,3
121,3,A3_Q1,0,2,53.117055716132654,0.2,3
121,3,A3_Q2,1,1,33.31918447707887,0.0,3
121,3,A3_Q3,0,2,45.827000036385705,0.2,3
121,3,A3_Q4,1,1,12.893966455634857,0.0,3
121,4,A4_Q1,1,1,26.069097992985384,0.0,3
121,4,A4_Q2,0,2,35.77811094568372,0.2,3
121,4,A4_Q3,1,1,32.04516002811226,0.0,3
121,4,A4_Q4,1,1,25.047039291189307,0.0,3
121,5,A5_Q1,0,2,43.24836264221043,0.2,3
121,5,A5_Q2,1,1,27.35454101295278,0.0,3
121,5,A5_Q3,1,1,33.65759986092915,0.0,3
121,5,A5_Q4,0,2,49.92014280566899,0.2,3
122,1,A1_Q1,1,1,29.976942126291746,0.0,2
122,1,A1_Q2,1,1,29.88354451165847,0.0,2
122,1,A1_Q3,0,2,58.13813451713264,0.5855034031415649,2
122,1,A1_Q4,0,2,38.08063389463534,0.5310766398926906,2
122,2,A2_Q1,1,1,46.50572963232848,0.0,2
122,2,A2_Q2,1,1,23.707878504705576,0.0,2
122,2,A2_Q3,0,3,50.67049404777175,0.4975437736630739,2
122,2,A2_Q4,0,3,54.2316158415351,0.5280501829904553,2
122,3,A3_Q1,1,1,27.846513151717236,0.0,2
122,3,A3_Q2,1,1,39.929571304529645,0.0,2
122,3,A3_Q3,0,3,42.63100249267944,0.5962262391423101,2
122,3,A3_Q4,0,3,82.38278142500874,0.43222000465128446,2
122,4,A4_Q1,1,1,42.01931669539543,0.0,2
122,4,A4_Q2,1,1,30.08788442632072,0.0,2
122,4,A4_Q3,0,2,44.688147334751775,0.46909223029365377,2
122,4,A4_Q4,0,3,18.030077598320013,0.5348439264894793,2
122,5,A5_Q1,1,1,13.789917154236612,0.0,2
122,5,A5_Q2,1,1,23.02170711746102,0.0,2
122,5,A5_Q3,0,3,61.06003343807304,0.5009749630190614,2
122,5,A5_Q4,0,3,66.49576240024517,0.4850004828246395,2
123,1,A1_Q1,1,1,27.992593442908312,0.0,4
123,1,A1_Q2,0,2,11.577692166734103,0.1,4
123,1,A1_Q3,1,1,46.17370568133216,0.0,4
123,1,A1_Q4,1,1,19.92318174484552,0.0,4
123,2,A2_Q1,1,1,29.98828823808786,0.0,4
123,2,A2_Q2,0,2,24.287719535783452,0.1,4
123,2,A2_Q3,1,1,34.618193820468434,0.0,4
123,2,A2_Q4,0,2,19.53725073955229,0.1,4
123,3,A3_Q1,1,1,30.299895954775206,0.0,4
123,3,A3_Q2,1,1,30.68021544379055,0.0,4
123,3,A3_Q3,1,1,14.748393509609901,0.0,4
123,3,A3_Q4,1,1,29.988473337119274,0.0,4
123,4,A4_Q1,1,1,17.09065123189429,0.0,4
123,4,A4_Q2,0,2,18.965162532550515,0.1,4
123,4,A4_Q3,1,1,46.0323119662256,0.0,4
123,4,A4_Q4,1,1,20.94815092850894,0.0,4
123,5,A5_Q1,1,1,38.86659868632427,0.0,4
123,5,A5_Q2,1,1,14.08992516526354,0.0,4
123,5,A5_Q3,0,2,19.1533669908302,0.1,4
123,5,A5_Q4,1,1,18.788306796178922,0.0,4
124,1,A1_Q1,0,2,40.33508858977912,0.7203389187484337,0
124,1,A1_Q2,0,3,67.37499582773775,0.9498794945178745,0
124,1,A1_Q3,0,4,41.336511500558146,0.9074516637440784,0
124,1,A1_Q4,0,2,48.03209330530001,0.9102276002319147,0
124,2,A2_Q1,0,3,46.13597407501086,0.8211433015742498,0
124,2,A2_Q2,1,1,36.66627883456891,0.0,0
124,2,A2_Q3,1,1,16.52746082418651,0.0,0
124,2,A2_Q4,0,2,39.287538318177056,0.7239947448390264,0
124,3,A3_Q1,1,1,32.10246220002293,0.0,0
124,3,A3_Q2,0,3,63.17856569145529,0.7699755073799176,0
124,3,A3_Q3,0,2,49.214775102429684,0.7303084739473775,0
124,3,A3_Q4,1,1,17.555135501111344,0.0,0
124,4,A4_Q1,1,1,34.4982721372651,0.0,0
124,4,A4_Q2,1,1,22.7978797899321,0.0,0
124,4,A4_Q3,0,4,42.22324231079234,0.7759622444927072,0
124,4,A4_Q4,1,1,28.12830765742536,0.0,0
124,5,A5_Q1,1,1,22.957569935102647,0.0,0
124,5,A5_Q2,1,1,31.48064281449575,0.0,0
124,5,A5_Q3,0,4,41.24734979070993,0.8668709182077318,0
124,5,A5_Q4,1,1,35.925337195872444,0.0,0
125,1,A1_Q1,0,4,5.295890855473263,0.25736675557387195,1
125,1,A1_Q2,0,3,3.151146787735792,0.0048324655648010915,1
125,1,A1_Q3,0,5,8.772119319252049,0.2687436304195736,1
125,1,A1_Q4,0,4,3.6122127182008628,0.09704632849294383,1
125,2,A2_Q1,0,5,4.314560308509607,0.2292972000620111,1
125,2,A2_Q2,0,4,8.742441642920314,0.20599512700621117,1
125,2,A2_Q3,1,2,8.353045279105327,0.04660299075300508,1
125,2,A2_Q4,0,5,11.31714372752988,0.10387981523637914,1
125,3,A3_Q1,0,3,5.658219520782101,0.13787986489146706,1
125,3,A3_Q2,0,4,5.755412554826875,0.12500845190204002,1
125,3,A3_Q3,0,3,3.605075761685333,0.10291320173790305,1
125,3,A3_Q4,0,5,4.273454114571883,0.08773254137685473,1
125,4,A4_Q1,1,1,8.290231738817141,0.2560889785583871,1
125,4,A4_Q2,0,3,8.155789631913594,0.2976725744583366,1
125,4,A4_Q3,0,4,7.824709643007536,0.008699023300784403,1
125,4,A4_Q4,0,4,7.127556161877238,0.019347204136753882,1
125,5,A5_Q1,0,3,3.2939744347142286,0.2506694395713705,1
125,5,A5_Q2,1,2,12.680766588592792,0.19472418060566532,1
125,5,A5_Q3,0,5,5.186395066125187,0.02953041271349692,1
125,5,A5_Q4,1,2,4.62165807266378,0.06429002169686358,1
126,1,A1_Q1,0,2,54.929355992830466,0.9069104604585605,0
126,1,A1_Q2,0,2,30.537316738137154,0.7817401552099288,0
126,1,A1_Q3,0,4,33.02136304855617,0.879569305047493,0
126,1,A1_Q4,0,3,40.64092195758934,0.7975172930175446,0
126,2,A2_Q1,1,1,36.940364054767215,0.0,0
126,2,A2_Q2,0,2,7.021588909644841,0.8886164161076746,0
126,2,A2_Q3,0,3,40.4827763055526,0.9415044640354211,0
126,2,A2_Q4,1,1,44.92659816507147,0.0,0
126,3,A3_Q1,0,4,57.06071646443371,0.7472501644227411,0
126,3,A3_Q2,0,4,56.65189365700104,0.8070699661524264,0
126,3,A3_Q3,1,1,32.953917569286325,0.0,0
126,3,A3_Q4,1,1,46.15788151148339,0.0,0
126,4,A4_Q1,1,1,24.37062537166496,0.0,0
126,4,A4_Q2,1,1,33.67887277158516,0.0,0
126,4,A4_Q3,0,2,34.17225966465317,0.8170198197242884,0
126,4,A4_Q4,0,3,30.9231579009158,0.7645361791138122,0
126,5,A5_Q1,0,2,46.91195865423951,0.7823633754221333,0
126,5,A5_Q2,0,3,11.364154744732982,0.796805112123346,0
126,5,A5_Q3,0,2,30.491076662262714,0.9354866845859522,0
126,5,A5_Q4,1,1,18.61582594963776,0.0,0
127,1,A1_Q1,1,1,30.29994238693176,0.0,2
127,1,A1_Q2,1,1,27.42170623363968,0.0,2
127,1,A1_Q3,0,2,84.58579351447955,0.43735616143247413,2
127,1,A1_Q4,0,3,6.293823564351406,0.5192949155087905,2
127,2,A2_Q1,1,1,26.15612623407079,0.0,2
127,2,A2_Q2,1,1,27.94233006322828,0.0,2
127,2,A2_Q3,0,3,8.38518949218043,0.5290797348624969,2
127,2,A2_Q4,0,2,79.41981524053557,0.5509745057817121,2
127,3,A3_Q1,1,1,42.907055153121306,0.0,2
127,3,A3_Q2,1,1,43.96347503911844,0.0,2
127,3,A3_Q3,0,3,50.56856527423437,0.5403894400239613,2
127,3,A3_Q4,0,2,67.84684883118967,0.5175388939062624,2
127,4,A4_Q1,1,1,22.20624674739883,0.0,2
127,4,A4_Q2,1,1,23.48111417468619,0.0,2
127,4,A4_Q3,0,3,7.908344024693356,0.41931773649890647,2
127,4,A4_Q4,0,3,9.702131901178618,0.582715602280539,2
127,5,A5_Q1,1,1,47.693373234006245,0.0,2
127,5,A5_Q2,1,1,31.995073264388886,0.0,2
127,5,A5_Q3,0,2,30.35453493043693,0.5064265479164705,2
127,5,A5_Q4,0,2,43.43327762380625,0.5159072738299962,2
128,1,A1_Q1,0,4,53.1870748605931,0.8600564292942952,0
128,1,A1_Q2,0,2,40.517553478474866,0.7124497913157134,0
128,1,A1_Q3,0,2,27.73241203507969,0.8362812173081275,0
128,1,A1_Q4,0,2,44.764695535159525,0.8902275835239517,0
128,2,A2_Q1,0,2,14.242262712893869,0.7090060677152008,0
128,2,A2_Q2,0,3,10.988683818106345,0.9782684046457126,0
128,2,A2_Q3,0,4,34.967575614574855,0.7877826682118936,0
128,2,A2_Q4,0,3,37.48511526056344,0.7603518901341701,0
128,3,A3_Q1,0,4,60.29603740249611,0.9474043717683809,0
128,3,A3_Q2,0,4,37.59326414784517,0.965976878850684,0
128,3,A3_Q3,0,4,62.97463699223556,0.9155341843907248,0
128,3,A3_Q4,0,2,40.46782453701575,0.8013909937721436,0
128,4,A4_Q1,0,3,34.56095749480457,0.9200865487863841,0
128,4,A4_Q2,0,4,45.347318331621636,0.8836475976829687,0
128,4,A4_Q3,0,4,38.26004391517699,0.7359474276127801,0
128,4,A4_Q4,0,3,38.45722863866442,0.8134589048584657,0
128,5,A5_Q1,0,3,45.39521271529482,0.7565104696201209,0
128,5,A5_Q2,0,3,37.00690717854646,0.7667947705680356,0
128,5,A5_Q3,0,4,41.4828916751653,0.771671408700273,0
128,5,A5_Q4,0,4,33.39181812879819,0.8931681825319631,0
129,1,A1_Q1,0,2,25.735306798049237,0.2,3
129,1,A1_Q2,0,2,61.19915287326556,0.2,3
129,1,A1_Q3,0,2,48.55554185335978,0.2,3
129,1,A1_Q4,0,2,29.845953650691683,0.2,3
129,2,A2_Q1,1,1,44.5055046535574,0.0,3
129,2,A2_Q2,0,2,68.79043591397104,0.2,3
129,2,A2_Q3,1,1,38.41260686327212,0.0,3
129,2,A2_Q4,1,1,34.36715248168878,0.0,3
129,3,A3_Q1,0,2,38.984982131782274,0.2,3
129,3,A3_Q2,0,2,49.8703463516211,0.2,3
129,3,A3_Q3,1,1,41.006459371357025,0.0,3
129,3,A3_Q4,1,1,18.60850268477266,0.0,3
129,4,A4_Q1,1,1,36.14198551424351,0.0,3
129,4,A4_Q2,0,2,46.389585892817195,0.2,3
129,4,A4_Q3,1,1,18.77257227718532,0.0,3
129,4,A4_Q4,1,1,23.348650103487692,0.0,3
129,5,A5_Q1,1,1,8.935047609919046,0.0,3
129,5,A5_Q2,1,1,34.85344769543533,0.0,3
129,5,A5_Q3,0,2,44.396139077046186,0.2,3
129,5,A5_Q4,0,2,61.480027900566995,0.2,3
130,1,A1_Q1,1,1,25.42968180668371,0.0,2
130,1,A1_Q2,1,1,25.76201043057469,0.0,2
130,1,A1_Q3,0,2,30.01111716443592,0.5441786438104195,2
130,1,A1_Q4,0,2,86.39543574625195,0.5753685063763516,2
130,2,A2_Q1,1,1,4.547504503634634,0.0,2
130,2,A2_Q2,1,1,33.24984574576745,0.0,2
130,2,A2_Q3,0,3,33.141236142684235,0.5583813076844474,2
130,2,A2_Q4,0,2,53.38490809637929,0.559237189686774,2
130,3,A3_Q1,1,1,13.358838520227707,0.0,2
130,3,A3_Q2,1,1,38.832321466773365,0.0,2
130,3,A3_Q3,0,3,43.85959004774497,0.42549994533439717,2
130,3,A3_Q4,0,2,33.31457313864069,0.45827687720414645,2
130,4,A4_Q1,1,1,28.055204064515507,0.0,2
130,4,A4_Q2,1,1,42.916783613589416,0.0,2
130,4,A4_Q3,0,3,54.94170374199255,0.47678977885259455,2
130,4,A4_Q4,0,2,84.28366933248674,0.5514925046681377,2
130,5,A5_Q1,1,1,25.41307866463051,0.0,2
130,5,A5_Q2,1,1,33.94489061910049,0.0,2
130,5,A5_Q3,0,2,73.19835303721186,0.5379928714252724,2
130,5,A5_Q4,0,2,28.870058587494796,0.5026995922683715,2
131,1,A1_Q1,1,1,29.775310233254327,0.0,3
131,1,A1_Q2,1,1,38.62876173899741,0.0,3
131,1,A1_Q3,0,2,44.34512461978385,0.2,3
131,1,A1_Q4,0,2,34.4119985175218,0.2,3
131,2,A2_Q1,1,1,18.526584836786707,0.0,3
131,2,A2_Q2,0,2,43.65934750363624,0.2,3
131,2,A2_Q3,0,2,55.21635213827608,0.2,3
131,2,A2_Q4,0,2,44.58119945034931,0.2,3
131,3,A3_Q1,1,1,29.06337675110722,0.0,3
131,3,A3_Q2,1,1,25.497466122217286,0.0,3
131,3,A3_Q3,0,2,33.8207239196326,0.2,3
131,3,A3_Q4,0,2,32.48396407535256,0.2,3
131,4,A4_Q1,0,2,51.35329195216206,0.2,3
131,4,A4_Q2,0,2,52.02276427551578,0.2,3
131,4,A4_Q3,0,2,31.24365911213638,0.2,3
131,4,A4_Q4,0,2,62.83270810395837,0.2,3
131,5,A5_Q1,0,2,47.41802071555749,0.2,3
131,5,A5_Q2,0,2,42.28594939835503,0.2,3
131,5,A5_Q3,1,1,25.360520305155916,0.0,3
131,5,A5_Q4,0,2,57.10674552542197,0.2,3
132,1,A1_Q1,0,3,10.823062746122647,0.10495850826674354,1
132,1,A1_Q2,0,3,12.258367042393518,0.14790546254445094,1
132,1,A1_Q3,0,4,5.779599185030651,0.296755672459435,1
132,1,A1_Q4,1,1,7.790568829466939,0.06240736881997466,1
132,2,A2_Q1,0,3,6.334158509284012,0.13236033066387973,1
132,2,A2_Q2,0,3,12.495401972411123,0.1770693592219076,1
132,2,A2_Q3,0,5,11.901097505908965,0.25302833871271474,1
132,2,A2_Q4,1,2,10.703620341476924,0.16824370253325513,1
132,3,A3_Q1,0,3,6.400866693839909,0.23643568198356568,1
132,3,A3_Q2,1,1,8.943016049394291,0.05658615571278933,1
132,3,A3_Q3,1,2,5.020637528538858,0.08545580298318409,1
132,3,A3_Q4,1,2,9.62007259096773,0.18456846084006104,1
132,4,A4_Q1,1,2,5.367534283415121,0.26209014679041004,1
132,4,A4_Q2,0,4,7.447739398952242,0.2767869447387322,1
132,4,A4_Q3,0,5,12.488349101199862,0.27374551626911053,1
132,4,A4_Q4,0,3,2.8833452273011835,0.17401154637027674,1
132,5,A5_Q1,0,5,8.809550106526139,0.0024324590658639676,1
132,5,A5_Q2,0,5,7.256359642764011,0.20607822503229073,1
132,5,A5_Q3,0,4,2.700203841758152,0.003778511450828026,1
132,5,A5_Q4,0,5,6.298214856027255,0.1525217929933881,1
133,1,A1_Q1,0,3,35.34851809934764,0.7793212893788936,0
133,1,A1_Q2,0,4,81.88313301864942,0.884827696344998,0
133,1,A1_Q3,1,1,39.765444751538084,0.0,0
133,1,A1_Q4,1,1,50.56451330655989,0.0,0
133,2,A2_Q1,0,3,49.309086321989554,0.7892478009978005,0
133,2,A2_Q2,1,1,40.474969148759904,0.0,0
133,2,A2_Q3,1,1,20.542784124815274,0.0,0
133,2,A2_Q4,1,1,21.788402918046636,0.0,0
133,3,A3_Q1,1,1,35.375171269731425,0.0,0
133,3,A3_Q2,1,1,25.3344503117308,0.0,0
133,3,A3_Q3,0,3,44.084006482038596,0.7849050897651308,0
133,3,A3_Q4,0,2,29.661939293724494,0.9613815552850351,0
133,4,A4_Q1,0,4,43.323178358515904,0.8344684043578267,0
133,4,A4_Q2,0,3,6.316211536522559,0.8395105974192019,0
133,4,A4_Q3,0,3,32.328662800323684,0.8781621303003584,0
133,4,A4_Q4,0,4,34.59584729684536,0.7317867734032143,0
133,5,A5_Q1,1,1,36.22531343937194,0.0,0
133,5,A5_Q2,0,4,17.319905319076355,0.7319104499155731,0
133,5,A5_Q3,0,4,1.0,0.8045433927386966,0
133,5,A5_Q4,0,4,23.9041715556411,0.7629326241337324,0
134,1,A1_Q1,1,1,30.8724143782061,0.0,2
134,1,A1_Q2,1,1,15.065692639652738,0.0,2
134,1,A1_Q3,0,3,83.05499407028452,0.5090913390784984,2
134,1,A1_Q4,0,2,52.62110399454806,0.5064620526759821,2
134,2,A2_Q1,1,1,32.17207937528401,0.0,2
134,2,A2_Q2,1,1,25.352327760882723,0.0,2
134,2,A2_Q3,0,3,59.37080323092138,0.5284617911582037,2
134,2,A2_Q4,0,3,35.79203952661617,0.4644676916161887,2
134,3,A3_Q1,1,1,36.109643442466435,0.0,2
134,3,A3_Q2,1,1,31.535991352541664,0.0,2
134,3,A3_Q3,0,3,54.40227746602905,0.49290245010081546,2
134,3,A3_Q4,0,3,33.43609048621343,0.586682664089911,2
134,4,A4_Q1,1,1,40.15937223563556,0.0,2
134,4,A4_Q2,1,1,25.966202540313173,0.0,2
134,4,A4_Q3,0,2,9.010510286606383,0.5341406148291787,2
134,4,A4_Q4,0,2,53.30390681904914,0.43734659881947424,2
134,5,A5_Q1,1,1,17.144954769720975,0.0,2
134,5,A5_Q2,1,1,16.974225210464628,0.0,2
134,5,A5_Q3,0,2,42.3549550485625,0.478797501542611,2
134,5,A5_Q4,0,3,5.8222231439913585,0.5908895389705977,2
135,1,A1_Q1,0,2,60.23702657670144,0.8927595506018099,0
135,1,A1_Q2,0,3,13.204673134900865,0.9498337213069884,0
135,1,A1_Q3,0,3,32.98920887056808,0.9129715137338824,0
135,1,A1_Q4,0,2,36.48276645059676,0.9474169492230761,0
135,2,A2_Q1,1,1,21.320245774716682,0.0,0
135,2,A2_Q2,1,1,27.864067577949577,0.0,0
135,2,A2_Q3,0,2,23.07113990354448,0.7756807268802537,0
135,2,A2_Q4,1,1,12.910237888201909,0.0,0
135,3,A3_Q1,1,1,20.068663772796356,0.0,0
135,3,A3_Q2,0,3,38.04841699230425,0.9301504421033056,0
135,3,A3_Q3,1,1,23.320306619288644,0.0,0
135,3,A3_Q4,0,3,28.977836536987137,0.8493269690820688,0
135,4,A4_Q1,0,4,36.13887089222558,0.9317493538288941,0
135,4,A4_Q2,1,1,29.456635202512953,0.0,0
135,4,A4_Q3,0,3,34.4490507324223,0.7067813318077679,0
135,4,A4_Q4,0,2,33.174300689988705,0.773881220230952,0
135,5,A5_Q1,0,4,42.54621651955993,0.8269226568389448,0
135,5,A5_Q2,0,2,13.283542689566861,0.8159330052792452,0
135,5,A5_Q3,0,4,14.59751363747391,0.99835772451491,0
135,5,A5_Q4,0,3,55.522147650821296,0.7596750441211674,0
136,1,A1_Q1,1,1,42.64656907022541,0.0,2
136,1,A1_Q2,1,1,34.29836151048089,0.0,2
136,1,A1_Q3,0,3,61.24125504250456,0.4643324942789494,2
136,1,A1_Q4,0,2,30.91085974694494,0.48326989975928636,2
136,2,A2_Q1,1,1,33.44966706351954,0.0,2
136,2,A2_Q2,1,1,10.348482528193856,0.0,2
136,2,A2_Q3,0,3,50.306955756380624,0.44497735604510635,2
136,2,A2_Q4,0,3,66.88911744143331,0.5804244476490775,2
136,3,A3_Q1,1,1,23.374558997254574,0.0,2
136,3,A3_Q2,1,1,14.736772285694919,0.0,2
136,3,A3_Q3,0,3,68.02868330270735,0.46108884530969635,2
136,3,A3_Q4,0,2,30.61897896924834,0.5155471540321684,2
136,4,A4_Q1,1,1,49.805841184097886,0.0,2
136,4,A4_Q2,1,1,31.60876213579891,0.0,2
136,4,A4_Q3,0,3,87.30239533710281,0.5159935640406286,2
136,4,A4_Q4,0,2,51.78790557863226,0.5443297088503471,2
136,5,A5_Q1,1,1,6.338794864301246,0.0,2
136,5,A5_Q2,1,1,19.800626618959498,0.0,2
136,5,A5_Q3,0,2,43.574726614798486,0.47867056774955236,2
136,5,A5_Q4,0,2,72.9827409693707,0.5800469714864219,2
137,1,A1_Q1,0,2,46.42044478830545,0.2,3
137,1,A1_Q2,0,2,35.75767984680806,0.2,3
137,1,A1_Q3,1,1,19.703037603669394,0.0,3
137,1,A1_Q4,1,1,25.159828763779153,0.0,3
137,2,A2_Q1,1,1,37.497454754383476,0.0,3
137,2,A2_Q2,0,2,36.61499383616048,0.2,3
137,2,A2_Q3,1,1,22.575132222304006,0.0,3
137,2,A2_Q4,1,1,15.00132360737483,0.0,3
137,3,A3_Q1,1,1,29.939514813609147,0.0,3
137,3,A3_Q2,1,1,39.384154217891144,0.0,3
137,3,A3_Q3,0,2,38.58853365547134,0.2,3
137,3,A3_Q4,0,2,40.00127569589148,0.2,3
137,4,A4_Q1,1,1,35.430322792896526,0.0,3
137,4,A4_Q2,0,2,61.527489558168796,0.2,3
137,4,A4_Q3,0,2,59.55600479257298,0.2,3
137,4,A4_Q4,0,2,53.873823641411335,0.2,3
137,5,A5_Q1,1,1,23.42964762982676,0.0,3
137,5,A5_Q2,0,2,37.38239629317354,0.2,3
137,5,A5_Q3,1,1,27.003039433356857,0.0,3
137,5,A5_Q4,1,1,22.70366354664842,0.0,3
138,1,A1_Q1,0,3,10.260153379954076,0.04406897066333377,1
138,1,A1_Q2,1,1,5.538270333242313,0.24614893339735652,1
138,1,A1_Q3,0,3,5.857804646053464,0.052687939670400696,1
138,1,A1_Q4,0,5,11.847036260705279,0.07703085466137395,1
138,2,A2_Q1,0,5,7.757654174814156,0.015673675110248364,1
138,2,A2_Q2,0,3,6.787528521562091,0.07585649362876763,1
138,2,A2_Q3,0,4,7.956563424005751,0.2136088071163354,1
138,2,A2_Q4,1,2,4.833841335974799,0.27910535313992035,1
138,3,A3_Q1,1,2,7.898881716012428,0.09160596406433692,1
138,3,A3_Q2,0,5,10.189458086802892,0.29591465148866763,1
138,3,A3_Q3,0,4,10.034860612121525,0.22946584804958886,1
138,3,A3_Q4,0,4,3.778119669522793,0.19091181171287716,1
138,4,A4_Q1,1,2,8.597080531439808,0.2939958321861328,1
138,4,A4_Q2,1,2,12.617052125766248,0.19837959187952744,1
138,4,A4_Q3,0,5,10.187107956718158,0.27492665675026007,1
138,4,A4_Q4,0,3,7.128675553966552,0.21890988823401628,1
138,5,A5_Q1,1,1,6.707482223477392,0.24700424308384208,1
138,5,A5_Q2,0,3,13.14177740128098,0.2515502971329438,1
138,5,A5_Q3,1,1,8.341912004383317,0.09962216724714613,1
138,5,A5_Q4,0,3,10.711272863411802,0.19965282262716402,1
139,1,A1_Q1,0,4,7.3704747851933945,0.08643753865640753,1
139,1,A1_Q2,1,2,2.832319775742591,0.06295940318373634,1
139,1,A1_Q3,0,3,1.0,0.23356915426402786,1
139,1,A1_Q4,1,2,12.917769550225255,0.10963544539598208,1
139,2,A2_Q1,1,2,5.410837860965053,0.08368985832605816,1
139,2,A2_Q2,0,5,6.100267521187435,0.2971595715251454,1
139,2,A2_Q3,1,2,6.517429930799262,0.21532816344486924,1
139,2,A2_Q4,0,3,4.952121010416298,0.16751534327106657,1
139,3,A3_Q1,1,2,11.406519578309576,0.11102678402099127,1
139,3,A3_Q2,0,4,7.453572512988737,0.044951440256390425,1
139,3,A3_Q3,0,3,10.236116876005394,0.09139074968807301,1
139,3,A3_Q4,0,3,12.778892288082144,0.15957320906439074,1
139,4,A4_Q1,0,4,7.340911927350652,0.000936495406922888,1
139,4,A4_Q2,0,5,9.594214343602602,0.024820524918672326,1
139,4,A4_Q3,1,2,4.998111882550278,0.09926612630813827,1
139,4,A4_Q4,0,4,9.768509149631743,0.20181408345013085,1
139,5,A5_Q1,0,4,6.623369464925009,0.2225419425738516,1
139,5,A5_Q2,1,1,10.010367076664226,0.25724557612086607,1
139,5,A5_Q3,0,3,6.222603633858457,0.2248877256447071,1
139,5,A5_Q4,0,5,11.671879729721407,0.2797475339333039,1
140,1,A1_Q1,1,1,32.50359817075813,0.0,0
140,1,A1_Q2,0,4,39.14408062853266,0.7372710116667427,0
140,1,A1_Q3,0,2,53.036259872579095,0.9611201389317511,0
140,1,A1_Q4,1,1,11.056178040740921,0.0,0
140,2,A2_Q1,1,1,36.2963760302559,0.0,0
140,2,A2_Q2,0,3,59.81974304205106,0.8455215956689521,0
140,2,A2_Q3,0,2,28.45316199676232,0.7651421212113015,0
140,2,A2_Q4,1,1,15.12138296509377,0.0,0
140,3,A3_Q1,0,4,37.11808794075787,0.981800504722896,0
140,3,A3_Q2,0,2,45.02581527868257,0.9783430184943089,0
140,3,A3_Q3,0,4,21.715278836557495,0.8680628208222835,0
140,3,A3_Q4,0,3,28.765403540949322,0.7085560074515944,0
140,4,A4_Q1,0,4,29.663323034173146,0.9736688865998799,0
140,4,A4_Q2,0,4,30.218106443591456,0.8513923167844226,0
140,4,A4_Q3,0,3,44.488546928776614,0.8034360785963609,0
140,4,A4_Q4,0,2,47.382661051425956,0.8557680232568583,0
140,5,A5_Q1,0,2,44.7058477434536,0.9292279000638944,0
140,5,A5_Q2,0,2,53.64675017651744,0.822954301935505,0
140,5,A5_Q3,0,3,24.059904626072324,0.9463600610049864,0
140,5,A5_Q4,0,2,18.341116793893647,0.7444401766049149,0
141,1,A1_Q1,0,2,22.203036284849695,0.1,4
141,1,A1_Q2,0,2,18.73825480856377,0.1,4
141,1,A1_Q3,1,1,23.602111090104668,0.0,4
141,1,A1_Q4,1,1,52.545361021078655,0.0,4
141,2,A2_Q1,1,1,33.92002583446641,0.0,4
141,2,A2_Q2,1,1,43.03088273027946,0.0,4
141,2,A2_Q3,1,1,20.956218198472726,0.0,4
141,2,A2_Q4,1,1,30.349124688262304,0.0,4
141,3,A3_Q1,1,1,28.571217772087103,0.0,4
141,3,A3_Q2,1,1,16.63941970121521,0.0,4
141,3,A3_Q3,1,1,40.70566308480867,0.0,4
141,3,A3_Q4,1,1,14.27362485233746,0.0,4
141,4,A4_Q1,1,1,24.384193848173023,0.0,4
141,4,A4_Q2,1,1,53.44669895303431,0.0,4
141,4,A4_Q3,1,1,37.07523013666104,0.0,4
141,4,A4_Q4,1,1,29.105065926461318,0.0,4
141,5,A5_Q1,1,1,15.230660660633657,0.0,4
141,5,A5_Q2,1,1,40.969469577703705,0.0,4
141,5,A5_Q3,1,1,44.41529981722884,0.0,4
141,5,A5_Q4,1,1,16.29102641499864,0.0,4
142,1,A1_Q1,1,1,36.92672034252731,0.0,2
142,1,A1_Q2,1,1,34.591801673348634,0.0,2
142,1,A1_Q3,0,3,54.04500791058466,0.40311250925174325,2
142,1,A1_Q4,0,2,62.21022004718028,0.49206427801147967,2
142,2,A2_Q1,1,1,16.815818598736108,0.0,2
142,2,A2_Q2,1,1,33.269945132700975,0.0,2
142,2,A2_Q3,0,3,46.37195377719808,0.4575957215865001,2
142,2,A2_Q4,0,3,46.55250085092676,0.5249844939576913,2
142,3,A3_Q1,1,1,37.147317275176995,0.0,2
142,3,A3_Q2,1,1,36.78019915466992,0.0,2
142,3,A3_Q3,0,2,52.82403624978048,0.4960508002172309,2
142,3,A3_Q4,0,2,33.97217459474822,0.41062412483980026,2
142,4,A4_Q1,1,1,20.527969888404954,0.0,2
142,4,A4_Q2,1,1,26.2261348253779,0.0,2
142,4,A4_Q3,0,3,30.573346135717227,0.4262242419033,2
142,4,A4_Q4,0,2,92.41987131690219,0.4948651141100582,2
142,5,A5_Q1,1,1,39.77847564654331,0.0,2
142,5,A5_Q2,1,1,37.552429989905725,0.0,2
142,5,A5_Q3,0,2,31.568598695740373,0.48909553661666916,2
142,5,A5_Q4,0,3,75.11532350537118,0.42798379544539883,2
143,1,A1_Q1,0,4,68.88439191192916,0.918278002991423,0
143,1,A1_Q2,0,4,15.495974887159296,0.9673165581525462,0
143,1,A1_Q3,0,4,36.96491639694869,0.8891202778107998,0
143,1,A1_Q4,0,3,36.093707002711916,0.9787841955057428,0
143,2,A2_Q1,0,2,22.36129726495559,0.9149660919336998,0
143,2,A2_Q2,0,4,26.3743286054397,0.7615548500185482,0
143,2,A2_Q3,0,4,37.47165480424319,0.8515679433405021,0
143,2,A2_Q4,0,4,42.74519392467223,0.9719062633286939,0
143,3,A3_Q1,0,3,20.923260967573853,0.9116141678942251,0
143,3,A3_Q2,1,1,30.087725115897864,0.0,0
143,3,A3_Q3,0,3,28.107068395950296,0.8892911334610174,0
143,3,A3_Q4,0,2,35.222901494674645,0.7785258607111071,0
143,4,A4_Q1,0,4,42.31047762525381,0.8355225260546326,0
143,4,A4_Q2,1,1,20.3653526969531,0.0,0
143,4,A4_Q3,0,3,38.094446456874365,0.7954525628526109,0
143,4,A4_Q4,1,1,15.154684580689429,0.0,0
143,5,A5_Q1,1,1,36.60420935941312,0.0,0
143,5,A5_Q2,0,3,31.963100633905007,0.7813188970421091,0
143,5,A5_Q3,0,2,45.86314049720579,0.7265312762006507,0
143,5,A5_Q4,0,2,15.760354994244164,0.8354010175462292,0
144,1,A1_Q1,0,2,44.73210825556761,0.2,3
144,1,A1_Q2,1,1,48.16695925506038,0.0,3
144,1,A1_Q3,0,2,46.070313988032424,0.2,3
144,1,A1_Q4,0,2,58.206872819975054,0.2,3
144,2,A2_Q1,0,2,42.114763895498584,0.2,3
144,2,A2_Q2,0,2,46.7233600620363,0.2,3
144,2,A2_Q3,1,1,31.957360477699996,0.0,3
144,2,A2_Q4,0,2,47.31005931730485,0.2,3
144,3,A3_Q1,1,1,44.77111082881588,0.0,3
144,3,A3_Q2,0,2,36.19419395096798,0.2,3
144,3,A3_Q3,1,1,21.63023918267889,0.0,3
144,3,A3_Q4,0,2,28.159237453715864,0.2,3
144,4,A4_Q1,0,2,40.576248094677965,0.2,3
144,4,A4_Q2,0,2,60.661040450186604,0.2,3
144,4,A4_Q3,1,1,9.127625895812606,0.0,3
144,4,A4_Q4,0,2,58.801159295754985,0.2,3
144,5,A5_Q1,0,2,29.48806163351747,0.2,3
144,5,A5_Q2,0,2,54.22702318524627,0.2,3
144,5,A5_Q3,1,1,38.17903644597917,0.0,3
144,5,A5_Q4,1,1,14.866359349582387,0.0,3
145,1,A1_Q1,1,1,23.113819514375404,0.0,2
145,1,A1_Q2,1,1,37.88970125046921,0.0,2
145,1,A1_Q3,0,3,29.900481698002256,0.4804890276887185,2
145,1,A1_Q4,0,2,46.57884983281414,0.4869215307734507,2
145,2,A2_Q1,1,1,37.907593122325295,0.0,2
145,2,A2_Q2,1,1,29.779699274830595,0.0,2
145,2,A2_Q3,0,3,109.85621140121282,0.44025007291023394,2
145,2,A2_Q4,0,2,34.43444304519434,0.48710100549065183,2
145,3,A3_Q1,1,1,21.91811341751862,0.0,2
145,3,A3_Q2,1,1,27.51152281008971,0.0,2
145,3,A3_Q3,0,3,56.167286252637716,0.41151437306055944,2
145,3,A3_Q4,0,3,76.25263968178268,0.47604823328267803,2
145,4,A4_Q1,1,1,25.29244900875218,0.0,2
145,4,A4_Q2,1,1,41.21188142569905,0.0,2
145,4,A4_Q3,0,3,80.56663126972491,0.5941200135714917,2
145,4,A4_Q4,0,3,54.532728349641964,0.5995027491323792,2
145,5,A5_Q1,1,1,16.71979140875775,0.0,2
145,5,A5_Q2,1,1,29.73160431682848,0.0,2
145,5,A5_Q3,0,3,51.13340588143344,0.40992492554870513,2
145,5,A5_Q4,0,3,68.33340951354454,0.5724168171680463,2
146,1,A1_Q1,1,1,27.25973769255222,0.0,4
146,1,A1_Q2,1,1,32.49434304214054,0.0,4
146,1,A1_Q3,0,2,11.771418576631683,0.1,4
146,1,A1_Q4,0,2,19.78733023006218,0.1,4
146,2,A2_Q1,1,1,20.015316732780562,0.0,4
146,2,A2_Q2,1,1,13.335808102521767,0.0,4
146,2,A2_Q3,1,1,15.014210027730094,0.0,4
146,2,A2_Q4,1,1,46.190315693901795,0.0,4
146,3,A3_Q1,1,1,32.740908281706545,0.0,4
146,3,A3_Q2,1,1,42.83957076673437,0.0,4
146,3,A3_Q3,0,2,25.398511823643787,0.1,4
146,3,A3_Q4,1,1,28.0066838324754,0.0,4
146,4,A4_Q1,1,1,25.83715864220219,0.0,4
146,4,A4_Q2,1,1,19.25536170020012,0.0,4
146,4,A4_Q3,1,1,26.325499308038186,0.0,4
146,4,A4_Q4,1,1,28.40674364116397,0.0,4
146,5,A5_Q1,1,1,12.25768708664237,0.0,4
146,5,A5_Q2,1,1,20.297178910510524,0.0,4
146,5,A5_Q3,0,2,12.637296286216017,0.1,4
146,5,A5_Q4,0,2,16.505115293753274,0.1,4
147,1,A1_Q1,0,4,9.756614775015485,0.29185698141310285,1
147,1,A1_Q2,0,5,9.984987396154182,0.2835112396090813,1
147,1,A1_Q3,0,4,7.478378539056241,0.0755365360040653,1
147,1,A1_Q4,0,3,7.175356487774701,0.13829161567669465,1
147,2,A2_Q1,0,5,13.758858886392568,0.28264274468412137,1
147,2,A2_Q2,0,5,7.73190000878959,0.18694421020078705,1
147,2,A2_Q3,1,1,9.211930295166397,0.13063083867061065,1
147,2,A2_Q4,0,5,1.352532724937996,0.07545391190292024,1
147,3,A3_Q1,0,3,5.65213040539238,0.1819577601151601,1
147,3,A3_Q2,0,4,8.431245802697871,0.042349809959108906,1
147,3,A3_Q3,0,3,6.403568329480693,0.18364986621694368,1
147,3,A3_Q4,0,4,3.05116121169916,0.010519484705615612,1
147,4,A4_Q1,0,5,8.163396634490566,0.018637731216028717,1
147,4,A4_Q2,1,1,10.420029206493089,0.21390943691253117,1
147,4,A4_Q3,0,5,6.6232549346839935,0.2095441403444662,1
147,4,A4_Q4,1,1,15.150371109940597,0.16326000063408835,1
147,5,A5_Q1,1,2,8.416596851565014,0.29763794140568284,1
147,5,A5_Q2,0,3,12.361520711365655,0.17476615111259822,1
147,5,A5_Q3,0,3,11.349902407028427,0.11944648337543248,1
147,5,A5_Q4,0,4,2.4824888324851795,0.02709556808972191,1
148,1,A1_Q1,0,4,23.318877724348962,0.8976358353042738,0
148,1,A1_Q2,0,2,27.620620587537033,0.830616818838404,0
148,1,A1_Q3,0,3,45.229406491833196,0.7219155330431981,0
148,1,A1_Q4,0,3,33.567048989540986,0.9913892380919775,0
148,2,A2_Q1,1,1,38.07725728355048,0.0,0
148,2,A2_Q2,0,3,46.9204528162014,0.8770897215266799,0
148,2,A2_Q3,1,1,40.31380525277331,0.0,0
148,2,A2_Q4,0,2,34.33249796600992,0.8958440100442729,0
148,3,A3_Q1,0,3,34.926150336293844,0.9972404067837813,0
148,3,A3_Q2,0,2,36.13090444222404,0.748313864488204,0
148,3,A3_Q3,0,4,34.35366168117707,0.9330304814050219,0
148,3,A3_Q4,0,4,38.92215641796403,0.7053620592508947,0
148,4,A4_Q1,0,3,28.17967571836516,0.8421759282733575,0
148,4,A4_Q2,1,1,32.1114021307696,0.0,0
148,4,A4_Q3,0,4,23.279151160674875,0.9770154003972171,0
148,4,A4_Q4,1,1,34.88197776891286,0.0,0
148,5,A5_Q1,0,4,64.39646101913289,0.7420193678076809,0
148,5,A5_Q2,0,4,33.47959442828714,0.763654114770062,0
148,5,A5_Q3,0,3,33.048736433258554,0.7872231597672021,0
148,5,A5_Q4,0,4,16.059612228572867,0.9143044826206614,0
149,1,A1_Q1,0,2,36.71972820812341,0.2,3
149,1,A1_Q2,1,1,37.167056822387096,0.0,3
149,1,A1_Q3,1,1,33.959142209580456,0.0,3
149,1,A1_Q4,0,2,36.62619210317533,0.2,3
149,2,A2_Q1,0,2,44.39068364852716,0.2,3
149,2,A2_Q2,0,2,47.33865101009247,0.2,3
149,2,A2_Q3,1,1,41.64990882563923,0.0,3
149,2,A2_Q4,0,2,52.07586457485561,0.2,3
149,3,A3_Q1,1,1,50.520733114219354,0.0,3
149,3,A3_Q2,1,1,12.940409051092647,0.0,3
149,3,A3_Q3,0,2,55.06411040026555,0.2,3
149,3,A3_Q4,1,1,38.17036686259191,0.0,3
149,4,A4_Q1,0,2,38.605939641254785,0.2,3
149,4,A4_Q2,1,1,23.831673990228325,0.0,3
149,4,A4_Q3,1,1,32.87272514027427,0.0,3
149,4,A4_Q4,1,1,39.437155057560446,0.0,3
149,5,A5_Q1,1,1,36.134601656718374,0.0,3
149,5,A5_Q2,0,2,27.205610745765693,0.2,3
149,5,A5_Q3,1,1,24.669959181736658,0.0,3
149,5,A5_Q4,1,1,38.14466732748507,0.0,3
150,1,A1_Q1,1,1,13.285010696410632,0.11121319711133522,1
150,1,A1_Q2,0,4,7.464058406965836,0.24983250936820472,1
150,1,A1_Q3,0,5,5.64028372532645,0.1665055572615873,1
150,1,A1_Q4,0,4,5.8498017685334975,0.28505421324541247,1
150,2,A2_Q1,0,5,10.335882093926472,0.06932667664037057,1
150,2,A2_Q2,0,4,10.075156069724805,0.049662238446926174,1
150,2,A2_Q3,1,1,9.375167029871205,0.10924584573138164,1
150,2,A2_Q4,1,2,9.062223503041837,0.2569704589469697,1
150,3,A3_Q1,0,5,7.921631983616286,0.11818327940717538,1
150,3,A3_Q2,0,3,8.45757764869285,0.13546390829191693,1
150,3,A3_Q3,0,5,8.186949838023917,0.0784478711182858,1
150,3,A3_Q4,1,2,13.951112406436254,0.046222719741925045,1
150,4,A4_Q1,0,3,7.965402076415804,0.013517874575917643,1
150,4,A4_Q2,0,3,12.89334529236675,0.06806115489944824,1
150,4,A4_Q3,1,1,5.490976091004335,0.28449281412911,1
150,4,A4_Q4,0,3,12.688567176927755,0.0006552283516671698,1
150,5,A5_Q1,1,2,10.33756273100241,0.060740262628725006,1
150,5,A5_Q2,1,2,2.0204257613253427,0.10822432351656276,1
150,5,A5_Q3,0,4,5.217880982912199,0.23599575482290402,1
150,5,A5_Q4,0,3,11.012127208375887,0.0588541820813936,1
151,1,A1_Q1,0,4,10.968646943220312,0.12324277871230244,1
151,1,A1_Q2,0,5,7.230036389893106,0.11172019981060684,1
151,1,A1_Q3,1,2,5.89551787679184,0.10691472914363218,1
151,1,A1_Q4,0,3,9.915629951802797,0.266920600434917,1
151,2,A2_Q1,1,2,10.761892143750547,0.04041613352719908,1
151,2,A2_Q2,0,4,9.56050429683805,0.1521611810303455,1
151,2,A2_Q3,0,3,8.243831502773206,0.06868270084183357,1
151,2,A2_Q4,0,5,8.172302180892904,0.23899702049734284,1
151,3,A3_Q1,0,5,8.915745978852714,0.14257395797616013,1
151,3,A3_Q2,1,1,8.324586525544891,0.1650116222995812,1
151,3,A3_Q3,0,5,11.523349798964622,0.293731018275682,1
151,3,A3_Q4,1,1,12.332780140461136,0.23807735916069706,1
151,4,A4_Q1,0,5,8.751678520790277,0.15323760914966517,1
151,4,A4_Q2,0,4,7.5653997345617165,0.03244378270115959,1
151,4,A4_Q3,0,5,8.485518419127803,0.1105861957494866,1
151,4,A4_Q4,0,5,3.1424808304524054,0.2730665104230936,1
151,5,A5_Q1,0,5,7.006760086097216,0.2885981729600468,1
151,5,A5_Q2,0,4,7.4143916395124965,0.1800607641277742,1
151,5,A5_Q3,0,5,7.711998014798425,0.24576917305203066,1
151,5,A5_Q4,0,3,9.616894992061972,0.2528361738341787,1
152,1,A1_Q1,1,1,20.818881855751677,0.0,3
152,1,A1_Q2,1,1,25.922729827313816,0.0,3
152,1,A1_Q3,0,2,58.52739894661096,0.2,3
152,1,A1_Q4,0,2,30.78650054681453,0.2,3
152,2,A2_Q1,1,1,47.52291909122032,0.0,3
152,2,A2_Q2,1,1,41.46366075296831,0.0,3
152,2,A2_Q3,1,1,27.13617329826613,0.0,3
152,2,A2_Q4,0,2,50.7629965304051,0.2,3
152,3,A3_Q1,0,2,35.21976976477432,0.2,3
152,3,A3_Q2,0,2,35.124972065305315,0.2,3
152,3,A3_Q3,0,2,51.928152103009225,0.2,3
152,3,A3_Q4,0,2,27.35511030343096,0.2,3
152,4,A4_Q1,1,1,26.604698433340133,0.0,3
152,4,A4_Q2,0,2,31.72201326520569,0.2,3
152,4,A4_Q3,0,2,45.49197937810763,0.2,3
152,4,A4_Q4,0,2,33.876725303294194,0.2,3
152,5,A5_Q1,1,1,18.32242584100079,0.0,3
152,5,A5_Q2,0,2,46.63194024655167,0.2,3
152,5,A5_Q3,1,1,35.09295323642008,0.0,3
152,5,A5_Q4,1,1,23.839287846636765,0.0,3
153,1,A1_Q1,1,1,41.79747606415444,0.0,2
153,1,A1_Q2,1,1,26.712045824305516,0.0,2
153,1,A1_Q3,0,2,82.72892967409942,0.4970744742409101,2
153,1,A1_Q4,0,3,44.0738555555456,0.4347121360145638,2
153,2,A2_Q1,1,1,23.006870779862876,0.0,2
153,2,A2_Q2,1,1,34.31233376146437,0.0,2
153,2,A2_Q3,0,2,14.912098754385205,0.5336721404234788,2
153,2,A2_Q4,0,3,82.95755211567347,0.576765864695097,2
153,3,A3_Q1,1,1,41.54214892291474,0.0,2
153,3,A3_Q2,1,1,19.65836787838658,0.0,2
153,3,A3_Q3,0,2,34.02130292686401,0.5757395167652152,2
153,3,A3_Q4,0,3,30.405144879807075,0.5812194899287566,2
153,4,A4_Q1,1,1,32.024980071945194,0.0,2
153,4,A4_Q2,1,1,19.521722957457175,0.0,2
153,4,A4_Q3,0,2,37.33148385849857,0.5229285637869772,2
153,4,A4_Q4,0,2,73.87223510345176,0.5671385174385384,2
153,5,A5_Q1,1,1,38.09768308345471,0.0,2
153,5,A5_Q2,1,1,38.166121536347006,0.0,2
153,5,A5_Q3,0,2,50.90421535114962,0.5066061122976511,2
153,5,A5_Q4,0,2,29.043803632435395,0.4444706038420629,2
154,1,A1_Q1,1,1,38.71555966288142,0.0,2
154,1,A1_Q2,1,1,33.2717055287779,0.0,2
154,1,A1_Q3,0,3,77.6027787773703,0.4481345499690574,2
154,1,A1_Q4,0,2,69.06884852505931,0.5749954117248235,2
154,2,A2_Q1,1,1,32.235257244763886,0.0,2
154,2,A2_Q2,1,1,35.562421875288834,0.0,2
154,2,A2_Q3,0,2,63.51741204460562,0.5790792535286886,2
154,2,A2_Q4,0,2,42.24581200113806,0.4968945618066385,2
154,3,A3_Q1,1,1,53.456241618964405,0.0,2
154,3,A3_Q2,1,1,15.999287655982613,0.0,2
154,3,A3_Q3,0,3,26.390790295358357,0.5413638890020288,2
154,3,A3_Q4,0,2,49.039716722032196,0.48314226182996967,2
154,4,A4_Q1,1,1,38.48298179304868,0.0,2
154,4,A4_Q2,1,1,36.48252656325869,0.0,2
154,4,A4_Q3,0,3,61.47953401663355,0.5059821217121898,2
154,4,A4_Q4,0,2,60.317889832390776,0.5424788056945843,2
154,5,A5_Q1,1,1,44.14840662825554,0.0,2
154,5,A5_Q2,1,1,21.2580072998585,0.0,2
154,5,A5_Q3,0,2,40.94619702980933,0.43367705966061093,2
154,5,A5_Q4,0,3,66.3571575635221,0.530924299159411,2
155,1,A1_Q1,0,3,14.559627515527367,0.11168389704297241,1
155,1,A1_Q2,0,3,6.613735218076232,0.24393151413325315,1
155,1,A1_Q3,0,5,6.8677297966090105,0.165609712751955,1
155,1,A1_Q4,1,2,7.718691796936262,0.0900681334624159,1
155,2,A2_Q1,0,4,10.467296935317853,0.06508296762220077,1
155,2,A2_Q2,0,4,1.0,0.11760886044107738,1
155,2,A2_Q3,0,3,10.654527748403476,0.28584115447475195,1
155,2,A2_Q4,0,4,1.8663312411871553,0.2478807449587743,1
155,3,A3_Q1,1,1,6.873473058081501,0.290795160980801,1
155,3,A3_Q2,0,4,2.891527678587128,0.2693290732557564,1
155,3,A3_Q3,1,1,12.857162092789533,0.13008677607050215,1
155,3,A3_Q4,1,2,8.562378146266733,0.2806636618535298,1
155,4,A4_Q1,0,5,9.30084138526592,0.005447389682123649,1
155,4,A4_Q2,0,4,9.543428211595248,0.15250415247220295,1
155,4,A4_Q3,1,2,7.2427164463223015,0.203663469717179,1
155,4,A4_Q4,0,5,8.675770045950799,0.1981943667415703,1
155,5,A5_Q1,0,3,6.264044342573509,0.061336614425819065,1
155,5,A5_Q2,0,3,5.808069005593597,0.10402802157602059,1
155,5,A5_Q3,0,4,7.17248012031063,0.0718784648896174,1
155,5,A5_Q4,1,2,9.29764605469831,0.19881672701045333,1
156,1,A1_Q1,1,1,38.7424781081708,0.0,0
156,1,A1_Q2,0,3,29.271062210272312,0.7626237647195887,0
156,1,A1_Q3,0,3,47.30827291945641,0.9830901011945484,0
156,1,A1_Q4,0,3,13.985531857950033,0.7840159616849669,0
156,2,A2_Q1,1,1,42.647143405969,0.0,0
156,2,A2_Q2,1,1,24.791238516508827,0.0,0
156,2,A2_Q3,0,4,66.45428811626185,0.9970575367755015,0
156,2,A2_Q4,1,1,38.63087786005247,0.0,0
156,3,A3_Q1,0,3,54.234223342106446,0.9503133590969224,0
156,3,A3_Q2,0,3,37.27495657799943,0.8707130949986999,0
156,3,A3_Q3,0,3,50.56178182521709,0.7681447266510839,0
156,3,A3_Q4,0,3,16.525354427498545,0.7024254029590032,0
156,4,A4_Q1,1,1,13.955427341482626,0.0,0
156,4,A4_Q2,0,3,46.528172924344034,0.8983391760477151,0
156,4,A4_Q3,1,1,22.585017500872752,0.0,0
156,4,A4_Q4,0,2,50.03627815401286,0.8282268407108309,0
156,5,A5_Q1,0,3,45.14970918851732,0.929454367965995,0
156,5,A5_Q2,0,2,51.91747436134466,0.9525925076218813,0
156,5,A5_Q3,0,2,27.612826296344405,0.8883198206686798,0
156,5,A5_Q4,0,4,19.508288785994726,0.8631395484413823,0
157,1,A1_Q1,1,1,56.32580773330154,0.0,2
157,1,A1_Q2,1,1,30.59999208856506,0.0,2
157,1,A1_Q3,0,2,25.98773641435349,0.5546608080228751,2
157,1,A1_Q4,0,3,42.57485258659212,0.469300177473149,2
157,2,A2_Q1,1,1,33.89934386312588,0.0,2
157,2,A2_Q2,1,1,30.792168244200184,0.0,2
157,2,A2_Q3,0,2,55.72083185027375,0.4657018108675726,2
157,2,A2_Q4,0,2,44.853782676306466,0.406808901240053,2
157,3,A3_Q1,1,1,31.860527044102568,0.0,2
157,3,A3_Q2,1,1,43.02597811624912,0.0,2
157,3,A3_Q3,0,3,34.274925527869016,0.5789821285129332,2
157,3,A3_Q4,0,3,62.46684601349657,0.5763088900811864,2
157,4,A4_Q1,1,1,45.98848825901754,0.0,2
157,4,A4_Q2,1,1,32.02953934281965,0.0,2
157,4,A4_Q3,0,2,73.44021482761015,0.4277551768225262,2
157,4,A4_Q4,0,2,30.444355106405087,0.44892253401390503,2
157,5,A5_Q1,1,1,34.49166555234733,0.0,2
157,5,A5_Q2,1,1,21.844992366903192,0.0,2
157,5,A5_Q3,0,3,66.37032120904826,0.439945703824481,2
157,5,A5_Q4,0,2,58.67124920383759,0.5225444103883514,2
158,1,A1_Q1,1,1,35.58039671519016,0.0,2
158,1,A1_Q2,1,1,11.126630485649155,0.0,2
158,1,A1_Q3,0,2,44.50844000494075,0.4617584059601192,2
158,1,A1_Q4,0,3,29.285504447221385,0.43953418737485384,2
158,2,A2_Q1,1,1,19.956621737060935,0.0,2
158,2,A2_Q2,1,1,31.26824685134962,0.0,2
158,2,A2_Q3,0,3,53.53524206500528,0.547337175173873,2
158,2,A2_Q4,0,2,47.16130106431426,0.5889670906041474,2
158,3,A3_Q1,1,1,34.940400192124,0.0,2
158,3,A3_Q2,1,1,43.52942047770699,0.0,2
158,3,A3_Q3,0,2,36.90900920327234,0.554430466298623,2
158,3,A3_Q4,0,2,78.06285099925805,0.4229279887171414,2
158,4,A4_Q1,1,1,28.0093744624013,0.0,2
158,4,A4_Q2,1,1,31.84827033621654,0.0,2
158,4,A4_Q3,0,2,61.196568976561196,0.5005788155880838,2
158,4,A4_Q4,0,3,47.38397560420258,0.5718364398822217,2
158,5,A5_Q1,1,1,13.648024900157509,0.0,2
158,5,A5_Q2,1,1,14.450511765658508,0.0,2
158,5,A5_Q3,0,3,27.501199562300314,0.5601566826747786,2
158,5,A5_Q4,0,3,49.65317329632568,0.4289797318614692,2
159,1,A1_Q1,0,2,22.945217698390163,0.1,4
159,1,A1_Q2,1,1,47.09560562892244,0.0,4
159,1,A1_Q3,1,1,19.32667777015209,0.0,4
159,1,A1_Q4,1,1,28.453424613752933,0.0,4
159,2,A2_Q1,1,1,29.398689769919482,0.0,4
159,2,A2_Q2,0,2,16.307012090587442,0.1,4
159,2,A2_Q3,1,1,31.187482200397234,0.0,4
159,2,A2_Q4,1,1,21.539027986604385,0.0,4
159,3,A3_Q1,1,1,33.91702905621389,0.0,4
159,3,A3_Q2,1,1,15.844660707118209,0.0,4
159,3,A3_Q3,1,1,25.88588086315067,0.0,4
159,3,A3_Q4,0,2,23.55805111827294,0.1,4
159,4,A4_Q1,1,1,34.01731405416639,0.0,4
159,4,A4_Q2,1,1,20.272864090628893,0.0,4
159,4,A4_Q3,1,1,14.801013949996793,0.0,4
159,4,A4_Q4,1,1,16.636748134841923,0.0,4
159,5,A5_Q1,1,1,19.24593207886158,0.0,4
159,5,A5_Q2,0,2,24.687144516984564,0.1,4
159,5,A5_Q3,1,1,50.59854811240051,0.0,4
159,5,A5_Q4,1,1,21.570543384000473,0.0,4
160,1,A1_Q1,1,1,41.96886763916562,0.0,3
160,1,A1_Q2,0,2,42.98342087300323,0.2,3
160,1,A1_Q3,0,2,40.227755150450555,0.2,3
160,1,A1_Q4,0,2,38.89744099635523,0.2,3
160,2,A2_Q1,0,2,62.9701034386445,0.2,3
160,2,A2_Q2,1,1,45.30341811543412,0.0,3
160,2,A2_Q3,1,1,38.87669311435047,0.0,3
160,2,A2_Q4,1,1,22.1049314866461,0.0,3
160,3,A3_Q1,0,2,47.32094084722442,0.2,3
160,3,A3_Q2,1,1,47.00192764882957,0.0,3
160,3,A3_Q3,1,1,38.24828341876483,0.0,3
160,3,A3_Q4,1,1,40.37587057761567,0.0,3
160,4,A4_Q1,0,2,53.42732169210926,0.2,3
160,4,A4_Q2,1,1,32.93690336850415,0.0,3
160,4,A4_Q3,1,1,36.91835637410718,0.0,3
160,4,A4_Q4,1,1,27.104371285528874,0.0,3
160,5,A5_Q1,0,2,65.6843534052108,0.2,3
160,5,A5_Q2,1,1,44.91101065719876,0.0,3
160,5,A5_Q3,0,2,35.829831985243786,0.2,3
160,5,A5_Q4,0,2,64.15552372485652,0.2,3
161,1,A1_Q1,1,1,21.04548010991953,0.0,3
161,1,A1_Q2,0,2,46.90634942314331,0.2,3
161,1,A1_Q3,1,1,20.48291761835053,0.0,3
161,1,A1_Q4,0,2,33.686337564267106,0.2,3
161,2,A2_Q1,0,2,41.91547206987825,0.2,3
161,2,A2_Q2,0,2,48.22374696584476,0.2,3
161,2,A2_Q3,0,2,40.34090805824379,0.2,3
161,2,A2_Q4,0,2,48.7387539024344,0.2,3
161,3,A3_Q1,1,1,44.1190243370986,0.0,3
161,3,A3_Q2,1,1,14.304592536699428,0.0,3
161,3,A3_Q3,0,2,48.26853247753334,0.2,3
161,3,A3_Q4,1,1,37.24411762348285,0.0,3
161,4,A4_Q1,0,2,46.071024517646144,0.2,3
161,4,A4_Q2,1,1,26.190698817875074,0.0,3
161,4,A4_Q3,0,2,34.9572832198668,0.2,3
161,4,A4_Q4,1,1,29.733790476998674,0.0,3
161,5,A5_Q1,0,2,24.664993300094945,0.2,3
161,5,A5_Q2,0,2,42.034033017806195,0.2,3
161,5,A5_Q3,0,2,7.4022107332310725,0.2,3
161,5,A5_Q4,1,1,17.691407687084432,0.0,3
162,1,A1_Q1,1,1,13.454225987218159,0.0,2
162,1,A1_Q2,1,1,34.33455237900631,0.0,2
162,1,A1_Q3,0,2,81.97283337810612,0.5014475110415114,2
162,1,A1_Q4,0,2,52.38381626015184,0.5512955357680824,2
162,2,A2_Q1,1,1,22.70963571973462,0.0,2
162,2,A2_Q2,1,1,48.48109104105552,0.0,2
162,2,A2_Q3,0,3,37.51048314249796,0.44487336553847595,2
162,2,A2_Q4,0,3,50.28574423767978,0.518820927655085,2
162,3,A3_Q1,1,1,39.109444038394756,0.0,2
162,3,A3_Q2,1,1,38.34262757889537,0.0,2
162,3,A3_Q3,0,3,12.586288317638136,0.5225601144272262,2
162,3,A3_Q4,0,2,51.4323678542056,0.5906355076526278,2
162,4,A4_Q1,1,1,36.612305108643234,0.0,2
162,4,A4_Q2,1,1,35.70945694603873,0.0,2
162,4,A4_Q3,0,2,81.70598786402675,0.5049171158147049,2
162,4,A4_Q4,0,2,54.88196887004773,0.4244577442361199,2
162,5,A5_Q1,1,1,32.73911086847179,0.0,2
162,5,A5_Q2,1,1,27.24501848325281,0.0,2
162,5,A5_Q3,0,2,70.68638832803643,0.4376293854418818,2
162,5,A5_Q4,0,2,33.517330326565556,0.48872912932069573,2
163,1,A1_Q1,1,1,39.36205737537254,0.0,2
163,1,A1_Q2,1,1,24.840190106509205,0.0,2
163,1,A1_Q3,0,2,51.97638442359168,0.461112612204286,2
163,1,A1_Q4,0,2,44.09887620388716,0.5789077704481183,2
163,2,A2_Q1,1,1,25.3714371428562,0.0,2
163,2,A2_Q2,1,1,38.895536310796274,0.0,2
163,2,A2_Q3,0,2,34.72738267342849,0.5726108786231898,2
163,2,A2_Q4,0,2,43.93024481003128,0.5799519230736515,2
163,3,A3_Q1,1,1,49.9434494971985,0.0,2
163,3,A3_Q2,1,1,17.459773475714833,0.0,2
163,3,A3_Q3,0,3,33.91822965492965,0.4302182095210772,2
163,3,A3_Q4,0,3,62.624487139435665,0.47700824756808236,2
163,4,A4_Q1,1,1,18.487733424928557,0.0,2
163,4,A4_Q2,1,1,25.192234384953963,0.0,2
163,4,A4_Q3,0,2,61.26562269534053,0.42570079570024194,2
163,4,A4_Q4,0,3,66.132862334455,0.44779731755113533,2
163,5,A5_Q1,1,1,27.715680789336417,0.0,2
163,5,A5_Q2,1,1,28.288206302036006,0.0,2
163,5,A5_Q3,0,3,28.58033038791826,0.5638260443122003,2
163,5,A5_Q4,0,2,48.21593404616664,0.46857841826979596,2
164,1,A1_Q1,0,5,9.31095093298131,0.23042596239231486,1
164,1,A1_Q2,1,1,12.992576164351698,0.08086850797573784,1
164,1,A1_Q3,0,5,13.994308299976497,0.08585587400524018,1
164,1,A1_Q4,0,5,5.77374771523167,0.05249904862517519,1
164,2,A2_Q1,1,2,12.012302323746253,0.11420866070320318,1
164,2,A2_Q2,0,5,7.793270070827027,0.20874069444773405,1
164,2,A2_Q3,1,1,6.765624107628538,0.2716468432473977,1
164,2,A2_Q4,0,4,2.4123443306640784,0.02409493438357352,1
164,3,A3_Q1,1,1,2.695829842476808,0.28428075048231666,1
164,3,A3_Q2,0,4,6.890502674956334,0.13407473635708297,1
164,3,A3_Q3,1,1,12.4055068156562,0.2784026225323662,1
164,3,A3_Q4,0,5,3.423379267194372,0.2953402119277848,1
164,4,A4_Q1,0,5,9.150365044562648,0.2848486295217485,1
164,4,A4_Q2,1,1,5.661501032096647,0.004768017942001079,1
164,4,A4_Q3,0,4,4.006681703775811,0.12082608562423258,1
164,4,A4_Q4,0,4,12.716626642293209,0.04928939518574169,1
164,5,A5_Q1,1,2,16.30512081687783,0.17082980492845637,1
164,5,A5_Q2,0,3,8.73451761229986,0.07934164726109905,1
164,5,A5_Q3,0,5,6.014190773709873,0.14256824010052208,1
164,5,A5_Q4,0,3,12.48671520944728,0.21421629919663718,1
165,1,A1_Q1,1,1,42.784349579657146,0.0,2
165,1,A1_Q2,1,1,13.253719113897478,0.0,2
165,1,A1_Q3,0,3,41.50803667955715,0.4011188311763739,2
165,1,A1_Q4,0,3,80.79087975379468,0.51662005692616,2
165,2,A2_Q1,1,1,25.723886024040066,0.0,2
165,2,A2_Q2,1,1,23.84119352077019,0.0,2
165,2,A2_Q3,0,3,88.82412016531845,0.42236007424678745,2
165,2,A2_Q4,0,2,56.90915965776324,0.489501793137268,2
165,3,A3_Q1,1,1,39.130631564333996,0.0,2
165,3,A3_Q2,1,1,42.62245332822112,0.0,2
165,3,A3_Q3,0,2,34.803957360244496,0.5973593188359794,2
165,3,A3_Q4,0,3,42.57419397139261,0.443853140318516,2
165,4,A4_Q1,1,1,19.109642244656023,0.0,2
165,4,A4_Q2,1,1,40.47520814109763,0.0,2
165,4,A4_Q3,0,2,16.867901630312154,0.52831405911302,2
165,4,A4_Q4,0,2,58.982698509080386,0.5465537669999805,2
165,5,A5_Q1,1,1,39.137682774074435,0.0,2
165,5,A5_Q2,1,1,17.35409057487032,0.0,2
165,5,A5_Q3,0,3,47.406538959427984,0.42651643603623585,2
165,5,A5_Q4,0,3,35.68704871700085,0.45556389894107613,2
166,1,A1_Q1,1,1,39.57419947825523,0.0,4
166,1,A1_Q2,1,1,25.510916126869937,0.0,4
166,1,A1_Q3,1,1,25.93889642976597,0.0,4
166,1,A1_Q4,1,1,15.544818522546766,0.0,4
166,2,A2_Q1,1,1,33.619142707305265,0.0,4
166,2,A2_Q2,1,1,32.252697220150466,0.0,4
166,2,A2_Q3,1,1,36.06762150206407,0.0,4
166,2,A2_Q4,1,1,24.255132945837243,0.0,4
166,3,A3_Q1,0,2,26.95728983477971,0.1,4
166,3,A3_Q2,1,1,27.877556901600695,0.0,4
166,3,A3_Q3,1,1,30.655032681193436,0.0,4
166,3,A3_Q4,1,1,38.27713173582753,0.0,4
166,4,A4_Q1,1,1,28.017252832856787,0.0,4
166,4,A4_Q2,1,1,31.35733042587102,0.0,4
166,4,A4_Q3,1,1,39.28925060641846,0.0,4
166,4,A4_Q4,0,2,17.14274697672874,0.1,4
166,5,A5_Q1,0,2,23.046194154448763,0.1,4
166,5,A5_Q2,0,2,21.903779228739662,0.1,4
166,5,A5_Q3,1,1,45.456737255866614,0.0,4
166,5,A5_Q4,1,1,8.386961136976382,0.0,4
167,1,A1_Q1,1,1,34.82533709821185,0.0,0
167,1,A1_Q2,1,1,26.049531478304324,0.0,0
167,1,A1_Q3,1,1,33.09046835024035,0.0,0
167,1,A1_Q4,0,4,61.20654472436888,0.8422480523554375,0
167,2,A2_Q1,1,1,24.85623612916965,0.0,0
167,2,A2_Q2,1,1,29.6458315539361,0.0,0
167,2,A2_Q3,1,1,26.637505722597993,0.0,0
167,2,A2_Q4,1,1,35.7744099941937,0.0,0
167,3,A3_Q1,0,2,38.83258345058911,0.7731517299087821,0
167,3,A3_Q2,0,2,13.296847452761085,0.8050116704157859,0
167,3,A3_Q3,0,2,38.62505063724632,0.7887440088254078,0
167,3,A3_Q4,1,1,22.768315611706072,0.0,0
167,4,A4_Q1,0,2,36.96278289826284,0.9871950553871656,0
167,4,A4_Q2,0,3,35.31773173996312,0.8244293077138598,0
167,4,A4_Q3,0,4,49.55362118504478,0.9469084926387293,0
167,4,A4_Q4,1,1,25.24874721555397,0.0,0
167,5,A5_Q1,1,1,37.152365838912324,0.0,0
167,5,A5_Q2,1,1,26.06648875177127,0.0,0
167,5,A5_Q3,0,2,36.89025855987633,0.9446749420705864,0
167,5,A5_Q4,0,2,67.66832044298091,0.9376667041731785,0
168,1,A1_Q1,0,4,6.204443879544391,0.27738375969989154,1
168,1,A1_Q2,0,3,10.986845492075734,0.04691208375999208,1
168,1,A1_Q3,0,3,10.750793702184179,0.15330142906337607,1
168,1,A1_Q4,0,3,10.542740954627533,0.13590442511405654,1
168,2,A2_Q1,0,4,5.509788514612289,0.2619731837223963,1
168,2,A2_Q2,0,4,6.8229084629236585,0.13426267063988226,1
168,2,A2_Q3,0,3,10.527539324708588,0.04540828541758305,1
168,2,A2_Q4,0,3,5.2647997170900185,0.176781528371126,1
168,3,A3_Q1,1,2,6.341921138649509,0.01022870935598108,1
168,3,A3_Q2,1,2,9.472470355629941,0.2932897009651417,1
168,3,A3_Q3,0,4,7.500661971590188,0.2677015410662425,1
168,3,A3_Q4,0,3,10.855344980970873,0.03820463291276558,1
168,4,A4_Q1,1,1,10.745393988423988,0.287950314419663,1
168,4,A4_Q2,1,1,7.000055016475988,0.07903282781904278,1
168,4,A4_Q3,1,2,5.514782444107387,0.021244410415729352,1
168,4,A4_Q4,1,1,2.4210108783506046,0.08895285004263932,1
168,5,A5_Q1,0,5,8.378210598891016,0.13436740345333895,1
168,5,A5_Q2,0,3,2.1104812703560256,0.28742615627622686,1
168,5,A5_Q3,1,1,5.9271775953683195,0.06205231144306837,1
168,5,A5_Q4,1,1,11.885621218008932,0.007239833607766077,1
169,1,A1_Q1,1,1,25.01401964325826,0.0,2
169,1,A1_Q2,1,1,22.37059316667885,0.0,2
169,1,A1_Q3,0,3,23.369834008910946,0.545321604236255,2
169,1,A1_Q4,0,3,55.15157854593419,0.487415616551495,2
169,2,A2_Q1,1,1,31.755740849258217,0.0,2
169,2,A2_Q2,1,1,19.752492499236098,0.0,2
169,2,A2_Q3,0,2,69.8142169324817,0.40635782991102753,2
169,2,A2_Q4,0,3,83.30502547643397,0.5726886267020667,2
169,3,A3_Q1,1,1,25.953248818058114,0.0,2
169,3,A3_Q2,1,1,10.228868205455449,0.0,2
169,3,A3_Q3,0,2,44.63094877606472,0.49534238637136285,2
169,3,A3_Q4,0,3,57.76118336841792,0.509574162127444,2
169,4,A4_Q1,1,1,48.478669957021026,0.0,2
169,4,A4_Q2,1,1,41.905296437176766,0.0,2
169,4,A4_Q3,0,2,41.90608286273347,0.4139345728847176,2
169,4,A4_Q4,0,2,42.31753481980999,0.45460575913517187,2
169,5,A5_Q1,1,1,24.355465661358842,0.0,2
169,5,A5_Q2,1,1,26.02651968081889,0.0,2
169,5,A5_Q3,0,2,71.00799071748878,0.4690548988837143,2
169,5,A5_Q4,0,3,44.26282478093985,0.5318798159810743,2
170,1,A1_Q1,1,1,48.00746069236119,0.0,4
170,1,A1_Q2,0,2,22.363536564346727,0.1,4
170,1,A1_Q3,0,2,22.979924008597063,0.1,4
170,1,A1_Q4,1,1,33.12010512606716,0.0,4
170,2,A2_Q1,1,1,42.339158285866745,0.0,4
170,2,A2_Q2,0,2,18.14503849697688,0.1,4
170,2,A2_Q3,0,2,17.772198846312293,0.1,4
170,2,A2_Q4,1,1,20.709105194095116,0.0,4
170,3,A3_Q1,1,1,34.17585082103432,0.0,4
170,3,A3_Q2,1,1,15.588982986675282,0.0,4
170,3,A3_Q3,1,1,35.365897673162806,0.0,4
170,3,A3_Q4,1,1,42.05049456838907,0.0,4
170,4,A4_Q1,1,1,34.64365793844356,0.0,4
170,4,A4_Q2,1,1,42.24277459355732,0.0,4
170,4,A4_Q3,1,1,45.06417023581151,0.0,4
170,4,A4_Q4,1,1,27.376334697689174,0.0,4
170,5,A5_Q1,1,1,37.240876749465414,0.0,4
170,5,A5_Q2,1,1,38.52605589380589,0.0,4
170,5,A5_Q3,1,1,24.128716127776546,0.0,4
170,5,A5_Q4,1,1,36.252544787960616,0.0,4
171,1,A1_Q1,1,2,12.575999821098627,0.06935276494121827,1
171,1,A1_Q2,1,1,3.2769748468041113,0.13397979040458805,1
171,1,A1_Q3,0,5,7.087130111847946,0.01177307281216392,1
171,1,A1_Q4,0,5,8.190210532581478,0.24287618124286584,1
171,2,A2_Q1,0,3,8.546286787684545,0.12402497255217261,1
171,2,A2_Q2,1,1,6.861126509969498,0.24623473475187116,1
171,2,A2_Q3,0,3,5.706433689516351,0.09335773330631296,1
171,2,A2_Q4,0,3,7.325723045424781,0.20385240682096661,1
171,3,A3_Q1,0,3,6.056383131060436,0.02050551445516987,1
171,3,A3_Q2,0,5,11.00681310702683,0.0794301521234263,1
171,3,A3_Q3,1,2,14.991947940407428,0.13286115183176714,1
171,3,A3_Q4,0,3,7.708066547895227,0.0992888713075345,1
171,4,A4_Q1,0,5,4.189653031262508,0.1137635718706903,1
171,4,A4_Q2,0,3,1.4075911730098465,0.08138057594495303,1
171,4,A4_Q3,0,4,8.191107079297312,0.02026586489326031,1
171,4,A4_Q4,0,3,6.781017167506222,0.10011445454273787,1
171,5,A5_Q1,1,1,7.339839477884916,0.19517549599383702,1
171,5,A5_Q2,0,3,4.241798453688862,0.1787422597169909,1
171,5,A5_Q3,0,3,2.474242763205371,0.2945181652144977,1
171,5,A5_Q4,0,3,6.5291047692182556,0.11142507359796963,1
172,1,A1_Q1,0,3,57.425719030442785,0.7233017239818516,0
172,1,A1_Q2,0,3,45.82636920516259,0.9222428094198232,0
172,1,A1_Q3,0,4,54.638231249616275,0.764795582718851,0
172,1,A1_Q4,0,3,59.79218455939658,0.9340502566675367,0
172,2,A2_Q1,0,3,17.059242486781052,0.8231012783007312,0
172,2,A2_Q2,1,1,29.81865756491918,0.0,0
172,2,A2_Q3,0,2,1.0,0.9863093846654514,0
172,2,A2_Q4,1,1,28.423374255239043,0.0,0
172,3,A3_Q1,1,1,18.755017667716878,0.0,0
172,3,A3_Q2,0,3,35.11127856564312,0.8268610347190413,0
172,3,A3_Q3,0,3,63.36858148477535,0.8053658892002709,0
172,3,A3_Q4,0,2,35.55756122358902,0.8198186044130652,0
172,4,A4_Q1,0,4,39.022924964066675,0.9908048843259476,0
172,4,A4_Q2,1,1,34.48317562430157,0.0,0
172,4,A4_Q3,0,3,45.787041626870476,0.873492288841174,0
172,4,A4_Q4,1,1,40.068909907320474,0.0,0
172,5,A5_Q1,1,1,43.063027867151185,0.0,0
172,5,A5_Q2,0,4,25.98167409577119,0.9078344519285031,0
172,5,A5_Q3,0,4,33.656914969988435,0.840099825859966,0
172,5,A5_Q4,0,2,45.46939530913076,0.7155350331829202,0
173,1,A1_Q1,0,5,9.873245416797573,0.14901183890902875,1
173,1,A1_Q2,1,2,1.0,0.13914891954498962,1
173,1,A1_Q3,0,5,11.457045916885777,0.023347039391149783,1
173,1,A1_Q4,1,1,7.973535599290538,0.08446615881845872,1
173,2,A2_Q1,0,3,4.079296313153846,0.22527851805501667,1
173,2,A2_Q2,0,5,7.094800838124093,0.09388368520450753,1
173,2,A2_Q3,0,3,16.28805359819451,0.004732316931433789,1
173,2,A2_Q4,0,3,8.217016976886422,0.20482315188811231,1
173,3,A3_Q1,1,1,9.398054690040153,0.11455343967702471,1
173,3,A3_Q2,0,4,9.68444302968906,0.06912659154430116,1
173,3,A3_Q3,0,4,13.029364885743988,0.1621587753266807,1
173,3,A3_Q4,0,5,6.500611824275682,0.2913217375883459,1
173,4,A4_Q1,1,2,9.069888848304807,0.05356585778547491,1
173,4,A4_Q2,0,3,11.3426992235669,0.13032604143549884,1
173,4,A4_Q3,0,3,4.450743454250704,0.13269732100986303,1
173,4,A4_Q4,1,2,16.369392059883186,0.2957915831851031,1
173,5,A5_Q1,1,1,9.197566150644379,0.11267666220297717,1
173,5,A5_Q2,0,3,6.83903564687336,0.06959053564733575,1
173,5,A5_Q3,0,4,8.005410519069242,0.13831469016565065,1
173,5,A5_Q4,0,4,12.362194301910474,0.09015802717154879,1
174,1,A1_Q1,0,2,40.93496840308661,0.2,3
174,1,A1_Q2,0,2,56.60258474608265,0.2,3
174,1,A1_Q3,1,1,49.61549042785889,0.0,3
174,1,A1_Q4,1,1,15.943611660519657,0.0,3
174,2,A2_Q1,1,1,27.14978489308756,0.0,3
174,2,A2_Q2,1,1,45.8817225479641,0.0,3
174,2,A2_Q3,0,2,53.43155447794504,0.2,3
174,2,A2_Q4,1,1,16.352880606326917,0.0,3
174,3,A3_Q1,1,1,10.458948968142174,0.0,3
174,3,A3_Q2,1,1,25.196850815943442,0.0,3
174,3,A3_Q3,1,1,42.66913149490889,0.0,3
174,3,A3_Q4,0,2,44.611988313742145,0.2,3
174,4,A4_Q1,0,2,45.2476723981507,0.2,3
174,4,A4_Q2,0,2,24.72210669686705,0.2,3
174,4,A4_Q3,0,2,37.20114987937291,0.2,3
174,4,A4_Q4,0,2,30.400152018208047,0.2,3
174,5,A5_Q1,1,1,48.180408785389744,0.0,3
174,5,A5_Q2,1,1,30.98470314051085,0.0,3
174,5,A5_Q3,0,2,55.071019746210986,0.2,3
174,5,A5_Q4,1,1,28.236373069375475,0.0,3
175,1,A1_Q1,1,1,14.73110777776284,0.0,2
175,1,A1_Q2,1,1,15.896269455514606,0.0,2
175,1,A1_Q3,0,2,79.16865406853556,0.4865284961208072,2
175,1,A1_Q4,0,2,66.58130640331547,0.46834193742604563,2
175,2,A2_Q1,1,1,32.829465707424085,0.0,2
175,2,A2_Q2,1,1,39.52488460484629,0.0,2
175,2,A2_Q3,0,3,50.91921872097868,0.40253156569683246,2
175,2,A2_Q4,0,3,27.54340491609625,0.4661733794091456,2
175,3,A3_Q1,1,1,22.532405484551973,0.0,2
175,3,A3_Q2,1,1,28.769779826993247,0.0,2
175,3,A3_Q3,0,2,33.05371944297727,0.5160352739593068,2
175,3,A3_Q4,0,2,73.62542064404899,0.40989700271077417,2
175,4,A4_Q1,1,1,31.253590556178914,0.0,2
175,4,A4_Q2,1,1,33.20129164976935,0.0,2
175,4,A4_Q3,0,3,41.13141163529929,0.521114054778786,2
175,4,A4_Q4,0,2,42.20619862320551,0.5467116705871014,2
175,5,A5_Q1,1,1,29.75679409961271,0.0,2
175,5,A5_Q2,1,1,37.810794517497335,0.0,2
175,5,A5_Q3,0,2,72.0055036029048,0.5062006259485925,2
175,5,A5_Q4,0,2,77.81377403190886,0.45876739112439213,2
176,1,A1_Q1,1,1,33.96273435024342,0.0,2
176,1,A1_Q2,1,1,38.050837886620336,0.0,2
176,1,A1_Q3,0,2,63.06927017770062,0.5799759041142304,2
176,1,A1_Q4,0,3,52.41309294381773,0.4260378698401605,2
176,2,A2_Q1,1,1,23.479779968647204,0.0,2
176,2,A2_Q2,1,1,12.81069587046153,0.0,2
176,2,A2_Q3,0,2,53.18437029431767,0.4191535772399254,2
176,2,A2_Q4,0,2,63.765194215448275,0.4432981134532235,2
176,3,A3_Q1,1,1,35.47738978737561,0.0,2
176,3,A3_Q2,1,1,21.680741760665626,0.0,2
176,3,A3_Q3,0,3,90.68138037913667,0.4467381430886191,2
176,3,A3_Q4,0,2,24.447994696634126,0.48515232298606104,2
176,4,A4_Q1,1,1,45.773708700880356,0.0,2
176,4,A4_Q2,1,1,24.32552718771648,0.0,2
176,4,A4_Q3,0,2,61.17147447867215,0.49354956668003275,2
176,4,A4_Q4,0,2,3.1392179669631872,0.5641350766802141,2
176,5,A5_Q1,1,1,23.85961838450589,0.0,2
176,5,A5_Q2,1,1,51.96089559296816,0.0,2
176,5,A5_Q3,0,2,44.031226336039104,0.4200989518479508,2
176,5,A5_Q4,0,3,59.430569683504785,0.5298485465675942,2
177,1,A1_Q1,1,1,27.45100384511155,0.0,0
177,1,A1_Q2,0,4,51.44213034359942,0.8258961528013031,0
177,1,A1_Q3,1,1,54.710997795809774,0.0,0
177,1,A1_Q4,1,1,24.779572342590065,0.0,0
177,2,A2_Q1,1,1,36.568884071890636,0.0,0
177,2,A2_Q2,1,1,11.383233639140546,0.0,0
177,2,A2_Q3,0,4,34.43256294219201,0.9144075201744271,0
177,2,A2_Q4,1,1,33.80874107321891,0.0,0
177,3,A3_Q1,1,1,30.541633604354796,0.0,0
177,3,A3_Q2,1,1,24.305040199455572,0.0,0
177,3,A3_Q3,0,3,22.105399434712947,0.7855298498148982,0
177,3,A3_Q4,0,4,42.78752587493158,0.9772650286730638,0
177,4,A4_Q1,0,4,30.00064666047929,0.8809874531836052,0
177,4,A4_Q2,0,4,10.024825492830608,0.950777221908344,0
177,4,A4_Q3,0,3,17.33683062376086,0.8808842892071812,0
177,4,A4_Q4,0,2,37.77836530792175,0.9259599105742689,0
177,5,A5_Q1,1,1,25.928031821186387,0.0,0
177,5,A5_Q2,1,1,37.81724188314313,0.0,0
177,5,A5_Q3,0,4,20.263038876727883,0.8563812420675607,0
177,5,A5_Q4,0,4,47.86062156055313,0.8281609081845503,0
178,1,A1_Q1,1,1,20.621303968383607,0.0,2
178,1,A1_Q2,1,1,30.329144646614562,0.0,2
178,1,A1_Q3,0,2,65.30874988750031,0.43015856316647033,2
178,1,A1_Q4,0,3,19.647447069043125,0.5465844519261138,2
178,2,A2_Q1,1,1,22.278478391482,0.0,2
178,2,A2_Q2,1,1,32.898248388748584,0.0,2
178,2,A2_Q3,0,2,35.98150735662946,0.5754054542523275,2
178,2,A2_Q4,0,3,37.12189875161756,0.5219787483338598,2
178,3,A3_Q1,1,1,29.66126334242018,0.0,2
178,3,A3_Q2,1,1,13.20351239810708,0.0,2
178,3,A3_Q3,0,2,62.37112713955849,0.42441708433024655,2
178,3,A3_Q4,0,2,33.03084955414019,0.567457971811697,2
178,4,A4_Q1,1,1,30.51042928338246,0.0,2
178,4,A4_Q2,1,1,18.550720022947264,0.0,2
178,4,A4_Q3,0,3,55.513263952685165,0.58523778428789,2
178,4,A4_Q4,0,2,44.16575591637756,0.46545198903390644,2
178,5,A5_Q1,1,1,26.031605869941334,0.0,2
178,5,A5_Q2,1,1,24.89495678169601,0.0,2
178,5,A5_Q3,0,2,27.910963442900076,0.45172804732746435,2
178,5,A5_Q4,0,3,82.41687686829135,0.5901744409250855,2
179,1,A1_Q1,1,1,34.85436036740489,0.0,4
179,1,A1_Q2,1,1,26.143682390544804,0.0,4
179,1,A1_Q3,0,2,18.272922879680834,0.1,4
179,1,A1_Q4,1,1,27.87468974156309,0.0,4
179,2,A2_Q1,1,1,25.590978113891445,0.0,4
179,2,A2_Q2,1,1,18.835491448159523,0.0,4
179,2,A2_Q3,1,1,39.87861582406509,0.0,4
179,2,A2_Q4,0,2,16.71582265652785,0.1,4
179,3,A3_Q1,1,1,19.21684933370772,0.0,4
179,3,A3_Q2,1,1,17.674394375093193,0.0,4
179,3,A3_Q3,1,1,48.54433433361827,0.0,4
179,3,A3_Q4,0,2,23.851430256915627,0.1,4
179,4,A4_Q1,1,1,20.315163530381042,0.0,4
179,4,A4_Q2,1,1,16.18230811432296,0.0,4
179,4,A4_Q3,1,1,25.611500095218286,0.0,4
179,4,A4_Q4,1,1,18.60938492383649,0.0,4
179,5,A5_Q1,1,1,28.8634315750096,0.0,4
179,5,A5_Q2,0,2,17.999401693494345,0.1,4
179,5,A5_Q3,1,1,24.168342827440437,0.0,4
179,5,A5_Q4,1,1,29.68864461684724,0.0,4
180,1,A1_Q1,1,1,33.341989431717664,0.0,4
180,1,A1_Q2,0,2,22.7038875947949,0.1,4
180,1,A1_Q3,1,1,29.23134592996338,0.0,4
180,1,A1_Q4,1,1,43.13473161325237,0.0,4
180,2,A2_Q1,1,1,23.28692408628914,0.0,4
180,2,A2_Q2,1,1,30.891981966125712,0.0,4
180,2,A2_Q3,1,1,34.44591995073129,0.0,4
180,2,A2_Q4,1,1,34.338352400888766,0.0,4
180,3,A3_Q1,1,1,55.03171790905711,0.0,4
180,3,A3_Q2,1,1,25.16015660399447,0.0,4
180,3,A3_Q3,1,1,27.20387280095323,0.0,4
180,3,A3_Q4,1,1,28.72800616017557,0.0,4
180,4,A4_Q1,1,1,34.72815069927832,0.0,4
180,4,A4_Q2,1,1,2.7754585900806106,0.0,4
180,4,A4_Q3,0,2,14.818354015809184,0.1,4
180,4,A4_Q4,1,1,36.08602163930589,0.0,4
180,5,A5_Q1,1,1,22.999851649067125,0.0,4
180,5,A5_Q2,1,1,26.965606128630085,0.0,4
180,5,A5_Q3,1,1,21.993588355481116,0.0,4
180,5,A5_Q4,1,1,13.058453381754195,0.0,4
181,1,A1_Q1,1,1,22.992833394592402,0.0,2
181,1,A1_Q2,1,1,29.490768225363027,0.0,2
181,1,A1_Q3,0,3,54.52476177334843,0.4910022064613915,2
181,1,A1_Q4,0,2,54.36954135827055,0.5913593649017261,2
181,2,A2_Q1,1,1,44.623376821633606,0.0,2
181,2,A2_Q2,1,1,29.249796202535318,0.0,2
181,2,A2_Q3,0,3,19.17043790171264,0.4821554179048581,2
181,2,A2_Q4,0,3,42.96206352753686,0.46781536967737725,2
181,3,A3_Q1,1,1,21.443906314234408,0.0,2
181,3,A3_Q2,1,1,12.648413617684124,0.0,2
181,3,A3_Q3,0,3,20.136203755821374,0.46684927483142624,2
181,3,A3_Q4,0,3,80.47203627383294,0.5062536009921672,2
181,4,A4_Q1,1,1,23.370443101651986,0.0,2
181,4,A4_Q2,1,1,27.2220567266956,0.0,2
181,4,A4_Q3,0,2,44.06796783954256,0.4150709792457784,2
181,4,A4_Q4,0,3,102.03149030968038,0.5814531425629635,2
181,5,A5_Q1,1,1,43.09708824363341,0.0,2
181,5,A5_Q2,1,1,15.236783452225374,0.0,2
181,5,A5_Q3,0,3,64.73526690335794,0.5105951172034879,2
181,5,A5_Q4,0,3,42.83040718139348,0.5502158387804872,2
182,1,A1_Q1,1,1,28.021631431628833,0.0,2
182,1,A1_Q2,1,1,9.678592231285737,0.0,2
182,1,A1_Q3,0,3,48.937477224910864,0.421385120489449,2
182,1,A1_Q4,0,3,44.491729289655225,0.4666794255539267,2
182,2,A2_Q1,1,1,39.775273185396316,0.0,2
182,2,A2_Q2,1,1,19.190135842259423,0.0,2
182,2,A2_Q3,0,3,55.45035980459186,0.5148867514592717,2
182,2,A2_Q4,0,2,85.58706251521956,0.46516881816498556,2
182,3,A3_Q1,1,1,38.60829340314918,0.0,2
182,3,A3_Q2,1,1,12.958525313266783,0.0,2
182,3,A3_Q3,0,3,1.1370938953853624,0.5226144619765429,2
182,3,A3_Q4,0,3,53.24313328174829,0.5291208225689255,2
182,4,A4_Q1,1,1,33.95390963843464,0.0,2
182,4,A4_Q2,1,1,34.54387270425778,0.0,2
182,4,A4_Q3,0,3,11.733193305543942,0.4881073296246756,2
182,4,A4_Q4,0,3,42.625113782868716,0.5129999942363831,2
182,5,A5_Q1,1,1,22.105042052686443,0.0,2
182,5,A5_Q2,1,1,32.45987048128154,0.0,2
182,5,A5_Q3,0,3,74.92722431754446,0.5435444509486983,2
182,5,A5_Q4,0,2,37.733060347518936,0.5060387109000947,2
183,1,A1_Q1,0,2,34.64601954162142,0.2,3
183,1,A1_Q2,1,1,36.41103037041897,0.0,3
183,1,A1_Q3,0,2,53.875016933061225,0.2,3
183,1,A1_Q4,1,1,34.106543613356514,0.0,3
183,2,A2_Q1,1,1,17.65325952187467,0.0,3
183,2,A2_Q2,1,1,24.45919203659774,0.0,3
183,2,A2_Q3,1,1,11.474428652405393,0.0,3
183,2,A2_Q4,0,2,61.539675407780415,0.2,3
183,3,A3_Q1,1,1,34.13125120983944,0.0,3
183,3,A3_Q2,1,1,29.587644754533155,0.0,3
183,3,A3_Q3,0,2,48.70058088367979,0.2,3
183,3,A3_Q4,0,2,45.6336105010855,0.2,3
183,4,A4_Q1,1,1,43.9615579848669,0.0,3
183,4,A4_Q2,0,2,44.002784521698615,0.2,3
183,4,A4_Q3,0,2,56.551011783717485,0.2,3
183,4,A4_Q4,1,1,28.144495169852625,0.0,3
183,5,A5_Q1,1,1,37.578619684363765,0.0,3
183,5,A5_Q2,1,1,27.261352065929568,0.0,3
183,5,A5_Q3,0,2,59.96774526055796,0.2,3
183,5,A5_Q4,0,2,38.39540126437492,0.2,3
184,1,A1_Q1,1,1,32.639743094361584,0.0,2
184,1,A1_Q2,1,1,17.16146113141361,0.0,2
184,1,A1_Q3,0,2,65.33975862760073,0.4072305321082579,2
184,1,A1_Q4,0,2,34.924218188075464,0.5080131430568343,2
184,2,A2_Q1,1,1,33.45620344651446,0.0,2
184,2,A2_Q2,1,1,29.379113017857126,0.0,2
184,2,A2_Q3,0,2,54.66570082175744,0.5119917805125633,2
184,2,A2_Q4,0,2,63.42511434082782,0.40800392814780123,2
184,3,A3_Q1,1,1,24.53776315533894,0.0,2
184,3,A3_Q2,1,1,24.79597009760549,0.0,2
184,3,A3_Q3,0,2,28.601148972097654,0.49511548194369326,2
184,3,A3_Q4,0,2,26.254595486766608,0.5347888898146047,2
184,4,A4_Q1,1,1,6.442965098726422,0.0,2
184,4,A4_Q2,1,1,45.745863577623425,0.0,2
184,4,A4_Q3,0,2,58.915197024342575,0.5086574951426974,2
184,4,A4_Q4,0,3,54.20714278742722,0.4852001621004819,2
184,5,A5_Q1,1,1,19.26949041293534,0.0,2
184,5,A5_Q2,1,1,34.808750654459665,0.0,2
184,5,A5_Q3,0,3,50.867439133667,0.43010816265290724,2
184,5,A5_Q4,0,2,65.58369521282827,0.5158440070455116,2
185,1,A1_Q1,0,3,12.545365462296196,0.08271889109422677,1
185,1,A1_Q2,0,3,10.746208911454811,0.10849359832650586,1
185,1,A1_Q3,0,3,12.467273048333464,0.08062408358693048,1
185,1,A1_Q4,1,2,8.237884859510409,0.2851651115831269,1
185,2,A2_Q1,0,4,9.366175832307558,0.0760361081611094,1
185,2,A2_Q2,1,2,6.431189331837606,0.21055872804726475,1
185,2,A2_Q3,0,3,7.798969874824337,0.08231473310122511,1
185,2,A2_Q4,0,4,8.993205427294814,0.04923433187873709,1
185,3,A3_Q1,0,4,6.781298724900571,0.09042747353956754,1
185,3,A3_Q2,1,2,5.979757281320383,0.25067854908231907,1
185,3,A3_Q3,0,3,6.861351395696971,0.17453737943331304,1
185,3,A3_Q4,0,5,8.805531577241267,0.06180522128741281,1
185,4,A4_Q1,0,3,8.367472776123364,0.15046924599619024,1
185,4,A4_Q2,1,2,6.652630306540141,0.21100228635567972,1
185,4,A4_Q3,0,4,4.7789705132982485,0.008152210888176437,1
185,4,A4_Q4,0,5,4.9679937462403325,0.0012845273508310883,1
185,5,A5_Q1,0,4,7.329000284589668,0.15315452801659454,1
185,5,A5_Q2,0,5,4.833292586271325,0.24493921781755154,1
185,5,A5_Q3,0,4,2.6981443879952023,0.018695317514755692,1
185,5,A5_Q4,1,2,7.560104677869193,0.21101420567404133,1
186,1,A1_Q1,1,1,26.648568612218074,0.0,2
186,1,A1_Q2,1,1,28.646657660768902,0.0,2
186,1,A1_Q3,0,3,41.76153531228094,0.5176627690982943,2
186,1,A1_Q4,0,2,64.8568898823066,0.4774666841713385,2
186,2,A2_Q1,1,1,25.54942656112747,0.0,2
186,2,A2_Q2,1,1,35.418928204759055,0.0,2
186,2,A2_Q3,0,2,66.19868985001672,0.5106922943849871,2
186,2,A2_Q4,0,3,12.225525681788895,0.43742900629244524,2
186,3,A3_Q1,1,1,41.9836856937346,0.0,2
186,3,A3_Q2,1,1,30.1433642217576,0.0,2
186,3,A3_Q3,0,3,70.90112290462412,0.4793852561247628,2
186,3,A3_Q4,0,2,36.62466140340184,0.4009599649634742,2
186,4,A4_Q1,1,1,59.17032771208656,0.0,2
186,4,A4_Q2,1,1,34.788468678325756,0.0,2
186,4,A4_Q3,0,2,76.25376356899297,0.5083739886106304,2
186,4,A4_Q4,0,3,26.271669405659797,0.5710672260604629,2
186,5,A5_Q1,1,1,20.455613737090367,0.0,2
186,5,A5_Q2,1,1,35.069157201363105,0.0,2
186,5,A5_Q3,0,3,39.96016079637591,0.43981927881401395,2
186,5,A5_Q4,0,3,65.68422606884714,0.5567833019358406,2
187,1,A1_Q1,0,4,5.747860514358106,0.032829121450793794,1
187,1,A1_Q2,0,4,7.229914915626836,0.12990147903374402,1
187,1,A1_Q3,0,5,10.538149144774078,0.281373286027303,1
187,1,A1_Q4,0,4,8.048441142656815,0.21772766263598267,1
187,2,A2_Q1,0,3,11.752124354807455,0.08178915266025165,1
187,2,A2_Q2,1,1,8.248167615513253,0.08804357320770431,1
187,2,A2_Q3,0,4,5.462932065660433,0.28432401948400543,1
187,2,A2_Q4,0,5,6.906935270340412,0.07452168157405645,1
187,3,A3_Q1,0,4,9.720231481685705,0.25868151880588175,1
187,3,A3_Q2,0,5,5.140527485734724,0.2136563945938477,1
187,3,A3_Q3,0,3,2.1860763583503573,0.2704414751842965,1
187,3,A3_Q4,0,3,4.8299064854791505,0.23704974477928487,1
187,4,A4_Q1,0,5,10.620464638657019,0.08745415750330601,1
187,4,A4_Q2,0,5,3.29098062491458,0.0004000918472376047,1
187,4,A4_Q3,1,1,5.947273458454269,0.2514397576816083,1
187,4,A4_Q4,0,4,2.6161737744723705,0.16092886376950732,1
187,5,A5_Q1,0,4,11.321954559547802,0.27817968978942276,1
187,5,A5_Q2,0,3,10.29139931708978,0.055967373658684705,1
187,5,A5_Q3,0,4,14.83953644892354,0.03783482122338998,1
187,5,A5_Q4,0,4,6.660942484397159,0.10170856492317291,1
188,1,A1_Q1,0,4,22.350794752028946,0.7887977875431901,0
188,1,A1_Q2,1,1,32.28482177718192,0.0,0
188,1,A1_Q3,0,3,36.35796569032074,0.9231595842664513,0
188,1,A1_Q4,0,2,36.557523763850284,0.7743132915337141,0
188,2,A2_Q1,0,2,43.25051717209852,0.7885845911448849,0
188,2,A2_Q2,1,1,42.7725495097409,0.0,0
188,2,A2_Q3,0,4,22.61428185339204,0.9603485506494798,0
188,2,A2_Q4,0,3,26.975789023000594,0.8117013455156143,0
188,3,A3_Q1,1,1,40.095859678911935,0.0,0
188,3,A3_Q2,0,2,54.938043885709476,0.9357600570117655,0
188,3,A3_Q3,0,2,74.4995368657971,0.969801822705521,0
188,3,A3_Q4,0,2,37.396838912173905,0.8589658941940566,0
188,4,A4_Q1,0,3,15.488262222444483,0.7925823044906309,0
188,4,A4_Q2,0,3,23.304038482192336,0.7191478104129141,0
188,4,A4_Q3,0,3,50.52207574977637,0.9171999622358687,0
188,4,A4_Q4,0,2,30.746012945588216,0.7021757284045433,0
188,5,A5_Q1,0,4,63.65482655020473,0.8377880683538692,0
188,5,A5_Q2,0,3,52.39218424060773,0.7552390069243554,0
188,5,A5_Q3,0,2,58.16528889061303,0.9099307130444315,0
188,5,A5_Q4,1,1,35.77849864667919,0.0,0
189,1,A1_Q1,0,2,22.500564148104335,0.1,4
189,1,A1_Q2,1,1,35.61444460859952,0.0,4
189,1,A1_Q3,0,2,17.085498994232832,0.1,4
189,1,A1_Q4,1,1,41.274543671225494,0.0,4
189,2,A2_Q1,1,1,21.442574200484927,0.0,4
189,2,A2_Q2,0,2,20.91457281810128,0.1,4
189,2,A2_Q3,1,1,11.462677587808766,0.0,4
189,2,A2_Q4,1,1,28.975207768575906,0.0,4
189,3,A3_Q1,0,2,9.963195738704737,0.1,4
189,3,A3_Q2,1,1,19.389894012119775,0.0,4
189,3,A3_Q3,1,1,31.8178123258716,0.0,4
189,3,A3_Q4,0,2,26.406916990618175,0.1,4
189,4,A4_Q1,0,2,22.777762409162783,0.1,4
189,4,A4_Q2,1,1,23.91539918567739,0.0,4
189,4,A4_Q3,1,1,41.98225393201287,0.0,4
189,4,A4_Q4,1,1,27.14458374692776,0.0,4
189,5,A5_Q1,1,1,42.99871243530605,0.0,4
189,5,A5_Q2,1,1,22.85958256222545,0.0,4
189,5,A5_Q3,1,1,42.14944106854969,0.0,4
189,5,A5_Q4,1,1,31.05770383524123,0.0,4
190,1,A1_Q1,1,1,22.068653363860633,0.0,2
190,1,A1_Q2,1,1,18.092541992633286,0.0,2
190,1,A1_Q3,0,2,49.440611710260356,0.5752608845918316,2
190,1,A1_Q4,0,3,56.186058815485175,0.5389344007288399,2
190,2,A2_Q1,1,1,31.255452792997634,0.0,2
190,2,A2_Q2,1,1,28.184410784047675,0.0,2
190,2,A2_Q3,0,3,54.9086544844757,0.4482063475807222,2
190,2,A2_Q4,0,3,49.92351018495858,0.4334845895492503,2
190,3,A3_Q1,1,1,26.1241910874443,0.0,2
190,3,A3_Q2,1,1,13.346153617590005,0.0,2
190,3,A3_Q3,0,3,79.09076921775515,0.5569470228172199,2
190,3,A3_Q4,0,2,66.30712723207078,0.4328433916454692,2
190,4,A4_Q1,1,1,30.90583923481497,0.0,2
190,4,A4_Q2,1,1,37.52638534479237,0.0,2
190,4,A4_Q3,0,3,71.60288333040191,0.4397473327740314,2
190,4,A4_Q4,0,3,57.76845007281508,0.5461085262993158,2
190,5,A5_Q1,1,1,30.657846894747493,0.0,2
190,5,A5_Q2,1,1,23.991703609040854,0.0,2
190,5,A5_Q3,0,3,48.796910011897445,0.5947603706565998,2
190,5,A5_Q4,0,2,70.69346794610911,0.5662269530807391,2
191,1,A1_Q1,1,1,19.597256232899756,0.0,2
191,1,A1_Q2,1,1,27.80936205505426,0.0,2
191,1,A1_Q3,0,2,44.82575545238603,0.5599894097169764,2
191,1,A1_Q4,0,2,67.43448848368273,0.4536017967370447,2
191,2,A2_Q1,1,1,37.75241991864059,0.0,2
191,2,A2_Q2,1,1,33.2427654247887,0.0,2
191,2,A2_Q3,0,2,58.009369333940604,0.5718720449505643,2
191,2,A2_Q4,0,2,35.14131807417439,0.5408309501577747,2
191,3,A3_Q1,1,1,35.14453711393618,0.0,2
191,3,A3_Q2,1,1,32.96050204134496,0.0,2
191,3,A3_Q3,0,3,77.58639906974983,0.5029534748150886,2
191,3,A3_Q4,0,3,38.90813519134896,0.46323013835566573,2
191,4,A4_Q1,1,1,43.60167077793996,0.0,2
191,4,A4_Q2,1,1,29.302862627221995,0.0,2
191,4,A4_Q3,0,2,35.33257691157141,0.5867048625433261,2
191,4,A4_Q4,0,2,85.61249911834429,0.5184886370818153,2
191,5,A5_Q1,1,1,46.83808077020602,0.0,2
191,5,A5_Q2,1,1,17.871365506917563,0.0,2
191,5,A5_Q3,0,3,69.21947499139945,0.5533423348841435,2
191,5,A5_Q4,0,3,20.439954893916315,0.4116475565421357,2
192,1,A1_Q1,1,1,43.137006117919356,0.0,0
192,1,A1_Q2,1,1,8.721542780664784,0.0,0
192,1,A1_Q3,0,4,18.84603207739005,0.9230527456431569,0
192,1,A1_Q4,1,1,31.981722697231174,0.0,0
192,2,A2_Q1,0,4,54.578955151609506,0.797821150698137,0
192,2,A2_Q2,1,1,31.434289370373243,0.0,0
192,2,A2_Q3,1,1,46.781799221248704,0.0,0
192,2,A2_Q4,0,3,44.1048982772101,0.9621127526177458,0
192,3,A3_Q1,0,3,31.288883641653246,0.967838006926198,0
192,3,A3_Q2,0,3,34.2631687199416,0.9808220505588361,0
192,3,A3_Q3,0,2,35.20251603807881,0.8838566084695956,0
192,3,A3_Q4,0,2,38.3491639631559,0.847828127199727,0
192,4,A4_Q1,0,3,53.17982275270569,0.8559227459311802,0
192,4,A4_Q2,0,2,45.84918399075155,0.8084435002282826,0
192,4,A4_Q3,0,4,49.310676296577675,0.9063319106636445,0
192,4,A4_Q4,0,4,15.223734584942235,0.7216822510123599,0
192,5,A5_Q1,0,2,36.11853382191432,0.9916779405225131,0
192,5,A5_Q2,0,3,31.711847074849707,0.9655897333813577,0
192,5,A5_Q3,0,2,42.963229420752235,0.8536854229150639,0
192,5,A5_Q4,0,4,21.808086293971623,0.9589392747517191,0
193,1,A1_Q1,0,3,25.23531349859953,0.8487807503645138,0
193,1,A1_Q2,0,2,33.10387907405441,0.9838006580017143,0
193,1,A1_Q3,0,2,68.25001164503507,0.9272428477779505,0
193,1,A1_Q4,1,1,13.829889152518522,0.0,0
193,2,A2_Q1,1,1,37.3405520500327,0.0,0
193,2,A2_Q2,0,3,37.190374575879396,0.7634561553232682,0
193,2,A2_Q3,0,4,35.69073662064995,0.7507815032017835,0
193,2,A2_Q4,0,4,50.75088407320856,0.8893867936998192,0
193,3,A3_Q1,1,1,20.88189886193004,0.0,0
193,3,A3_Q2,1,1,31.06266139169571,0.0,0
193,3,A3_Q3,1,1,37.73118356081682,0.0,0
193,3,A3_Q4,1,1,27.793015165436778,0.0,0
193,4,A4_Q1,0,3,57.22386763876811,0.8648568242568275,0
193,4,A4_Q2,0,4,35.76812585293398,0.9978443386766616,0
193,4,A4_Q3,0,4,36.92939149716568,0.7746695155579576,0
193,4,A4_Q4,1,1,26.1350510967721,0.0,0
193,5,A5_Q1,0,2,20.26842601169107,0.7287416067360656,0
193,5,A5_Q2,0,2,39.68180537624931,0.7167514662629423,0
193,5,A5_Q3,0,2,39.68740670843144,0.9123893220515189,0
193,5,A5_Q4,0,4,5.036225477110193,0.9408976053601459,0
194,1,A1_Q1,1,1,22.530453170116974,0.0,2
194,1,A1_Q2,1,1,26.920228749088825,0.0,2
194,1,A1_Q3,0,2,63.19860739454773,0.5991040456528758,2
194,1,A1_Q4,0,2,32.09565711694889,0.5638669248061237,2
194,2,A2_Q1,1,1,17.549192120915222,0.0,2
194,2,A2_Q2,1,1,34.69267802503634,0.0,2
194,2,A2_Q3,0,3,32.839333934112034,0.5617026546520821,2
194,2,A2_Q4,0,3,60.49169366095229,0.47779662032008785,2
194,3,A3_Q1,1,1,26.680485688887405,0.0,2
194,3,A3_Q2,1,1,36.533780145202215,0.0,2
194,3,A3_Q3,0,3,1.0,0.5611527665086014,2
194,3,A3_Q4,0,3,25.815024910767924,0.5634930689021922,2
194,4,A4_Q1,1,1,28.50110149947683,0.0,2
194,4,A4_Q2,1,1,28.21515072998873,0.0,2
194,4,A4_Q3,0,3,24.430277861075357,0.47943049998858406,2
194,4,A4_Q4,0,3,61.00256962435759,0.4285193757327187,2
194,5,A5_Q1,1,1,57.81871805379245,0.0,2
194,5,A5_Q2,1,1,37.95267286499315,0.0,2
194,5,A5_Q3,0,2,87.04919780426793,0.592595188472897,2
194,5,A5_Q4,0,2,75.29927119543316,0.4056203367235289,2
195,1,A1_Q1,1,1,22.28730583322519,0.0,3
195,1,A1_Q2,1,1,24.97090349961981,0.0,3
195,1,A1_Q3,0,2,63.507811424357335,0.2,3
195,1,A1_Q4,1,1,32.48258541761684,0.0,3
195,2,A2_Q1,1,1,30.42697274458444,0.0,3
195,2,A2_Q2,1,1,30.686281999327555,0.0,3
195,2,A2_Q3,1,1,40.62191307627191,0.0,3
195,2,A2_Q4,0,2,34.027077302773066,0.2,3
195,3,A3_Q1,0,2,57.10166095365319,0.2,3
195,3,A3_Q2,1,1,36.86141924241766,0.0,3
195,3,A3_Q3,0,2,55.329960790963895,0.2,3
195,3,A3_Q4,0,2,38.294568385833166,0.2,3
195,4,A4_Q1,0,2,58.09813335192124,0.2,3
195,4,A4_Q2,0,2,15.266938287074424,0.2,3
195,4,A4_Q3,0,2,42.23548746340163,0.2,3
195,4,A4_Q4,0,2,51.352455366039564,0.2,3
195,5,A5_Q1,0,2,40.02625850349712,0.2,3
195,5,A5_Q2,0,2,63.30743824831262,0.2,3
195,5,A5_Q3,0,2,41.45409367497019,0.2,3
195,5,A5_Q4,0,2,55.89272246931099,0.2,3
196,1,A1_Q1,0,2,64.48168234025707,0.2,3
196,1,A1_Q2,1,1,31.66054370535673,0.0,3
196,1,A1_Q3,1,1,36.509559224948106,0.0,3
196,1,A1_Q4,1,1,46.62185133247772,0.0,3
196,2,A2_Q1,0,2,35.16645142965295,0.2,3
196,2,A2_Q2,0,2,29.746932984050982,0.2,3
196,2,A2_Q3,1,1,27.613198884136096,0.0,3
196,2,A2_Q4,0,2,32.86588899180654,0.2,3
196,3,A3_Q1,0,2,43.67468374579225,0.2,3
196,3,A3_Q2,0,2,45.250544720396604,0.2,3
196,3,A3_Q3,1,1,29.206712408579513,0.0,3
196,3,A3_Q4,0,2,56.16168819190881,0.2,3
196,4,A4_Q1,1,1,41.25672536684007,0.0,3
196,4,A4_Q2,0,2,37.95356701876668,0.2,3
196,4,A4_Q3,0,2,58.625273696568584,0.2,3
196,4,A4_Q4,0,2,34.196288649528604,0.2,3
196,5,A5_Q1,0,2,39.84164681415836,0.2,3
196,5,A5_Q2,1,1,32.532629459176924,0.0,3
196,5,A5_Q3,0,2,46.97853479527855,0.2,3
196,5,A5_Q4,1,1,21.749580411099323,0.0,3
197,1,A1_Q1,1,1,42.113757217962664,0.0,2
197,1,A1_Q2,1,1,37.63142300709657,0.0,2
197,1,A1_Q3,0,3,76.3514818466793,0.5370381214028728,2
197,1,A1_Q4,0,3,54.33439284245766,0.5530703987839307,2
197,2,A2_Q1,1,1,15.831764720508101,0.0,2
197,2,A2_Q2,1,1,31.645578906286467,0.0,2
197,2,A2_Q3,0,3,81.41714299514399,0.40803973825157536,2
197,2,A2_Q4,0,3,45.361519957727545,0.5685438247078937,2
197,3,A3_Q1,1,1,28.202438669235924,0.0,2
197,3,A3_Q2,1,1,21.218782963945472,0.0,2
197,3,A3_Q3,0,3,72.07856958014048,0.5683212463317009,2
197,3,A3_Q4,0,3,53.27848127186859,0.4378695447259717,2
197,4,A4_Q1,1,1,22.573408342276217,0.0,2
197,4,A4_Q2,1,1,39.41902961761021,0.0,2
197,4,A4_Q3,0,3,50.99634180354869,0.44230019211595745,2
197,4,A4_Q4,0,3,46.488575816319134,0.4178956765964835,2
197,5,A5_Q1,1,1,31.029955997616806,0.0,2
197,5,A5_Q2,1,1,28.134267469446353,0.0,2
197,5,A5_Q3,0,3,52.38623267741581,0.5387974139638638,2
197,5,A5_Q4,0,2,33.207832559186556,0.5888532319311102,2
198,1,A1_Q1,1,1,9.03584116981423,0.16203501280884602,1
198,1,A1_Q2,0,4,11.813090298293421,0.2664533731135148,1
198,1,A1_Q3,0,3,5.708892022463129,0.12270232102088197,1
198,1,A1_Q4,0,3,1.598488136004887,0.1655703655485517,1
198,2,A2_Q1,1,1,6.341227951291298,0.0233610192919099,1
198,2,A2_Q2,0,5,11.61509322695273,0.07960535150261727,1
198,2,A2_Q3,0,3,3.788319945799538,0.2541628462720166,1
198,2,A2_Q4,0,4,5.217079286198784,0.2522774683769554,1
198,3,A3_Q1,0,3,13.889354105483125,0.2689744007891966,1
198,3,A3_Q2,0,5,11.13399870702622,0.06319367929066101,1
198,3,A3_Q3,0,5,9.684720411713315,0.04382720993192583,1
198,3,A3_Q4,0,3,6.935894167004178,0.16889445135457973,1
198,4,A4_Q1,0,5,10.530059851744117,0.1725076368784918,1
198,4,A4_Q2,0,4,9.759948711016008,0.11738305662208366,1
198,4,A4_Q3,0,4,9.462566176087034,0.29238276325897244,1
198,4,A4_Q4,0,4,11.182400215417843,0.08712327664267396,1
198,5,A5_Q1,0,5,10.75525491371619,0.055785629400241406,1
198,5,A5_Q2,0,5,4.3186125892699385,0.16261061565183546,1
198,5,A5_Q3,0,5,7.53738947086576,0.14018874090752378,1
198,5,A5_Q4,0,3,4.50367542133683,0.19380308728400966,1
199,1,A1_Q1,0,2,38.0623339250325,0.2,3
199,1,A1_Q2,0,2,29.77045528043552,0.2,3
199,1,A1_Q3,1,1,10.482235164048198,0.0,3
199,1,A1_Q4,1,1,19.61459142964244,0.0,3
199,2,A2_Q1,1,1,41.12798195612906,0.0,3
199,2,A2_Q2,1,1,36.555543582884525,0.0,3
199,2,A2_Q3,0,2,25.574294285625935,0.2,3
199,2,A2_Q4,0,2,59.16973973837563,0.2,3
199,3,A3_Q1,1,1,42.07491249274537,0.0,3
199,3,A3_Q2,0,2,43.87018876893389,0.2,3
199,3,A3_Q3,1,1,27.572711317871697,0.0,3
199,3,A3_Q4,0,2,55.22760556641225,0.2,3
199,4,A4_Q1,1,1,33.02895262542931,0.0,3
199,4,A4_Q2,1,1,26.382830121827354,0.0,3
199,4,A4_Q3,1,1,31.78669775219072,0.0,3
199,4,A4_Q4,1,1,37.63902908575644,0.0,3
199,5,A5_Q1,1,1,26.096055328828577,0.0,3
199,5,A5_Q2,0,2,50.484632735405704,0.2,3
199,5,A5_Q3,0,2,52.66177597621218,0.2,3
199,5,A5_Q4,1,1,28.39549956734366,0.0,3
200,1,A1_Q1,1,1,27.198889922499937,0.0,2
200,1,A1_Q2,1,1,23.32075069608372,0.0,2
200,1,A1_Q3,0,2,21.407706521610773,0.5939144103673116,2
200,1,A1_Q4,0,2,49.77088226203431,0.49219110282263656,2
200,2,A2_Q1,1,1,19.097622908696056,0.0,2
200,2,A2_Q2,1,1,24.86286538287441,0.0,2
200,2,A2_Q3,0,3,59.001093423702926,0.5447990768289476,2
200,2,A2_Q4,0,2,39.71626787317606,0.5146269869308141,2
200,3,A3_Q1,1,1,25.954498750574736,0.0,2
200,3,A3_Q2,1,1,17.03582980926362,0.0,2
200,3,A3_Q3,0,2,44.29623106512681,0.42382001152187115,2
200,3,A3_Q4,0,3,89.7924663957188,0.5715517915614222,2
200,4,A4_Q1,1,1,40.07648027585613,0.0,2
200,4,A4_Q2,1,1,8.145122641457085,0.0,2
200,4,A4_Q3,0,2,67.2066511883344,0.5043631402766511,2
200,4,A4_Q4,0,2,82.69526971391087,0.5376334235097837,2
200,5,A5_Q1,1,1,38.50467703512559,0.0,2
200,5,A5_Q2,1,1,19.729892628958886,0.0,2
200,5,A5_Q3,0,2,31.108465601581827,0.5789428209511226,2
200,5,A5_Q4,0,2,59.30451365387184,0.42984222959263374,2
201,1,A1_Q1,1,1,44.748339702164095,0.0,2
201,1,A1_Q2,1,1,34.63096930663775,0.0,2
201,1,A1_Q3,0,2,42.89787052969465,0.48813072150982134,2
201,1,A1_Q4,0,2,40.96216061554315,0.5991098529479137,2
201,2,A2_Q1,1,1,45.33068825851305,0.0,2
201,2,A2_Q2,1,1,42.972975339255456,0.0,2
201,2,A2_Q3,0,2,28.652707834814457,0.5599190159884085,2
201,2,A2_Q4,0,3,74.74739587127198,0.4946842261266891,2
201,3,A3_Q1,1,1,27.422754384137047,0.0,2
201,3,A3_Q2,1,1,35.36009225591366,0.0,2
201,3,A3_Q3,0,2,56.69805143972048,0.47172468140464974,2
201,3,A3_Q4,0,2,50.02934742884221,0.4844703745401469,2
201,4,A4_Q1,1,1,10.622098438185045,0.0,2
201,4,A4_Q2,1,1,25.403947012425196,0.0,2
201,4,A4_Q3,0,2,51.2688395073264,0.5076658658519646,2
201,4,A4_Q4,0,2,56.32547560519427,0.5786413177101684,2
201,5,A5_Q1,1,1,43.66214785205788,0.0,2
201,5,A5_Q2,1,1,44.157466076601125,0.0,2
201,5,A5_Q3,0,2,82.1180811307656,0.5075782165970023,2
201,5,A5_Q4,0,2,57.540536660606556,0.4490459916463358,2
202,1,A1_Q1,1,1,34.883647602144976,0.0,2
202,1,A1_Q2,1,1,23.701281527284827,0.0,2
202,1,A1_Q3,0,2,64.165324393148,0.5627272047603661,2
202,1,A1_Q4,0,2,70.46294208591311,0.40858723097354344,2
202,2,A2_Q1,1,1,37.30879167432476,0.0,2
202,2,A2_Q2,1,1,19.935666928282295,0.0,2
202,2,A2_Q3,0,3,47.973419543638194,0.5307130305362204,2
202,2,A2_Q4,0,3,60.37753767727713,0.5770814645867062,2
202,3,A3_Q1,1,1,41.578849115841734,0.0,2
202,3,A3_Q2,1,1,39.77334761871499,0.0,2
202,3,A3_Q3,0,2,34.293641594735234,0.5551947817499776,2
202,3,A3_Q4,0,2,58.40034283896739,0.5427884159653508,2
202,4,A4_Q1,1,1,31.84024144767363,0.0,2
202,4,A4_Q2,1,1,28.944746719346707,0.0,2
202,4,A4_Q3,0,3,51.06081568540894,0.5164741126316698,2
202,4,A4_Q4,0,2,40.86790444878463,0.5186475443130835,2
202,5,A5_Q1,1,1,38.98370254190621,0.0,2
202,5,A5_Q2,1,1,50.33459078472238,0.0,2
202,5,A5_Q3,0,3,43.98861218829502,0.4613337260626233,2
202,5,A5_Q4,0,3,45.70593434626739,0.40751457716892203,2
203,1,A1_Q1,0,5,7.258761689576842,0.0559000429033222,1
203,1,A1_Q2,0,5,10.090855159465896,0.02762101371267076,1
203,1,A1_Q3,0,3,9.59138080682798,0.13311325656569586,1
203,1,A1_Q4,0,5,10.720352800026287,0.02269340419720489,1
203,2,A2_Q1,0,5,9.243086252536365,0.2119588896909573,1
203,2,A2_Q2,1,1,6.427339357646398,0.028638803609948513,1
203,2,A2_Q3,1,1,8.400696246607934,0.08944289134444207,1
203,2,A2_Q4,0,3,11.010186522941087,0.23265572415714283,1
203,3,A3_Q1,1,2,8.68871792322276,0.1512224840520265,1
203,3,A3_Q2,0,3,3.9265042305795186,0.26961783408315887,1
203,3,A3_Q3,0,4,6.625182478118629,0.03661306860894381,1
203,3,A3_Q4,0,4,13.307573507709991,0.23994883621497046,1
203,4,A4_Q1,0,5,5.980640007527061,0.16344059348279305,1
203,4,A4_Q2,0,3,8.160152817437066,0.2015868421484736,1
203,4,A4_Q3,0,3,7.2901927886509075,0.05533005167904091,1
203,4,A4_Q4,0,4,11.99016979463615,0.13263112386233367,1
203,5,A5_Q1,0,3,8.619456513270348,0.07460063504927102,1
203,5,A5_Q2,1,2,4.6711718962909075,0.2682163838106434,1
203,5,A5_Q3,0,5,7.281109497108178,0.15101338588327176,1
203,5,A5_Q4,0,5,7.7583790261250885,0.11147193255486001,1
204,1,A1_Q1,0,4,5.797522482887164,0.012034973486554634,1
204,1,A1_Q2,1,1,9.090720197687784,0.2766976734662798,1
204,1,A1_Q3,0,4,9.575507939786505,0.27444479272949424,1
204,1,A1_Q4,1,1,10.926957916364316,0.1681594816486489,1
204,2,A2_Q1,0,5,5.818407654220776,0.12156773487880018,1
204,2,A2_Q2,0,3,7.220494651698908,0.0560547058359861,1
204,2,A2_Q3,0,4,5.688146149623984,0.22982399973546636,1
204,2,A2_Q4,0,5,7.747919429072938,0.2068629550972794,1
204,3,A3_Q1,1,1,9.774042745725922,0.18918254149518282,1
204,3,A3_Q2,1,1,10.991444716830424,0.06624747476334482,1
204,3,A3_Q3,0,3,5.215737154816177,0.11241131099015687,1
204,3,A3_Q4,0,3,4.687720066488363,0.10824204787372536,1
204,4,A4_Q1,1,1,6.595035447570604,0.042738944426132575,1
204,4,A4_Q2,0,3,11.407570834937323,0.06882359737038189,1
204,4,A4_Q3,0,4,4.418137333864301,0.17945816355536806,1
204,4,A4_Q4,0,5,2.561816104780571,0.1574631654016747,1
204,5,A5_Q1,0,4,8.75067174236002,0.2736599701488604,1
204,5,A5_Q2,1,1,6.639882738110487,0.12212758684740592,1
204,5,A5_Q3,0,5,7.02278332045214,0.21644312482020509,1
204,5,A5_Q4,0,5,2.9936089328977644,0.056110375707797124,1
205,1,A1_Q1,1,2,2.228785789572357,0.22967701913731806,1
205,1,A1_Q2,1,1,6.752551370364037,0.10058649512384117,1
205,1,A1_Q3,1,2,7.818489564207868,0.05387436855273905,1
205,1,A1_Q4,0,4,1.0,0.23380087959584608,1
205,2,A2_Q1,0,4,9.052611603778145,0.02690978910247639,1
205,2,A2_Q2,1,1,11.44813331935706,0.06394926071757244,1
205,2,A2_Q3,0,3,6.573545776431672,0.026704837420168857,1
205,2,A2_Q4,0,5,9.132484295194741,0.05447325251489677,1
205,3,A3_Q1,1,1,5.5871928514139935,0.25239250544991054,1
205,3,A3_Q2,0,3,10.39243959085529,0.203794661989801,1
205,3,A3_Q3,0,5,11.949034512558558,0.09982911460070382,1
205,3,A3_Q4,0,3,6.098100123109992,0.20820598374736962,1
205,4,A4_Q1,0,3,6.109303779060683,0.20977282057364216,1
205,4,A4_Q2,0,3,10.258126080818554,0.18535774621867676,1
205,4,A4_Q3,1,2,7.810793668680899,0.19218646471730658,1
205,4,A4_Q4,0,3,8.670571287624611,0.11133349913297642,1
205,5,A5_Q1,0,3,9.468893794070457,0.20536332990939718,1
205,5,A5_Q2,0,4,7.7681233727574615,0.12146792904691989,1
205,5,A5_Q3,0,3,14.067460718001744,0.1170587901749707,1
205,5,A5_Q4,0,3,6.3929386455693,0.011012394841388518,1
206,1,A1_Q1,1,1,8.21461448735181,0.006675105577899287,1
206,1,A1_Q2,1,2,10.18533209898386,0.0917574323984527,1
206,1,A1_Q3,0,5,6.96094092902049,0.25324213800764245,1
206,1,A1_Q4,1,1,5.7598883111573125,0.11489010331929399,1
206,2,A2_Q1,0,4,13.561689337085493,0.11088163235858065,1
206,2,A2_Q2,0,3,17.26194143333703,0.14149584039851656,1
206,2,A2_Q3,0,5,8.284085053144434,0.23463036764523193,1
206,2,A2_Q4,0,4,4.680967528768673,0.2797889897218079,1
206,3,A3_Q1,1,2,6.64101602217413,0.29471851608683064,1
206,3,A3_Q2,0,4,8.91776021314224,0.25575319088676157,1
206,3,A3_Q3,0,4,8.260229113454619,0.16664810471832034,1
206,3,A3_Q4,0,3,9.432766458659014,0.16243034298295347,1
206,4,A4_Q1,0,5,2.3699627993011427,0.19677520574459204,1
206,4,A4_Q2,1,2,7.500543247155362,0.13718993939906937,1
206,4,A4_Q3,0,5,8.926917198544492,0.12295382961307257,1
206,4,A4_Q4,0,5,12.481784430926593,0.1549963202185808,1
206,5,A5_Q1,0,3,2.640839564533935,0.2032839526627834,1
206,5,A5_Q2,0,5,10.155789569750112,0.10594632068476134,1
206,5,A5_Q3,0,5,12.528571978096563,0.2507419108853508,1
206,5,A5_Q4,1,2,11.735367565962969,0.2809449744051225,1
207,1,A1_Q1,0,2,21.039600336919786,0.1,4
207,1,A1_Q2,1,1,39.85948383314721,0.0,4
207,1,A1_Q3,1,1,37.38398449060537,0.0,4
207,1,A1_Q4,1,1,38.462485085725,0.0,4
207,2,A2_Q1,1,1,29.185061340405078,0.0,4
207,2,A2_Q2,1,1,37.820946110195614,0.0,4
207,2,A2_Q3,0,2,23.228689251889527,0.1,4
207,2,A2_Q4,1,1,21.181815010145804,0.0,4
207,3,A3_Q1,1,1,24.087843807576263,0.0,4
207,3,A3_Q2,1,1,31.01422964239658,0.0,4
207,3,A3_Q3,0,2,19.51203054922793,0.1,4
207,3,A3_Q4,1,1,13.166178669571742,0.0,4
207,4,A4_Q1,1,1,35.03434107846911,0.0,4
207,4,A4_Q2,1,1,15.425425354914395,0.0,4
207,4,A4_Q3,1,1,9.198120273581281,0.0,4
207,4,A4_Q4,1,1,32.789781019156486,0.0,4
207,5,A5_Q1,1,1,22.688157590859596,0.0,4
207,5,A5_Q2,1,1,14.80894708757436,0.0,4
207,5,A5_Q3,0,2,27.251096869168542,0.1,4
207,5,A5_Q4,0,2,6.00017848703207,0.1,4
208,1,A1_Q1,0,2,29.45621920876399,0.2,3
208,1,A1_Q2,1,1,24.968364809536432,0.0,3
208,1,A1_Q3,1,1,19.86394157645531,0.0,3
208,1,A1_Q4,0,2,30.439535066535665,0.2,3
208,2,A2_Q1,0,2,57.20471123186723,0.2,3
208,2,A2_Q2,0,2,60.4981860632834,0.2,3
208,2,A2_Q3,1,1,39.162404629699324,0.0,3
208,2,A2_Q4,1,1,38.44928641765585,0.0,3
208,3,A3_Q1,0,2,56.37253246641683,0.2,3
208,3,A3_Q2,1,1,41.40785800452474,0.0,3
208,3,A3_Q3,0,2,48.71053738215363,0.2,3
208,3,A3_Q4,0,2,46.030730419240875,0.2,3
208,4,A4_Q1,1,1,27.319478374387096,0.0,3
208,4,A4_Q2,1,1,27.86229751937651,0.0,3
208,4,A4_Q3,1,1,19.966981690245035,0.0,3
208,4,A4_Q4,0,2,38.04319255833485,0.2,3
208,5,A5_Q1,0,2,45.64768789619632,0.2,3
208,5,A5_Q2,0,2,50.32022432272786,0.2,3
208,5,A5_Q3,0,2,34.83111450870888,0.2,3
208,5,A5_Q4,0,2,43.86003447160374,0.2,3
209,1,A1_Q1,0,3,28.034054942650165,0.7205802954685436,0
209,1,A1_Q2,1,1,17.744652777850977,0.0,0
209,1,A1_Q3,0,2,23.606765286185823,0.895532343645731,0
209,1,A1_Q4,1,1,24.638141565595006,0.0,0
209,2,A2_Q1,1,1,33.920636119749425,0.0,0
209,2,A2_Q2,0,3,44.496923112447455,0.9218653446204979,0
209,2,A2_Q3,0,3,29.446775847570684,0.9009306707168804,0
209,2,A2_Q4,0,2,65.73550139320906,0.9721868684357715,0
209,3,A3_Q1,0,4,13.934707026319849,0.9807399494587874,0
209,3,A3_Q2,0,3,43.493050635225494,0.8745881062057577,0
209,3,A3_Q3,0,3,31.694687261138455,0.9830510606899717,0
209,3,A3_Q4,0,2,24.19728758129013,0.7723331343055655,0
209,4,A4_Q1,1,1,43.73376391879333,0.0,0
209,4,A4_Q2,0,2,45.186411276151986,0.832343079810723,0
209,4,A4_Q3,0,2,33.382349638093594,0.8301464381454416,0
209,4,A4_Q4,0,4,66.89717701456144,0.9667126353070483,0
209,5,A5_Q1,0,4,56.85848300337008,0.9816579329306974,0
209,5,A5_Q2,0,4,45.19590430524201,0.7996683292198852,0
209,5,A5_Q3,0,4,17.633801145827896,0.9266833995472517,0
209,5,A5_Q4,0,3,59.23244043923464,0.8633716274466503,0
210,1,A1_Q1,1,1,25.78057714312549,0.0,4
210,1,A1_Q2,1,1,21.082437548089196,0.0,4
210,1,A1_Q3,0,2,23.508700995918282,0.1,4
210,1,A1_Q4,0,2,15.374581283854338,0.1,4
210,2,A2_Q1,1,1,50.35242894176204,0.0,4
210,2,A2_Q2,1,1,44.75564486150003,0.0,4
210,2,A2_Q3,0,2,13.064938080835049,0.1,4
210,2,A2_Q4,1,1,24.311450977629132,0.0,4
210,3,A3_Q1,1,1,30.824663936971493,0.0,4
210,3,A3_Q2,1,1,46.20774083408945,0.0,4
210,3,A3_Q3,1,1,26.11456750616957,0.0,4
210,3,A3_Q4,1,1,32.81594410013718,0.0,4
210,4,A4_Q1,1,1,31.052123088844535,0.0,4
210,4,A4_Q2,1,1,38.32972180334055,0.0,4
210,4,A4_Q3,0,2,15.272795283238565,0.1,4
210,4,A4_Q4,1,1,44.50456415125785,0.0,4
210,5,A5_Q1,1,1,10.878779871061504,0.0,4
210,5,A5_Q2,1,1,34.41949331569899,0.0,4
210,5,A5_Q3,1,1,31.584478711691688,0.0,4
210,5,A5_Q4,1,1,28.977221327395153,0.0,4
211,1,A1_Q1,1,1,42.322042374139116,0.0,2
211,1,A1_Q2,1,1,34.37372674179668,0.0,2
211,1,A1_Q3,0,2,3.491596917206394,0.5755688300950049,2
211,1,A1_Q4,0,2,30.773692164647642,0.42866200725512216,2
211,2,A2_Q1,1,1,9.737164886327601,0.0,2
211,2,A2_Q2,1,1,22.365763671437698,0.0,2
211,2,A2_Q3,0,2,49.74327683189697,0.5079151259124123,2
211,2,A2_Q4,0,3,47.0798708619834,0.4876761794281863,2
211,3,A3_Q1,1,1,28.052103787167646,0.0,2
211,3,A3_Q2,1,1,26.946908464814353,0.0,2
211,3,A3_Q3,0,2,37.52806239334721,0.5391727233197399,2
211,3,A3_Q4,0,2,45.767552424915564,0.5866188146219709,2
211,4,A4_Q1,1,1,35.546640973688255,0.0,2
211,4,A4_Q2,1,1,16.69359846153979,0.0,2
211,4,A4_Q3,0,3,50.60027685233249,0.5803136171055577,2
211,4,A4_Q4,0,3,54.1487160956108,0.42383140910809297,2
211,5,A5_Q1,1,1,26.125113367303097,0.0,2
211,5,A5_Q2,1,1,27.528283877556007,0.0,2
211,5,A5_Q3,0,3,55.58480202441999,0.5139807393293685,2
211,5,A5_Q4,0,3,75.59943406666977,0.4914004618753881,2
212,1,A1_Q1,1,1,10.70191087108934,0.0,4
212,1,A1_Q2,1,1,29.14247052379533,0.0,4
212,1,A1_Q3,1,1,29.67114300797206,0.0,4
212,1,A1_Q4,1,1,25.439257272883694,0.0,4
212,2,A2_Q1,0,2,20.88994689801652,0.1,4
212,2,A2_Q2,1,1,28.650097720229386,0.0,4
212,2,A2_Q3,1,1,22.823608623894593,0.0,4
212,2,A2_Q4,0,2,24.205206384808097,0.1,4
212,3,A3_Q1,0,2,24.887910733880947,0.1,4
212,3,A3_Q2,1,1,31.33941882952013,0.0,4
212,3,A3_Q3,1,1,23.883068782982015,0.0,4
212,3,A3_Q4,1,1,54.39874466985501,0.0,4
212,4,A4_Q1,1,1,33.012424800913905,0.0,4
212,4,A4_Q2,0,2,30.88646723774533,0.1,4
212,4,A4_Q3,0,2,15.75856402752676,0.1,4
212,4,A4_Q4,1,1,26.240717545286437,0.0,4
212,5,A5_Q1,1,1,32.611845412796285,0.0,4
212,5,A5_Q2,1,1,37.91745274008722,0.0,4
212,5,A5_Q3,0,2,16.79444172923615,0.1,4
212,5,A5_Q4,1,1,46.5886969445533,0.0,4
213,1,A1_Q1,0,2,30.294612995520154,0.8120405715949146,0
213,1,A1_Q2,0,2,65.4558198958598,0.8801418589750822,0
213,1,A1_Q3,0,3,21.987715002474392,0.8348097614875452,0
213,1,A1_Q4,1,1,10.94583531984124,0.0,0
213,2,A2_Q1,1,1,29.356273839859405,0.0,0
213,2,A2_Q2,0,2,20.30196656430296,0.99947317415898,0
213,2,A2_Q3,0,3,38.793651252160195,0.9142953911831119,0
213,2,A2_Q4,0,2,25.14979429145291,0.7527573643948577,0
213,3,A3_Q1,1,1,30.77885726980675,0.0,0
213,3,A3_Q2,0,4,46.786555580364144,0.9156337541754146,0
213,3,A3_Q3,1,1,24.20673188112789,0.0,0
213,3,A3_Q4,0,4,19.182797338079464,0.7745647932253539,0
213,4,A4_Q1,0,4,33.37379914754613,0.8628849813844338,0
213,4,A4_Q2,0,4,73.55456615592445,0.7684232782309189,0
213,4,A4_Q3,0,4,23.810458190083878,0.7401996043617012,0
213,4,A4_Q4,1,1,41.428303395562345,0.0,0
213,5,A5_Q1,0,3,36.618353088744996,0.8219614941661039,0
213,5,A5_Q2,0,3,45.81802134525275,0.8394584581388721,0
213,5,A5_Q3,0,3,55.44096427202982,0.9677968586006441,0
213,5,A5_Q4,1,1,25.28425296643464,0.0,0
214,1,A1_Q1,1,1,28.034728659452963,0.0,4
214,1,A1_Q2,0,2,16.95960677223927,0.1,4
214,1,A1_Q3,1,1,46.74244132883051,0.0,4
214,1,A1_Q4,1,1,19.99006914557458,0.0,4
214,2,A2_Q1,1,1,26.044937698707898,0.0,4
214,2,A2_Q2,0,2,12.113196964034186,0.1,4
214,2,A2_Q3,0,2,27.07733000042242,0.1,4
214,2,A2_Q4,1,1,19.553055189054113,0.0,4
214,3,A3_Q1,1,1,31.845094463018626,0.0,4
214,3,A3_Q2,1,1,21.186234357520654,0.0,4
214,3,A3_Q3,1,1,25.328565557311375,0.0,4
214,3,A3_Q4,1,1,25.924185724029705,0.0,4
214,4,A4_Q1,0,2,19.44570710689381,0.1,4
214,4,A4_Q2,1,1,31.73178831534515,0.0,4
214,4,A4_Q3,1,1,19.513874015588218,0.0,4
214,4,A4_Q4,1,1,33.7210422974605,0.0,4
214,5,A5_Q1,1,1,38.52269849518696,0.0,4
214,5,A5_Q2,1,1,14.858581814351744,0.0,4
214,5,A5_Q3,1,1,21.38835169315397,0.0,4
214,5,A5_Q4,1,1,30.827152390597114,0.0,4
215,1,A1_Q1,0,4,33.05625430770509,0.9540268800985119,0
215,1,A1_Q2,1,1,37.91349130793368,0.0,0
215,1,A1_Q3,0,4,16.698367228758904,0.8145572875665498,0
215,1,A1_Q4,0,2,9.337316453569755,0.8303016554944875,0
215,2,A2_Q1,0,2,19.5197390265953,0.8612186275700093,0
215,2,A2_Q2,1,1,31.886146562136275,0.0,0
215,2,A2_Q3,1,1,40.058910317691456,0.0,0
215,2,A2_Q4,0,4,60.80875383950174,0.9238451511480363,0
215,3,A3_Q1,1,1,34.22503626492538,0.0,0
215,3,A3_Q2,0,4,45.21277053857903,0.8639400553002093,0
215,3,A3_Q3,0,2,26.511524791291436,0.9811786134333521,0
215,3,A3_Q4,0,3,50.890539988440004,0.9296593994642797,0
215,4,A4_Q1,0,4,35.45475611242236,0.9117720007979975,0
215,4,A4_Q2,1,1,14.959690098511553,0.0,0
215,4,A4_Q3,0,4,58.539148033421554,0.7683059877788795,0
215,4,A4_Q4,0,2,43.477049576788325,0.7413408963043803,0
215,5,A5_Q1,0,3,47.832723938704106,0.9781036338775242,0
215,5,A5_Q2,0,3,13.683353601139487,0.9021221722730668,0
215,5,A5_Q3,0,2,37.75182949716748,0.7012075836561912,0
215,5,A5_Q4,0,2,61.924481614468554,0.7840338106919695,0
216,1,A1_Q1,1,1,28.669864365026214,0.0,4
216,1,A1_Q2,0,2,23.81696539790985,0.1,4
216,1,A1_Q3,1,1,32.15411402730123,0.0,4
216,1,A1_Q4,1,1,28.341073171536166,0.0,4
216,2,A2_Q1,1,1,18.048914397397944,0.0,4
216,2,A2_Q2,1,1,36.922348854682575,0.0,4
216,2,A2_Q3,0,2,24.261448447264062,0.1,4
216,2,A2_Q4,1,1,28.64398760099117,0.0,4
216,3,A3_Q1,0,2,29.798419909779415,0.1,4
216,3,A3_Q2,1,1,33.13241693693617,0.0,4
216,3,A3_Q3,1,1,32.07781848726217,0.0,4
216,3,A3_Q4,0,2,24.216533372164776,0.1,4
216,4,A4_Q1,1,1,21.00632720162744,0.0,4
216,4,A4_Q2,1,1,18.43872632848968,0.0,4
216,4,A4_Q3,1,1,18.912351045950047,0.0,4
216,4,A4_Q4,1,1,26.474069029355928,0.0,4
216,5,A5_Q1,1,1,37.00972322703966,0.0,4
216,5,A5_Q2,1,1,26.887917108263185,0.0,4
216,5,A5_Q3,1,1,19.089532828059255,0.0,4
216,5,A5_Q4,1,1,41.78087368562174,0.0,4
217,1,A1_Q1,1,1,18.75834015238066,0.0,4
217,1,A1_Q2,1,1,36.43500536597188,0.0,4
217,1,A1_Q3,1,1,32.56107245070717,0.0,4
217,1,A1_Q4,1,1,27.08560659052958,0.0,4
217,2,A2_Q1,1,1,39.90083163993689,0.0,4
217,2,A2_Q2,1,1,49.02908966198964,0.0,4
217,2,A2_Q3,1,1,27.116831302598477,0.0,4
217,2,A2_Q4,0,2,19.52918703199908,0.1,4
217,3,A3_Q1,1,1,29.96759901572344,0.0,4
217,3,A3_Q2,1,1,32.229798553142935,0.0,4
217,3,A3_Q3,1,1,27.56673506626274,0.0,4
217,3,A3_Q4,1,1,33.570508152296924,0.0,4
217,4,A4_Q1,1,1,32.30714322526157,0.0,4
217,4,A4_Q2,1,1,34.772704383004246,0.0,4
217,4,A4_Q3,0,2,12.08836888371724,0.1,4
217,4,A4_Q4,1,1,33.065782751484676,0.0,4
217,5,A5_Q1,1,1,44.07095240414779,0.0,4
217,5,A5_Q2,0,2,20.565754769832868,0.1,4
217,5,A5_Q3,1,1,18.619646914103807,0.0,4
217,5,A5_Q4,1,1,14.146066045210542,0.0,4
218,1,A1_Q1,0,4,9.916521281397038,0.8495758862173637,0
218,1,A1_Q2,0,4,19.813763439256455,0.8379382039824583,0
218,1,A1_Q3,0,2,25.76275673761195,0.9568732125074861,0
218,1,A1_Q4,0,3,41.90760878791428,0.9658152520570228,0
218,2,A2_Q1,1,1,44.10826417836977,0.0,0
218,2,A2_Q2,0,4,31.174644663015393,0.9334376983859565,0
218,2,A2_Q3,0,2,12.549363209744769,0.9443963351782152,0
218,2,A2_Q4,1,1,32.4264434005752,0.0,0
218,3,A3_Q1,0,2,42.20788562437779,0.7391318363600039,0
218,3,A3_Q2,0,3,53.80764362598518,0.9562589334416678,0
218,3,A3_Q3,1,1,15.757693291136945,0.0,0
218,3,A3_Q4,1,1,27.8894296479894,0.0,0
218,4,A4_Q1,0,3,41.35873639321687,0.8247366704731759,0
218,4,A4_Q2,0,4,38.6411946791783,0.8114089056940207,0
218,4,A4_Q3,0,3,43.934772062235886,0.847341560708748,0
218,4,A4_Q4,1,1,23.708438138783013,0.0,0
218,5,A5_Q1,0,4,17.396165512929798,0.9394139748510462,0
218,5,A5_Q2,1,1,31.462147963775593,0.0,0
218,5,A5_Q3,0,2,28.410446655203494,0.9863066035974533,0
218,5,A5_Q4,1,1,38.9054879171221,0.0,0
219,1,A1_Q1,1,1,39.04847037187103,0.0,4
219,1,A1_Q2,1,1,23.563658202146506,0.0,4
219,1,A1_Q3,1,1,29.746718493398298,0.0,4
219,1,A1_Q4,1,1,28.044951489843562,0.0,4
219,2,A2_Q1,0,2,20.014371854229775,0.1,4
219,2,A2_Q2,1,1,33.64015441463962,0.0,4
219,2,A2_Q3,1,1,23.56753410306971,0.0,4
219,2,A2_Q4,1,1,31.610606064129016,0.0,4
219,3,A3_Q1,1,1,17.643621765126476,0.0,4
219,3,A3_Q2,1,1,49.089597412654115,0.0,4
219,3,A3_Q3,1,1,48.904921616769784,0.0,4
219,3,A3_Q4,0,2,20.234549040824284,0.1,4
219,4,A4_Q1,1,1,24.032737045007217,0.0,4
219,4,A4_Q2,1,1,33.42268524912488,0.0,4
219,4,A4_Q3,0,2,24.62456747162586,0.1,4
219,4,A4_Q4,1,1,42.773227646784484,0.0,4
219,5,A5_Q1,1,1,7.713198155746465,0.0,4
219,5,A5_Q2,1,1,48.95421006787197,0.0,4
219,5,A5_Q3,0,2,21.215245701734258,0.1,4
219,5,A5_Q4,1,1,42.31352659618168,0.0,4
220,1,A1_Q1,0,2,14.017424759245335,0.1,4
220,1,A1_Q2,0,2,15.585108130467784,0.1,4
220,1,A1_Q3,1,1,46.944725305279356,0.0,4
220,1,A1_Q4,0,2,20.715424685139972,0.1,4
220,2,A2_Q1,1,1,27.468600505396942,0.0,4
220,2,A2_Q2,0,2,15.039551599501891,0.1,4
220,2,A2_Q3,0,2,22.446170067750177,0.1,4
220,2,A2_Q4,1,1,34.71869947876676,0.0,4
220,3,A3_Q1,1,1,37.56531900986711,0.0,4
220,3,A3_Q2,1,1,22.744588410249573,0.0,4
220,3,A3_Q3,0,2,12.752382396472694,0.1,4
220,3,A3_Q4,1,1,23.432896002235335,0.0,4
220,4,A4_Q1,1,1,16.444581388358735,0.0,4
220,4,A4_Q2,1,1,6.309756884187486,0.0,4
220,4,A4_Q3,0,2,17.518970621292464,0.1,4
220,4,A4_Q4,1,1,30.469362984152276,0.0,4
220,5,A5_Q1,1,1,31.470085865535555,0.0,4
220,5,A5_Q2,1,1,24.382653359393558,0.0,4
220,5,A5_Q3,1,1,24.168885229135572,0.0,4
220,5,A5_Q4,0,2,24.85442944544079,0.1,4
221,1,A1_Q1,1,1,24.55940781981169,0.0,2
221,1,A1_Q2,1,1,53.54048749518882,0.0,2
221,1,A1_Q3,0,2,43.971570215101636,0.5807449840747615,2
221,1,A1_Q4,0,2,35.935114315987114,0.5307084293413068,2
221,2,A2_Q1,1,1,38.66577430970269,0.0,2
221,2,A2_Q2,1,1,36.82584988377487,0.0,2
221,2,A2_Q3,0,3,59.10292761899037,0.5243766322909866,2
221,2,A2_Q4,0,2,88.54773686742239,0.4145665457979978,2
221,3,A3_Q1,1,1,30.118143173225942,0.0,2
221,3,A3_Q2,1,1,29.334535592129143,0.0,2
221,3,A3_Q3,0,3,11.627318182785245,0.4088590861993985,2
221,3,A3_Q4,0,2,64.28689429515866,0.4465416400777743,2
221,4,A4_Q1,1,1,29.372014359122748,0.0,2
221,4,A4_Q2,1,1,33.68122225472968,0.0,2
221,4,A4_Q3,0,3,76.70947795701309,0.4803490410849957,2
221,4,A4_Q4,0,3,58.781147942575174,0.5075465141566402,2
221,5,A5_Q1,1,1,26.916311860507545,0.0,2
221,5,A5_Q2,1,1,25.622660683746545,0.0,2
221,5,A5_Q3,0,3,35.50870484917631,0.44344669491848693,2
221,5,A5_Q4,0,3,40.12427080043351,0.4766703268530445,2
222,1,A1_Q1,0,4,7.557244099432818,0.053924070401477564,1
222,1,A1_Q2,0,5,6.950687493255929,0.23376153442166503,1
222,1,A1_Q3,0,5,11.852240829626862,0.09392495080540561,1
222,1,A1_Q4,0,4,6.189157656856702,0.2664582677544478,1
222,2,A2_Q1,0,3,9.339921504966158,0.019200024825716065,1
222,2,A2_Q2,0,5,13.998847449524629,0.22340670649133412,1
222,2,A2_Q3,0,4,5.669413704135824,0.06793818112741647,1
222,2,A2_Q4,1,2,5.764481585584517,0.06985919693725233,1
222,3,A3_Q1,0,4,4.633542754674423,0.11759433387208804,1
222,3,A3_Q2,0,3,5.623989277714267,0.1024644350769529,1
222,3,A3_Q3,1,2,2.700409296973385,0.2805260668941202,1
222,3,A3_Q4,0,3,6.310957415261996,0.264104458755597,1
222,4,A4_Q1,0,3,11.68173422778426,0.2462530990736066,1
222,4,A4_Q2,0,5,5.102996258458307,0.04231490707495204,1
222,4,A4_Q3,1,1,10.271276553081488,0.2197185137571767,1
222,4,A4_Q4,0,3,10.831141631677772,0.11459119752498477,1
222,5,A5_Q1,1,2,8.926688879807891,0.17239262118655171,1
222,5,A5_Q2,0,5,9.055488929958807,0.22819438187340768,1
222,5,A5_Q3,0,3,7.982658147593178,0.07378116427585472,1
222,5,A5_Q4,0,5,10.687991631240903,0.1486414689196,1
223,1,A1_Q1,1,1,31.46211355897586,0.0,4
223,1,A1_Q2,1,1,28.035268830561055,0.0,4
223,1,A1_Q3,1,1,15.148502997369242,0.0,4
223,1,A1_Q4,1,1,55.21030626028634,0.0,4
223,2,A2_Q1,1,1,43.64285453747127,0.0,4
223,2,A2_Q2,1,1,24.103115931107183,0.0,4
223,2,A2_Q3,1,1,15.290776696168557,0.0,4
223,2,A2_Q4,1,1,34.648587430891844,0.0,4
223,3,A3_Q1,1,1,28.152062550074188,0.0,4
223,3,A3_Q2,1,1,23.910838704950464,0.0,4
223,3,A3_Q3,0,2,19.40791606521262,0.1,4
223,3,A3_Q4,1,1,40.627823352082125,0.0,4
223,4,A4_Q1,1,1,24.9446950218739,0.0,4
223,4,A4_Q2,1,1,39.519329737588535,0.0,4
223,4,A4_Q3,0,2,12.70813778429285,0.1,4
223,4,A4_Q4,1,1,25.059307089523884,0.0,4
223,5,A5_Q1,1,1,42.41019788582763,0.0,4
223,5,A5_Q2,1,1,29.065225116757897,0.0,4
223,5,A5_Q3,1,1,8.16861022491441,0.0,4
223,5,A5_Q4,1,1,25.387660047190955,0.0,4
224,1,A1_Q1,1,1,20.117449988232288,0.0,4
224,1,A1_Q2,1,1,19.834055381172593,0.0,4
224,1,A1_Q3,1,1,28.040960956803517,0.0,4
224,1,A1_Q4,1,1,44.00299068689769,0.0,4
224,2,A2_Q1,1,1,15.502023910579638,0.0,4
224,2,A2_Q2,1,1,31.532940018810255,0.0,4
224,2,A2_Q3,1,1,24.582745209528113,0.0,4
224,2,A2_Q4,1,1,29.50968806185202,0.0,4
224,3,A3_Q1,1,1,35.86137193465362,0.0,4
224,3,A3_Q2,1,1,12.407457237276457,0.0,4
224,3,A3_Q3,1,1,38.670586753715824,0.0,4
224,3,A3_Q4,1,1,32.551383404377,0.0,4
224,4,A4_Q1,1,1,21.561901430450916,0.0,4
224,4,A4_Q2,1,1,23.214453063285678,0.0,4
224,4,A4_Q3,1,1,13.543246198262654,0.0,4
224,4,A4_Q4,1,1,29.688912132194073,0.0,4
224,5,A5_Q1,1,1,29.335302686286575,0.0,4
224,5,A5_Q2,0,2,16.999690608643157,0.1,4
224,5,A5_Q3,1,1,40.97896536733326,0.0,4
224,5,A5_Q4,1,1,10.056124250588255,0.0,4
225,1,A1_Q1,1,1,19.298415364931394,0.0,2
225,1,A1_Q2,1,1,32.67136296461731,0.0,2
225,1,A1_Q3,0,3,16.82450749827938,0.40489934635032376,2
225,1,A1_Q4,0,3,35.88689435160755,0.4302365838674509,2
225,2,A2_Q1,1,1,35.903266244416784,0.0,2
225,2,A2_Q2,1,1,37.048680817970705,0.0,2
225,2,A2_Q3,0,3,25.86836942585044,0.583682701819401,2
225,2,A2_Q4,0,3,83.45460632586718,0.4530612740240838,2
225,3,A3_Q1,1,1,18.36997142216556,0.0,2
225,3,A3_Q2,1,1,44.06807528732965,0.0,2
225,3,A3_Q3,0,2,109.39019015491328,0.5199888582808941,2
225,3,A3_Q4,0,3,20.594252459957087,0.5867233038460734,2
225,4,A4_Q1,1,1,49.05788234362669,0.0,2
225,4,A4_Q2,1,1,31.093269829624496,0.0,2
225,4,A4_Q3,0,3,73.10385680562504,0.4131881776118574,2
225,4,A4_Q4,0,2,56.93811278806402,0.5740286011103475,2
225,5,A5_Q1,1,1,32.91283665690256,0.0,2
225,5,A5_Q2,1,1,37.952342492571816,0.0,2
225,5,A5_Q3,0,2,56.201376477503004,0.4441596035952802,2
225,5,A5_Q4,0,3,86.37595019832901,0.5217024685050693,2
226,1,A1_Q1,1,1,36.827056477468986,0.0,4
226,1,A1_Q2,1,1,31.117846313298564,0.0,4
226,1,A1_Q3,0,2,24.31469855621112,0.1,4
226,1,A1_Q4,0,2,19.857554377448036,0.1,4
226,2,A2_Q1,1,1,28.506057863975755,0.0,4
226,2,A2_Q2,1,1,14.810154164445855,0.0,4
226,2,A2_Q3,1,1,25.264206801819935,0.0,4
226,2,A2_Q4,1,1,28.75147581573331,0.0,4
226,3,A3_Q1,1,1,32.91973200066785,0.0,4
226,3,A3_Q2,0,2,19.94295460572417,0.1,4
226,3,A3_Q3,1,1,35.107665885939134,0.0,4
226,3,A3_Q4,0,2,15.173018949335388,0.1,4
226,4,A4_Q1,1,1,48.99383760967946,0.0,4
226,4,A4_Q2,1,1,30.49994427120307,0.0,4
226,4,A4_Q3,1,1,28.874394708538215,0.0,4
226,4,A4_Q4,0,2,27.60507470671199,0.1,4
226,5,A5_Q1,1,1,25.006287956808457,0.0,4
226,5,A5_Q2,1,1,41.974885400381744,0.0,4
226,5,A5_Q3,1,1,25.435043904959045,0.0,4
226,5,A5_Q4,0,2,13.168942045488869,0.1,4
227,1,A1_Q1,1,1,24.086806936031792,0.0,2
227,1,A1_Q2,1,1,41.10688129600024,0.0,2
227,1,A1_Q3,0,3,40.46497915813379,0.42555659091476866,2
227,1,A1_Q4,0,2,37.293892607566704,0.5118698383696558,2
227,2,A2_Q1,1,1,35.99435679774417,0.0,2
227,2,A2_Q2,1,1,31.77334242168294,0.0,2
227,2,A2_Q3,0,2,21.22971471272432,0.4535503331079083,2
227,2,A2_Q4,0,3,51.515773757077355,0.5764170957743137,2
227,3,A3_Q1,1,1,37.17756139736887,0.0,2
227,3,A3_Q2,1,1,9.748123993877886,0.0,2
227,3,A3_Q3,0,2,86.0294722918436,0.4139632602971124,2
227,3,A3_Q4,0,3,57.129542093389844,0.5781715229015425,2
227,4,A4_Q1,1,1,29.420977486121526,0.0,2
227,4,A4_Q2,1,1,18.398621852306235,0.0,2
227,4,A4_Q3,0,3,80.38901069137744,0.45626771720912734,2
227,4,A4_Q4,0,2,66.57409975214019,0.46545503866629,2
227,5,A5_Q1,1,1,24.62370604514104,0.0,2
227,5,A5_Q2,1,1,47.795671722619446,0.0,2
227,5,A5_Q3,0,2,40.56797292965531,0.5705473491463863,2
227,5,A5_Q4,0,3,52.588433536306006,0.5139974639077486,2
228,1,A1_Q1,0,4,9.575904391318137,0.91731461545499,0
228,1,A1_Q2,1,1,35.379580138401934,0.0,0
228,1,A1_Q3,0,2,5.721024671398027,0.9787212744525131,0
228,1,A1_Q4,1,1,24.248899832437534,0.0,0
228,2,A2_Q1,0,4,39.3077220663676,0.7708515947448632,0
228,2,A2_Q2,0,2,4.545016899938098,0.8141698398841648,0
228,2,A2_Q3,0,4,53.007353336502796,0.7871737686713987,0
228,2,A2_Q4,1,1,29.552653209006113,0.0,0
228,3,A3_Q1,0,4,47.53208693951657,0.7337214133833846,0
228,3,A3_Q2,0,2,29.13328482932591,0.7036347116798944,0
228,3,A3_Q3,1,1,10.069088080470706,0.0,0
228,3,A3_Q4,0,3,21.745005508078567,0.8673561547390586,0
228,4,A4_Q1,0,4,48.558770501797895,0.8180478013355829,0
228,4,A4_Q2,0,2,30.25207631202697,0.8626125953661846,0
228,4,A4_Q3,0,3,62.5785803410962,0.9463937032988037,0
228,4,A4_Q4,0,3,49.5618459989522,0.8948742833853517,0
228,5,A5_Q1,0,3,33.577820035107926,0.947118964040251,0
228,5,A5_Q2,0,3,49.781135546952406,0.7748450759592346,0
228,5,A5_Q3,1,1,28.42747897413456,0.0,0
228,5,A5_Q4,0,2,23.129436866103443,0.7369466421966371,0
229,1,A1_Q1,0,5,8.570969981793706,0.1619116545979892,1
229,1,A1_Q2,0,4,10.23247333668392,0.23103349566908563,1
229,1,A1_Q3,0,4,4.178209918608397,0.183108530796572,1
229,1,A1_Q4,0,5,4.744478964992766,0.29032629701193646,1
229,2,A2_Q1,0,5,2.5203327226123022,0.19366019726404457,1
229,2,A2_Q2,0,4,6.893590204433394,0.0974659819443656,1
229,2,A2_Q3,0,4,9.154923126301963,0.07269606941121749,1
229,2,A2_Q4,0,5,6.994677364015917,0.01143948422744181,1
229,3,A3_Q1,1,1,6.370298631855083,0.049431840573565776,1
229,3,A3_Q2,1,2,13.047942782039891,0.15030617160468754,1
229,3,A3_Q3,0,3,11.362970959219412,0.29457861730505297,1
229,3,A3_Q4,0,5,11.627263134418275,0.013776016827378912,1
229,4,A4_Q1,0,4,12.576786252665208,0.1084425376019816,1
229,4,A4_Q2,0,5,6.834766277033674,0.006074813937027634,1
229,4,A4_Q3,1,1,12.305863596555564,0.19752766325913454,1
229,4,A4_Q4,0,4,13.271214024593498,0.10124240851100191,1
229,5,A5_Q1,0,3,7.579004063352991,0.222736580308456,1
229,5,A5_Q2,0,3,4.08152689856314,0.19049852106627707,1
229,5,A5_Q3,0,5,7.516143699016565,0.05424319051129058,1
229,5,A5_Q4,0,3,5.814038880842876,0.24512411623250796,1
230,1,A1_Q1,1,1,34.14927585802813,0.0,4
230,1,A1_Q2,1,1,38.00512039899854,0.0,4
230,1,A1_Q3,1,1,17.901339958718765,0.0,4
230,1,A1_Q4,1,1,21.448324886966898,0.0,4
230,2,A2_Q1,1,1,45.37735281895018,0.0,4
230,2,A2_Q2,1,1,27.21062164555739,0.0,4
230,2,A2_Q3,1,1,33.84869847767714,0.0,4
230,2,A2_Q4,0,2,18.610121005672692,0.1,4
230,3,A3_Q1,1,1,25.340796645884268,0.0,4
230,3,A3_Q2,1,1,38.620919871481405,0.0,4
230,3,A3_Q3,1,1,27.66485198455134,0.0,4
230,3,A3_Q4,1,1,29.094148572115213,0.0,4
230,4,A4_Q1,0,2,15.567255849551989,0.1,4
230,4,A4_Q2,1,1,42.60371088063843,0.0,4
230,4,A4_Q3,0,2,22.503247782687545,0.1,4
230,4,A4_Q4,0,2,21.093257325011653,0.1,4
230,5,A5_Q1,1,1,21.398323081583747,0.0,4
230,5,A5_Q2,1,1,32.749429402685834,0.0,4
230,5,A5_Q3,1,1,34.03677198358143,0.0,4
230,5,A5_Q4,0,2,15.762759075502837,0.1,4
231,1,A1_Q1,0,5,5.334972098642728,0.28770253308261784,1
231,1,A1_Q2,0,5,8.034955123055736,0.08089435849188349,1
231,1,A1_Q3,1,2,7.6856696707846694,0.25726593812997395,1
231,1,A1_Q4,0,3,7.938261718727406,0.26161602941384804,1
231,2,A2_Q1,0,5,6.816798651803979,0.12399376842033308,1
231,2,A2_Q2,0,3,7.521433855801633,0.22906192052741592,1
231,2,A2_Q3,0,4,8.68373854955928,0.17996039194651414,1
231,2,A2_Q4,1,2,16.527781184031376,0.16600283244425043,1
231,3,A3_Q1,0,4,4.204685725481292,0.07541220218712415,1
231,3,A3_Q2,0,3,3.4109226889950364,0.03684796277241877,1
231,3,A3_Q3,0,4,10.47634249696771,0.2387183144909515,1
231,3,A3_Q4,1,1,1.3109700778100564,0.15873706170623497,1
231,4,A4_Q1,0,3,5.642268218238191,0.09670652802185288,1
231,4,A4_Q2,1,1,10.88049169041682,0.15173499003601484,1
231,4,A4_Q3,1,2,8.375386892601453,0.1034948537087635,1
231,4,A4_Q4,0,4,10.496276055121838,0.023405609700220962,1
231,5,A5_Q1,0,3,9.31321571614038,0.13318009491093377,1
231,5,A5_Q2,1,1,10.220900986284581,0.1363210676459591,1
231,5,A5_Q3,1,2,15.197759924470258,0.21122990531923502,1
231,5,A5_Q4,0,4,12.79594278077333,0.04705010996890889,1
232,1,A1_Q1,0,4,37.12431805757857,0.9540102170051203,0
232,1,A1_Q2,0,2,52.19384651334917,0.9513477159770802,0
232,1,A1_Q3,1,1,35.24792575501322,0.0,0
232,1,A1_Q4,1,1,21.215012090304953,0.0,0
232,2,A2_Q1,0,4,38.92440480572547,0.9248005539383126,0
232,2,A2_Q2,0,3,37.272252444113406,0.944686531312116,0
232,2,A2_Q3,0,3,12.81557831127314,0.806191524393659,0
232,2,A2_Q4,1,1,20.51911613622203,0.0,0
232,3,A3_Q1,0,4,40.17604554582904,0.9960630540825162,0
232,3,A3_Q2,0,2,47.58952630772395,0.7932112656153751,0
232,3,A3_Q3,0,3,11.644872965994196,0.7367857661372315,0
232,3,A3_Q4,1,1,22.136638961227185,0.0,0
232,4,A4_Q1,0,2,50.0309162635192,0.8281543487225115,0
232,4,A4_Q2,0,3,20.336319893917604,0.8717063536082873,0
232,4,A4_Q3,0,3,28.76022087342651,0.841308725231313,0
232,4,A4_Q4,1,1,52.08096295528831,0.0,0
232,5,A5_Q1,0,3,24.520339627533687,0.7111901643584434,0
232,5,A5_Q2,0,4,47.15506790522567,0.8566687884310985,0
232,5,A5_Q3,0,3,50.52823378088941,0.7948966171028442,0
232,5,A5_Q4,1,1,43.385195085812725,0.0,0
233,1,A1_Q1,0,2,30.66683525067902,0.8351863143790828,0
233,1,A1_Q2,0,3,63.69710436102325,0.8580175049421367,0
233,1,A1_Q3,0,3,57.906254622255034,0.7479356686340711,0
233,1,A1_Q4,0,2,34.56007042965882,0.9177034400465555,0
233,2,A2_Q1,1,1,28.357290042430673,0.0,0
233,2,A2_Q2,0,3,40.99141369448464,0.9708756919699162,0
233,2,A2_Q3,0,4,24.380578578533495,0.7548321707990489,0
233,2,A2_Q4,0,3,31.924862092339673,0.7907107101327815,0
233,3,A3_Q1,0,4,40.10477374383908,0.9095794860181118,0
233,3,A3_Q2,0,3,47.712184355357614,0.7290131505921528,0
233,3,A3_Q3,0,4,19.954430450846957,0.9415811791621753,0
233,3,A3_Q4,0,2,76.15576236903927,0.814733111516248,0
233,4,A4_Q1,0,2,58.53225654254604,0.8208999277160807,0
233,4,A4_Q2,0,3,72.510405681148,0.9995943654802661,0
233,4,A4_Q3,1,1,41.00661847549999,0.0,0
233,4,A4_Q4,0,2,44.83840743996329,0.8734284722379126,0
233,5,A5_Q1,1,1,22.216545754159473,0.0,0
233,5,A5_Q2,0,3,22.531195779423616,0.9338944617243901,0
233,5,A5_Q3,1,1,38.25048413022766,0.0,0
233,5,A5_Q4,0,2,25.599587722228122,0.847538194018797,0
234,1,A1_Q1,1,1,25.673593300704134,0.0,0
234,1,A1_Q2,0,3,36.808899729016,0.854432926600136,0
234,1,A1_Q3,0,3,44.947582510947,0.9146431386063038,0
234,1,A1_Q4,0,2,74.92682084404692,0.8788578912092462,0
234,2,A2_Q1,0,2,47.06353644984286,0.9823081247972725,0
234,2,A2_Q2,0,4,63.93020516504298,0.7510914114830487,0
234,2,A2_Q3,0,4,31.00525732823602,0.9607141307430451,0
234,2,A2_Q4,0,4,75.14420113690153,0.8183715095389715,0
234,3,A3_Q1,0,4,55.367566366715764,0.7932285086117263,0
234,3,A3_Q2,0,4,60.49245628052607,0.8491771711814826,0
234,3,A3_Q3,0,3,45.6707403868717,0.8654762982419902,0
234,3,A3_Q4,0,4,34.93746900763803,0.7731308479248182,0
234,4,A4_Q1,1,1,35.621895306852416,0.0,0
234,4,A4_Q2,0,3,74.08791420706649,0.8730732723695138,0
234,4,A4_Q3,0,4,32.787763187734896,0.8991430315750848,0
234,4,A4_Q4,0,2,69.8332695813228,0.7870961811800699,0
234,5,A5_Q1,0,2,18.270586112655984,0.9218234366370075,0
234,5,A5_Q2,0,2,45.054907601448406,0.9190032966323733,0
234,5,A5_Q3,0,2,56.94958623086006,0.9781207348153556,0
234,5,A5_Q4,1,1,21.34790946147753,0.0,0
235,1,A1_Q1,1,1,22.3174467960823,0.0,2
235,1,A1_Q2,1,1,44.211790967971154,0.0,2
235,1,A1_Q3,0,2,47.82766460862517,0.5599025007924183,2
235,1,A1_Q4,0,3,99.05723242284803,0.4105173720428754,2
235,2,A2_Q1,1,1,40.38355184902572,0.0,2
235,2,A2_Q2,1,1,37.47058827824123,0.0,2
235,2,A2_Q3,0,2,37.000543959720986,0.5555780284784351,2
235,2,A2_Q4,0,3,52.839789011511854,0.5033717051074634,2
235,3,A3_Q1,1,1,42.56878031674922,0.0,2
235,3,A3_Q2,1,1,30.70858904820316,0.0,2
235,3,A3_Q3,0,2,37.77495764287325,0.4745505440134346,2
235,3,A3_Q4,0,2,89.58768942828603,0.5267705801767084,2
235,4,A4_Q1,1,1,27.10055933633321,0.0,2
235,4,A4_Q2,1,1,38.9824457285623,0.0,2
235,4,A4_Q3,0,2,46.56160340885844,0.5497203319104319,2
235,4,A4_Q4,0,3,52.30304628880951,0.560713520280062,2
235,5,A5_Q1,1,1,16.882633077548753,0.0,2
235,5,A5_Q2,1,1,31.43202192496382,0.0,2
235,5,A5_Q3,0,3,65.35153023385872,0.47376017698045947,2
235,5,A5_Q4,0,2,55.82438243524432,0.5450782492317889,2
236,1,A1_Q1,0,5,7.487863996230435,0.0943230079121386,1
236,1,A1_Q2,0,5,5.349353807063507,0.10899704507212543,1
236,1,A1_Q3,0,4,11.88125946759788,0.2634648930822609,1
236,1,A1_Q4,1,1,6.466211707625938,0.13470167377411288,1
236,2,A2_Q1,0,4,8.279063864664295,0.20998782381415115,1
236,2,A2_Q2,1,2,17.196423581168656,0.2498390021303384,1
236,2,A2_Q3,0,5,7.037760885563461,0.20453493636370362,1
236,2,A2_Q4,0,4,8.347502422863814,0.19426643329602675,1
236,3,A3_Q1,0,4,8.1086617113958,0.24523429515208595,1
236,3,A3_Q2,0,3,9.987565607504097,0.28503703663720964,1
236,3,A3_Q3,0,4,8.364509029456803,0.17742222386967416,1
236,3,A3_Q4,0,4,9.375035895511443,0.06421190753098972,1
236,4,A4_Q1,0,3,6.096597888364535,0.2222437774530069,1
236,4,A4_Q2,0,3,7.442439814579414,0.024326888498575238,1
236,4,A4_Q3,1,2,4.226888026661422,0.11278833064840617,1
236,4,A4_Q4,1,1,13.597763721838028,0.24957399377128817,1
236,5,A5_Q1,0,5,6.368269839460227,0.13381716769933227,1
236,5,A5_Q2,0,4,2.0965096307222604,0.1900015745527768,1
236,5,A5_Q3,1,1,8.221658027786852,0.02104858086329713,1
236,5,A5_Q4,0,5,8.798148309116996,0.280857462334563,1
237,1,A1_Q1,1,1,43.42024254512465,0.0,3
237,1,A1_Q2,0,2,36.74230904531842,0.2,3
237,1,A1_Q3,0,2,52.60201632625532,0.2,3
237,1,A1_Q4,0,2,57.78873764700375,0.2,3
237,2,A2_Q1,1,1,13.979169905005556,0.0,3
237,2,A2_Q2,0,2,42.599126800328,0.2,3
237,2,A2_Q3,0,2,55.03313312814902,0.2,3
237,2,A2_Q4,1,1,42.655229214185404,0.0,3
237,3,A3_Q1,0,2,43.18220767219893,0.2,3
237,3,A3_Q2,1,1,22.191950484210068,0.0,3
237,3,A3_Q3,1,1,25.11726275303312,0.0,3
237,3,A3_Q4,0,2,43.24641825605159,0.2,3
237,4,A4_Q1,1,1,34.55208248101647,0.0,3
237,4,A4_Q2,1,1,31.696168067176416,0.0,3
237,4,A4_Q3,1,1,1.0,0.0,3
237,4,A4_Q4,0,2,50.11666300165902,0.2,3
237,5,A5_Q1,1,1,40.21494986407439,0.0,3
237,5,A5_Q2,1,1,39.092873966936935,0.0,3
237,5,A5_Q3,0,2,39.78044434524104,0.2,3
237,5,A5_Q4,1,1,22.52897246332934,0.0,3
238,1,A1_Q1,1,1,24.861431991414214,0.0,2
238,1,A1_Q2,1,1,22.010142407885777,0.0,2
238,1,A1_Q3,0,3,83.73452973639891,0.4906569292675316,2
238,1,A1_Q4,0,2,32.66053087134895,0.5249271117376353,2
238,2,A2_Q1,1,1,36.3353393197765,0.0,2
238,2,A2_Q2,1,1,29.197847446690087,0.0,2
238,2,A2_Q3,0,2,39.814793339425634,0.5740607556999685,2
238,2,A2_Q4,0,2,47.638604881557086,0.5755163545066735,2
238,3,A3_Q1,1,1,32.05675478941442,0.0,2
238,3,A3_Q2,1,1,48.20983768908661,0.0,2
238,3,A3_Q3,0,2,41.05225153551971,0.44041686299548777,2
238,3,A3_Q4,0,2,61.18710819430872,0.489710971209141,2
238,4,A4_Q1,1,1,22.844530628905225,0.0,2
238,4,A4_Q2,1,1,19.602220120986324,0.0,2
238,4,A4_Q3,0,3,64.55328987891801,0.5487776288237238,2
238,4,A4_Q4,0,3,45.17695015476694,0.4216245214592123,2
238,5,A5_Q1,1,1,63.17582990798635,0.0,2
238,5,A5_Q2,1,1,37.44468173003758,0.0,2
238,5,A5_Q3,0,2,48.5050759650249,0.5312323612889754,2
238,5,A5_Q4,0,3,73.47684040733405,0.44263570584465667,2
239,1,A1_Q1,0,2,15.111227994789758,0.1,4
239,1,A1_Q2,1,1,55.4210634866988,0.0,4
239,1,A1_Q3,1,1,14.902010915164732,0.0,4
239,1,A1_Q4,1,1,33.84175881337664,0.0,4
239,2,A2_Q1,1,1,10.510363617814246,0.0,4
239,2,A2_Q2,1,1,32.673544374262526,0.0,4
239,2,A2_Q3,0,2,24.760082726646537,0.1,4
239,2,A2_Q4,0,2,9.807767375589137,0.1,4
239,3,A3_Q1,0,2,21.839190966994483,0.1,4
239,3,A3_Q2,1,1,31.848141676122488,0.0,4
239,3,A3_Q3,1,1,20.882177123313582,0.0,4
239,3,A3_Q4,0,2,16.8807987565637,0.1,4
239,4,A4_Q1,1,1,27.230409057728345,0.0,4
239,4,A4_Q2,1,1,20.890819364529634,0.0,4
239,4,A4_Q3,1,1,39.93551027312657,0.0,4
239,4,A4_Q4,0,2,17.809242471896066,0.1,4
239,5,A5_Q1,1,1,17.334611710550284,0.0,4
239,5,A5_Q2,1,1,41.6729071738378,0.0,4
239,5,A5_Q3,1,1,39.34311737670771,0.0,4
239,5,A5_Q4,0,2,20.312158516637215,0.1,4
240,1,A1_Q1,0,5,6.663587339699383,0.17199711393090697,1
240,1,A1_Q2,0,4,5.46158706610932,0.194162740348473,1
240,1,A1_Q3,0,4,5.422768050904231,0.1408183135593987,1
240,1,A1_Q4,1,2,6.477329817138919,0.17699328140987994,1
240,2,A2_Q1,0,4,8.781968464115607,0.16382739758891776,1
240,2,A2_Q2,1,2,9.143195719107055,0.21801002525535682,1
240,2,A2_Q3,0,3,2.3669491890790715,0.1311830307343171,1
240,2,A2_Q4,0,4,12.320330360207521,0.23833236027641813,1
240,3,A3_Q1,0,3,8.418986383059487,0.09017313241620664,1
240,3,A3_Q2,1,1,14.535123830070464,0.14997431636005798,1
240,3,A3_Q3,0,3,5.043976062307907,0.18455260489819406,1
240,3,A3_Q4,0,5,1.2264896343738574,0.1666323907322479,1
240,4,A4_Q1,1,1,7.2868298799586615,0.1631180204490494,1
240,4,A4_Q2,0,3,9.405679397245827,0.21151334154766036,1
240,4,A4_Q3,0,5,11.833629563125916,0.23104785692584576,1
240,4,A4_Q4,0,4,4.297002473069722,0.2817621051195052,1
240,5,A5_Q1,0,4,10.856480670572374,0.21629952601347116,1
240,5,A5_Q2,0,5,7.550180660697609,0.27956498455092776,1
240,5,A5_Q3,0,5,5.3421952236046675,0.11138007723452127,1
240,5,A5_Q4,0,4,2.6972164745512623,0.11360239821197535,1
241,1,A1_Q1,1,1,36.499188740760424,0.0,2
241,1,A1_Q2,1,1,33.90192610605403,0.0,2
241,1,A1_Q3,0,2,39.546166153160186,0.5929996116685774,2
241,1,A1_Q4,0,3,39.506624388692714,0.48548713391025944,2
241,2,A2_Q1,1,1,37.61192372701509,0.0,2
241,2,A2_Q2,1,1,24.37906189851814,0.0,2
241,2,A2_Q3,0,2,31.309786467901077,0.4958993672956519,2
241,2,A2_Q4,0,2,38.43225756553121,0.4610528603214872,2
241,3,A3_Q1,1,1,51.3508200893013,0.0,2
241,3,A3_Q2,1,1,23.1864839356479,0.0,2
241,3,A3_Q3,0,3,37.38709042637575,0.4660895395237295,2
241,3,A3_Q4,0,3,61.99157255627507,0.47049694551961235,2
241,4,A4_Q1,1,1,21.394926734946896,0.0,2
241,4,A4_Q2,1,1,18.33170715078891,0.0,2
241,4,A4_Q3,0,2,18.28828236552075,0.40521111055901404,2
241,4,A4_Q4,0,2,56.42926174605965,0.5447935747547034,2
241,5,A5_Q1,1,1,44.021818738013906,0.0,2
241,5,A5_Q2,1,1,11.60362127437697,0.0,2
241,5,A5_Q3,0,2,47.59234939086635,0.5236400685729117,2
241,5,A5_Q4,0,2,64.40448033810816,0.5501579349897017,2
242,1,A1_Q1,1,1,35.209768734917716,0.0,0
242,1,A1_Q2,1,1,20.794167741635228,0.0,0
242,1,A1_Q3,0,3,28.088197436304974,0.772161367991515,0
242,1,A1_Q4,1,1,21.257678308244877,0.0,0
242,2,A2_Q1,0,3,44.93984999025595,0.870491531378451,0
242,2,A2_Q2,1,1,31.22326686164856,0.0,0
242,2,A2_Q3,0,2,53.63145217186538,0.9312318064631822,0
242,2,A2_Q4,0,4,45.28431823707483,0.8671020462068028,0
242,3,A3_Q1,0,3,11.070794044198593,0.7676181682950489,0
242,3,A3_Q2,0,3,52.79239768776963,0.847453546121453,0
242,3,A3_Q3,0,4,45.428617545414824,0.8279876120429184,0
242,3,A3_Q4,0,3,27.62556247285795,0.7654276385219397,0
242,4,A4_Q1,0,4,52.28296098377659,0.8167182128855958,0
242,4,A4_Q2,0,4,56.44649692607264,0.8914418465473073,0
242,4,A4_Q3,1,1,35.661613562018005,0.0,0
242,4,A4_Q4,0,2,20.435989384314105,0.8087379545843681,0
242,5,A5_Q1,0,4,17.74291217450015,0.9882588448845939,0
242,5,A5_Q2,0,2,52.66097839483027,0.8175244262815635,0
242,5,A5_Q3,0,4,55.84992923891541,0.8300224652115521,0
242,5,A5_Q4,1,1,33.24102951593152,0.0,0
243,1,A1_Q1,0,3,3.0399052928146206,0.011036675015649233,1
243,1,A1_Q2,1,2,6.770921371119953,0.16421332604992386,1
243,1,A1_Q3,0,4,7.34222719720806,0.23027853547595287,1
243,1,A1_Q4,0,4,9.887539573623664,0.17863497944078896,1
243,2,A2_Q1,1,1,12.541994655369528,0.16303355656256777,1
243,2,A2_Q2,0,5,7.356437148992273,0.11553752127576666,1
243,2,A2_Q3,0,5,8.87666968557795,0.25978978605024616,1
243,2,A2_Q4,1,1,10.594874617513028,0.08091510122476166,1
243,3,A3_Q1,1,2,11.919397088811381,0.06522689134026395,1
243,3,A3_Q2,0,4,10.72259690237809,0.23770528930647913,1
243,3,A3_Q3,0,3,5.794513069799099,0.20919773109537473,1
243,3,A3_Q4,0,5,4.714211649041475,0.16221298647485907,1
243,4,A4_Q1,0,5,5.943336285549485,0.08397888649693303,1
243,4,A4_Q2,0,5,10.795190152912546,0.06778581325597616,1
243,4,A4_Q3,1,2,5.908732222465863,0.24681486414476486,1
243,4,A4_Q4,0,4,10.398993546042725,0.10775179516779007,1
243,5,A5_Q1,0,4,5.3577526165126725,0.08031308894258243,1
243,5,A5_Q2,0,3,1.41298267602276,0.23157187302002674,1
243,5,A5_Q3,0,4,9.817208845682602,0.0999224038875592,1
243,5,A5_Q4,0,4,8.846001627663533,0.12240425009948062,1
244,1,A1_Q1,0,3,44.948842101764086,0.8347554305175916,0
244,1,A1_Q2,0,4,50.47598681994101,0.787572884137103,0
244,1,A1_Q3,0,3,48.64824792178995,0.8136647138653704,0
244,1,A1_Q4,0,4,4.3364525510934655,0.8605087638306351,0
244,2,A2_Q1,0,3,31.59695961489657,0.9927368009032345,0
244,2,A2_Q2,0,4,23.11922891892234,0.9121480881942581,0
244,2,A2_Q3,1,1,30.141439460251007,0.0,0
244,2,A2_Q4,1,1,32.88854148934636,0.0,0
244,3,A3_Q1,0,4,39.444878588901496,0.8218516038734458,0
244,3,A3_Q2,0,3,39.73818490801358,0.9022504121669964,0
244,3,A3_Q3,0,2,10.02218985600187,0.9342477138481402,0
244,3,A3_Q4,0,4,28.496957123231326,0.9947469495382185,0
244,4,A4_Q1,1,1,12.150560308081424,0.0,0
244,4,A4_Q2,0,3,41.40859722490675,0.9810118130146677,0
244,4,A4_Q3,0,2,19.420760915732824,0.8854271869494971,0
244,4,A4_Q4,0,4,28.750976293326218,0.9883893922398828,0
244,5,A5_Q1,0,2,38.12075623133779,0.8565555833485854,0
244,5,A5_Q2,0,3,34.257615408845886,0.9071180015781051,0
244,5,A5_Q3,0,3,23.778882280580863,0.744605317707009,0
244,5,A5_Q4,0,3,51.17780322840741,0.9427381676074265,0
245,1,A1_Q1,0,3,13.963990945785593,0.8904742132412931,0
245,1,A1_Q2,0,3,41.20260083088194,0.9762213807079169,0
245,1,A1_Q3,0,4,29.360924242842263,0.9082695636469411,0
245,1,A1_Q4,1,1,32.87919621246,0.0,0
245,2,A2_Q1,0,2,69.64915500820908,0.9823664905285872,0
245,2,A2_Q2,0,2,63.55569361874962,0.714407616279974,0
245,2,A2_Q3,0,4,43.44464583351695,0.9166699768561581,0
245,2,A2_Q4,0,2,40.68086417001136,0.9136980058124015,0
245,3,A3_Q1,1,1,30.638117288837744,0.0,0
245,3,A3_Q2,0,4,59.817498393926336,0.908208546452412,0
245,3,A3_Q3,1,1,29.287287676514854,0.0,0
245,3,A3_Q4,0,3,39.74408969289303,0.9141828133622133,0
245,4,A4_Q1,0,2,30.740444949717748,0.8105796085558477,0
245,4,A4_Q2,0,4,62.26651057660343,0.9763859235040322,0
245,4,A4_Q3,1,1,23.236602842364547,0.0,0
245,4,A4_Q4,0,4,33.792848220671544,0.8583457573673551,0
245,5,A5_Q1,0,4,46.45831494457362,0.9188511479288151,0
245,5,A5_Q2,0,4,55.72139093272264,0.9041264879276945,0
245,5,A5_Q3,1,1,31.37293875349322,0.0,0
245,5,A5_Q4,1,1,24.394589198722265,0.0,0
246,1,A1_Q1,0,3,13.271822651216432,0.2559310124790078,1
246,1,A1_Q2,1,1,12.35291287621973,0.16770326777905253,1
246,1,A1_Q3,0,3,3.9669619855083447,0.2574535158931887,1
246,1,A1_Q4,1,2,7.80766491067972,0.054791692710539526,1
246,2,A2_Q1,0,3,11.326940715581307,0.04395100215162557,1
246,2,A2_Q2,1,1,10.31610694227026,0.14254415404706475,1
246,2,A2_Q3,0,5,1.7166874198552913,0.22694515472997495,1
246,2,A2_Q4,0,4,5.415744085707333,0.07104053101813519,1
246,3,A3_Q1,1,1,3.9978961135444697,0.18238715514301354,1
246,3,A3_Q2,0,4,3.666076240794757,0.21296480663289438,1
246,3,A3_Q3,0,3,7.377795773036409,0.13855933770005088,1
246,3,A3_Q4,0,4,14.337179984943281,0.05221924122219252,1
246,4,A4_Q1,0,5,7.85882437767684,0.04469482752299773,1
246,4,A4_Q2,0,3,3.9936399187759646,0.023547727340071923,1
246,4,A4_Q3,1,1,11.899756934185435,0.08460250103191681,1
246,4,A4_Q4,0,4,9.352469835400033,0.29659075154678505,1
246,5,A5_Q1,0,4,5.873790934690714,0.14724217483581084,1
246,5,A5_Q2,1,1,7.855374843072317,0.25853545396131117,1
246,5,A5_Q3,0,3,8.314237934742952,0.17084755155600292,1
246,5,A5_Q4,0,3,9.04374823436265,0.20473512605712005,1
247,1,A1_Q1,1,1,35.699608325876845,0.0,2
247,1,A1_Q2,1,1,29.823613401888778,0.0,2
247,1,A1_Q3,0,3,46.44884779467404,0.4237806035355987,2
247,1,A1_Q4,0,3,51.6228766369924,0.5397884783937142,2
247,2,A2_Q1,1,1,16.526287587603253,0.0,2
247,2,A2_Q2,1,1,30.40771691526375,0.0,2
247,2,A2_Q3,0,3,76.42607398403575,0.42496353380836854,2
247,2,A2_Q4,0,2,73.37193185590978,0.43043414322262596,2
247,3,A3_Q1,1,1,17.716218706836422,0.0,2
247,3,A3_Q2,1,1,30.55967086098187,0.0,2
247,3,A3_Q3,0,2,47.22606339793973,0.5944730969559957,2
247,3,A3_Q4,0,2,36.90870116808539,0.5676384069567169,2
247,4,A4_Q1,1,1,4.623278179508688,0.0,2
247,4,A4_Q2,1,1,18.416009730987604,0.0,2
247,4,A4_Q3,0,2,35.22939424829225,0.44858193436432997,2
247,4,A4_Q4,0,2,54.531842523559966,0.5585607069532488,2
247,5,A5_Q1,1,1,19.365560045536885,0.0,2
247,5,A5_Q2,1,1,28.145960240314672,0.0,2
247,5,A5_Q3,0,3,7.51110042078659,0.42885026282331834,2
247,5,A5_Q4,0,2,66.18621807862601,0.4824668431266645,2
248,1,A1_Q1,0,3,35.897736500425566,0.9126870411288543,0
248,1,A1_Q2,0,2,44.63227300251337,0.7069268868046602,0
248,1,A1_Q3,0,3,46.76155625779399,0.9960326792156673,0
248,1,A1_Q4,0,2,34.35995264405539,0.8724109611758464,0
248,2,A2_Q1,0,2,36.79853402202638,0.8113459138840524,0
248,2,A2_Q2,0,3,52.90375879777005,0.8699199084281405,0
248,2,A2_Q3,0,4,62.82286848640122,0.82030294593189,0
248,2,A2_Q4,0,4,53.20844341461501,0.8844751727248178,0
248,3,A3_Q1,0,3,17.269167133090445,0.7039400121129801,0
248,3,A3_Q2,1,1,42.938176908147256,0.0,0
248,3,A3_Q3,0,3,40.20475061905095,0.9473384677278816,0
248,3,A3_Q4,0,4,32.3491628850462,0.8462233533670871,0
248,4,A4_Q1,0,3,62.597929544684,0.9728841390648737,0
248,4,A4_Q2,1,1,22.740819140062214,0.0,0
248,4,A4_Q3,0,3,24.92942708939806,0.9914431210810821,0
248,4,A4_Q4,0,2,36.936260318810334,0.9014173014474964,0
248,5,A5_Q1,1,1,12.815199738294197,0.0,0
248,5,A5_Q2,0,3,33.497322681947,0.9452038970148369,0
248,5,A5_Q3,1,1,35.596615703243685,0.0,0
248,5,A5_Q4,1,1,22.814572932209597,0.0,0
249,1,A1_Q1,0,4,60.5912449937331,0.7701989436371883,0
249,1,A1_Q2,1,1,17.312489923987165,0.0,0
249,1,A1_Q3,0,3,35.93335461029808,0.7610485301620934,0
249,1,A1_Q4,1,1,15.361960867543935,0.0,0
249,2,A2_Q1,0,2,37.136885464693314,0.8061783029725911,0
249,2,A2_Q2,0,2,37.32835402537274,0.9426956202013566,0
249,2,A2_Q3,0,3,39.83679859740522,0.7270342362248503,0
249,2,A2_Q4,0,4,32.21754728620172,0.7456179183334096,0
249,3,A3_Q1,0,3,36.460298516995806,0.8542564542763034,0
249,3,A3_Q2,0,2,31.861220390146062,0.7308735227868475,0
249,3,A3_Q3,1,1,5.76688948914439,0.0,0
249,3,A3_Q4,1,1,26.076119585252002,0.0,0
249,4,A4_Q1,0,3,38.74378918522431,0.8964544187167384,0
249,4,A4_Q2,1,1,43.89285129093599,0.0,0
249,4,A4_Q3,0,3,45.41441331587577,0.7972363816996959,0
249,4,A4_Q4,1,1,32.134439988669506,0.0,0
249,5,A5_Q1,0,3,46.63422457495465,0.7314713159047933,0
249,5,A5_Q2,0,4,31.35991119257141,0.8142351203776329,0
249,5,A5_Q3,0,4,36.15444094660734,0.8193054178241811,0
249,5,A5_Q4,0,3,23.06555102300252,0.7505805073712657,0
250,1,A1_Q1,0,2,19.091695364070976,0.1,4
250,1,A1_Q2,1,1,27.526070600525642,0.0,4
250,1,A1_Q3,0,2,24.08618309498944,0.1,4
250,1,A1_Q4,1,1,49.401566318350625,0.0,4
250,2,A2_Q1,1,1,37.422885075783036,0.0,4
250,2,A2_Q2,1,1,40.58136112567422,0.0,4
250,2,A2_Q3,1,1,26.874225746053092,0.0,4
250,2,A2_Q4,0,2,21.016238656527,0.1,4
250,3,A3_Q1,1,1,36.242691543408256,0.0,4
250,3,A3_Q2,0,2,21.62862517121815,0.1,4
250,3,A3_Q3,1,1,38.548070356513605,0.0,4
250,3,A3_Q4,1,1,42.150656055916386,0.0,4
250,4,A4_Q1,1,1,49.008887896036846,0.0,4
250,4,A4_Q2,1,1,44.919430591616404,0.0,4
250,4,A4_Q3,1,1,11.229608453696912,0.0,4
250,4,A4_Q4,1,1,31.919937886222677,0.0,4
250,5,A5_Q1,1,1,45.92225073648775,0.0,4
250,5,A5_Q2,1,1,33.11389937696427,0.0,4
250,5,A5_Q3,0,2,10.224569430409252,0.1,4
250,5,A5_Q4,1,1,20.82384010893668,0.0,4
251,1,A1_Q1,0,4,27.939676824083186,0.7470935185391968,0
251,1,A1_Q2,1,1,41.17922681676716,0.0,0
251,1,A1_Q3,1,1,38.09547299575564,0.0,0
251,1,A1_Q4,1,1,32.337149472947125,0.0,0
251,2,A2_Q1,0,4,1.0,0.9554305113572424,0
251,2,A2_Q2,0,4,62.67520005614544,0.810259584378435,0
251,2,A2_Q3,0,3,51.49683939774563,0.9281596606313309,0
251,2,A2_Q4,0,4,61.83033205493193,0.8530295001024422,0
251,3,A3_Q1,1,1,46.82907344764416,0.0,0
251,3,A3_Q2,0,3,41.40199843060368,0.8026230387913212,0
251,3,A3_Q3,1,1,31.306748998926192,0.0,0
251,3,A3_Q4,0,3,87.97597289937826,0.7072201115072816,0
251,4,A4_Q1,1,1,34.24915246046918,0.0,0
251,4,A4_Q2,0,3,35.36073145717368,0.7742852197182832,0
251,4,A4_Q3,0,3,43.001456776361096,0.952913031001511,0
251,4,A4_Q4,0,2,67.84491570043731,0.8224375402623811,0
251,5,A5_Q1,0,4,41.377477285174194,0.9103201549329631,0
251,5,A5_Q2,0,3,58.4309208284338,0.8076634864112586,0
251,5,A5_Q3,0,4,37.633800879618775,0.7443184917551723,0
251,5,A5_Q4,0,4,46.90517207238466,0.9235424645261435,0
252,1,A1_Q1,1,1,11.579172423912109,0.0,4
252,1,A1_Q2,1,1,14.138311330591334,0.0,4
252,1,A1_Q3,1,1,22.354530948924886,0.0,4
252,1,A1_Q4,1,1,36.45912015419202,0.0,4
252,2,A2_Q1,1,1,33.368112723874646,0.0,4
252,2,A2_Q2,1,1,40.84161016954866,0.0,4
252,2,A2_Q3,1,1,18.330118178593363,0.0,4
252,2,A2_Q4,1,1,42.068993489717315,0.0,4
252,3,A3_Q1,1,1,8.29839061439845,0.0,4
252,3,A3_Q2,1,1,20.445981348934474,0.0,4
252,3,A3_Q3,1,1,19.696923494266542,0.0,4
252,3,A3_Q4,1,1,32.04618225590461,0.0,4
252,4,A4_Q1,0,2,20.188381023542938,0.1,4
252,4,A4_Q2,1,1,31.432866718820254,0.0,4
252,4,A4_Q3,1,1,22.432196329791328,0.0,4
252,4,A4_Q4,1,1,44.754541310422944,0.0,4
252,5,A5_Q1,1,1,15.532428936715348,0.0,4
252,5,A5_Q2,1,1,18.404644495495113,0.0,4
252,5,A5_Q3,1,1,27.199757670782304,0.0,4
252,5,A5_Q4,1,1,30.27177167672464,0.0,4
253,1,A1_Q1,1,1,23.786682764780206,0.0,3
253,1,A1_Q2,1,1,32.460300742177466,0.0,3
253,1,A1_Q3,0,2,44.42809445159176,0.2,3
253,1,A1_Q4,0,2,49.488166414005256,0.2,3
253,2,A2_Q1,0,2,58.672901497693005,0.2,3
253,2,A2_Q2,0,2,41.26976550489828,0.2,3
253,2,A2_Q3,1,1,14.753992887796922,0.0,3
253,2,A2_Q4,1,1,27.24003642682775,0.0,3
253,3,A3_Q1,0,2,68.78967221854361,0.2,3
253,3,A3_Q2,0,2,34.9871267239,0.2,3
253,3,A3_Q3,1,1,41.639678234819044,0.0,3
253,3,A3_Q4,0,2,41.58191674425403,0.2,3
253,4,A4_Q1,0,2,38.84520829594492,0.2,3
253,4,A4_Q2,1,1,33.65370054434002,0.0,3
253,4,A4_Q3,0,2,56.138925845280255,0.2,3
253,4,A4_Q4,0,2,44.03970303402335,0.2,3
253,5,A5_Q1,0,2,62.97686530462869,0.2,3
253,5,A5_Q2,0,2,57.780697116583916,0.2,3
253,5,A5_Q3,0,2,41.679276440880145,0.2,3
253,5,A5_Q4,0,2,46.19171762935111,0.2,3
254,1,A1_Q1,1,1,29.76005196645893,0.0,2
254,1,A1_Q2,1,1,44.50340258759062,0.0,2
254,1,A1_Q3,0,2,94.50421328773818,0.4861951049533685,2
254,1,A1_Q4,0,2,38.39289994294538,0.5781280772561235,2
254,2,A2_Q1,1,1,49.47328486904283,0.0,2
254,2,A2_Q2,1,1,37.25160133403402,0.0,2
254,2,A2_Q3,0,3,39.74573660089574,0.4429108415285582,2
254,2,A2_Q4,0,2,85.45967704194044,0.4652299434238723,2
254,3,A3_Q1,1,1,36.89206869649077,0.0,2
254,3,A3_Q2,1,1,24.551299291764877,0.0,2
254,3,A3_Q3,0,3,31.39913541848982,0.5159791196455569,2
254,3,A3_Q4,0,3,55.232505271615416,0.43443352909289024,2
254,4,A4_Q1,1,1,32.46117706376584,0.0,2
254,4,A4_Q2,1,1,47.38146758326139,0.0,2
254,4,A4_Q3,0,2,41.931285879283294,0.4448756667860371,2
254,4,A4_Q4,0,3,80.54026522451984,0.46382790310683863,2
254,5,A5_Q1,1,1,35.70129945517846,0.0,2
254,5,A5_Q2,1,1,33.0941618514205,0.0,2
254,5,A5_Q3,0,3,23.507309710492045,0.5554287137045092,2
254,5,A5_Q4,0,3,69.41267345222886,0.4197030146937068,2
255,1,A1_Q1,1,1,17.267445481931404,0.0,3
255,1,A1_Q2,0,2,65.02947084076285,0.2,3
255,1,A1_Q3,1,1,40.46648360841779,0.0,3
255,1,A1_Q4,1,1,22.380721559457175,0.0,3
255,2,A2_Q1,0,2,42.673940970107424,0.2,3
255,2,A2_Q2,0,2,47.43986187997647,0.2,3
255,2,A2_Q3,0,2,45.308242044275644,0.2,3
255,2,A2_Q4,0,2,33.645676909694316,0.2,3
255,3,A3_Q1,0,2,55.48640709120644,0.2,3
255,3,A3_Q2,1,1,25.857892190724673,0.0,3
255,3,A3_Q3,0,2,44.48286888691954,0.2,3
255,3,A3_Q4,0,2,38.98330822892559,0.2,3
255,4,A4_Q1,0,2,43.31860353950833,0.2,3
255,4,A4_Q2,0,2,23.778665873255292,0.2,3
255,4,A4_Q3,1,1,21.831039118218605,0.0,3
255,4,A4_Q4,1,1,34.708688593753806,0.0,3
255,5,A5_Q1,0,2,49.46374244758536,0.2,3
255,5,A5_Q2,0,2,40.48973881384594,0.2,3
255,5,A5_Q3,0,2,63.22463342993791,0.2,3
255,5,A5_Q4,0,2,43.389918338052986,0.2,3
256,1,A1_Q1,1,1,7.409203468167935,0.2292861695511649,1
256,1,A1_Q2,0,4,6.569061832031787,0.20773364437246408,1
256,1,A1_Q3,1,1,9.925546801870901,0.2662527783170753,1
256,1,A1_Q4,0,4,8.927473158552392,0.233729381937951,1
256,2,A2_Q1,0,3,6.302313011943222,0.29990844941135847,1
256,2,A2_Q2,0,5,6.491086967280117,0.16320368740893293,1
256,2,A2_Q3,0,5,9.66384450635884,0.035844428511923654,1
256,2,A2_Q4,0,3,5.266461244569204,0.266685676707192,1
256,3,A3_Q1,1,1,13.751968982412219,0.1937915864839293,1
256,3,A3_Q2,1,1,5.628128026181143,0.09685133331939295,1
256,3,A3_Q3,0,4,10.480436120920745,0.04604910054771154,1
256,3,A3_Q4,0,3,10.71119835289523,0.2838588851845696,1
256,4,A4_Q1,0,5,8.405264970652022,0.003456303607813016,1
256,4,A4_Q2,0,4,8.12398049563101,0.1135060809785736,1
256,4,A4_Q3,1,2,5.7940705604447444,0.14978502034891594,1
256,4,A4_Q4,0,3,4.989967808761739,0.1809846958351765,1
256,5,A5_Q1,0,4,2.1244359884537145,0.19623524525340325,1
256,5,A5_Q2,0,3,6.162818645836057,0.015193597933117897,1
256,5,A5_Q3,1,2,5.891636162351233,0.257096456340532,1
256,5,A5_Q4,0,5,9.698172376496201,0.2126571339612824,1
257,1,A1_Q1,1,1,25.16516091596184,0.0,0
257,1,A1_Q2,1,1,46.49191323334462,0.0,0
257,1,A1_Q3,0,2,26.881427999626126,0.9179679724568575,0
257,1,A1_Q4,0,3,42.18546673100833,0.8524221190954633,0
257,2,A2_Q1,1,1,17.59978770384692,0.0,0
257,2,A2_Q2,0,3,36.56274011455537,0.9333958356161521,0
257,2,A2_Q3,0,2,36.289736092766304,0.7971784244697309,0
257,2,A2_Q4,0,2,54.13451084053612,0.7096111800309184,0
257,3,A3_Q1,0,3,34.447656275962714,0.7238408510054816,0
257,3,A3_Q2,0,3,43.023884896198055,0.8498186797513196,0
257,3,A3_Q3,0,4,35.48778804437737,0.8121998101076788,0
257,3,A3_Q4,1,1,32.89500722467129,0.0,0
257,4,A4_Q1,0,2,65.07687084571927,0.92888300025169,0
257,4,A4_Q2,1,1,42.51661545473335,0.0,0
257,4,A4_Q3,0,2,43.53986146922615,0.8404542939294535,0
257,4,A4_Q4,1,1,41.16056655280451,0.0,0
257,5,A5_Q1,0,2,55.4378588530537,0.8361246861812655,0
257,5,A5_Q2,0,3,73.12069071315322,0.8550545368923778,0
257,5,A5_Q3,0,3,64.94562468184446,0.9902986827425453,0
257,5,A5_Q4,0,4,60.933123701170764,0.8216414418660936,0
258,1,A1_Q1,0,3,46.95818809068084,0.7711553384641792,0
258,1,A1_Q2,0,4,33.404769866223255,0.9151897455062603,0
258,1,A1_Q3,0,2,31.541252955786838,0.7995332527013941,0
258,1,A1_Q4,0,2,49.41553591827882,0.768657482747049,0
258,2,A2_Q1,1,1,27.08978526914706,0.0,0
258,2,A2_Q2,1,1,50.44938798031026,0.0,0
258,2,A2_Q3,1,1,32.251709322269356,0.0,0
258,2,A2_Q4,0,4,32.196864798188784,0.9531374033399502,0
258,3,A3_Q1,0,2,22.878371986889743,0.8495522399572304,0
258,3,A3_Q2,0,4,56.415412859211735,0.899709264422176,0
258,3,A3_Q3,0,3,29.118208499663623,0.8470608562616885,0
258,3,A3_Q4,0,2,26.13033972327953,0.9177309020843667,0
258,4,A4_Q1,0,4,51.663377358989386,0.9508579293257471,0
258,4,A4_Q2,0,4,14.744575480665034,0.7449913178390491,0
258,4,A4_Q3,0,3,34.01715404333659,0.783368319352225,0
258,4,A4_Q4,0,2,40.93356088585464,0.794440247840211,0
258,5,A5_Q1,1,1,41.706787887065005,0.0,0
258,5,A5_Q2,0,3,13.866484228637592,0.8142661444884087,0
258,5,A5_Q3,0,4,33.809647604786825,0.7709451957768262,0
258,5,A5_Q4,0,4,10.845149084256668,0.7268821181177263,0
259,1,A1_Q1,1,1,35.31450598724603,0.0,4
259,1,A1_Q2,1,1,20.73947538120735,0.0,4
259,1,A1_Q3,1,1,17.681412889280224,0.0,4
259,1,A1_Q4,1,1,16.18022625327343,0.0,4
259,2,A2_Q1,0,2,24.048678748973973,0.1,4
259,2,A2_Q2,1,1,30.58755387939084,0.0,4
259,2,A2_Q3,1,1,14.815780139907108,0.0,4
259,2,A2_Q4,1,1,46.51914336867378,0.0,4
259,3,A3_Q1,1,1,38.742401692332415,0.0,4
259,3,A3_Q2,1,1,29.883898855449566,0.0,4
259,3,A3_Q3,1,1,45.89563332862578,0.0,4
259,3,A3_Q4,1,1,43.854377816563826,0.0,4
259,4,A4_Q1,0,2,18.561485559354416,0.1,4
259,4,A4_Q2,1,1,34.15147732929836,0.0,4
259,4,A4_Q3,1,1,32.26521540241668,0.0,4
259,4,A4_Q4,1,1,19.99298563220451,0.0,4
259,5,A5_Q1,1,1,40.43070491970361,0.0,4
259,5,A5_Q2,0,2,19.625796819367043,0.1,4
259,5,A5_Q3,1,1,33.59485939773858,0.0,4
259,5,A5_Q4,1,1,34.1537962250599,0.0,4
260,1,A1_Q1,1,1,29.174186643936146,0.0,3
260,1,A1_Q2,0,2,40.96841272585431,0.2,3
260,1,A1_Q3,0,2,37.2170730870255,0.2,3
260,1,A1_Q4,1,1,35.585332989785464,0.0,3
260,2,A2_Q1,1,1,27.10509369504056,0.0,3
260,2,A2_Q2,1,1,30.735054074686598,0.0,3
260,2,A2_Q3,0,2,46.474792456227775,0.2,3
260,2,A2_Q4,0,2,54.96032498141682,0.2,3
260,3,A3_Q1,0,2,39.268526613783415,0.2,3
260,3,A3_Q2,0,2,51.624904587414775,0.2,3
260,3,A3_Q3,1,1,39.38576092545533,0.0,3
260,3,A3_Q4,0,2,56.272097320929404,0.2,3
260,4,A4_Q1,0,2,52.87561960910837,0.2,3
260,4,A4_Q2,1,1,27.590111755313526,0.0,3
260,4,A4_Q3,0,2,36.20507190570053,0.2,3
260,4,A4_Q4,0,2,40.54396874163455,0.2,3
260,5,A5_Q1,0,2,48.23059296680249,0.2,3
260,5,A5_Q2,0,2,39.285866901329435,0.2,3
260,5,A5_Q3,0,2,49.449860034006505,0.2,3
260,5,A5_Q4,1,1,35.17242071002436,0.0,3
261,1,A1_Q1,1,1,26.8978492628682,0.0,2
261,1,A1_Q2,1,1,33.00659448885967,0.0,2
261,1,A1_Q3,0,2,23.05544685372135,0.5519185765475949,2
261,1,A1_Q4,0,3,47.4474764269903,0.5007117092651044,2
261,2,A2_Q1,1,1,28.157540211459526,0.0,2
261,2,A2_Q2,1,1,36.67355284454678,0.0,2
261,2,A2_Q3,0,3,56.91752273872563,0.4137240577894822,2
261,2,A2_Q4,0,3,46.001401537631665,0.5006808217688923,2
261,3,A3_Q1,1,1,37.42903305433599,0.0,2
261,3,A3_Q2,1,1,41.937736582635836,0.0,2
261,3,A3_Q3,0,3,61.80240738442045,0.5823207035719247,2
261,3,A3_Q4,0,3,28.617646786023574,0.5514683561345103,2
261,4,A4_Q1,1,1,25.619814382069123,0.0,2
261,4,A4_Q2,1,1,30.746280098168473,0.0,2
261,4,A4_Q3,0,2,33.05557899501799,0.5714877116939676,2
261,4,A4_Q4,0,3,35.30096246329244,0.5173533527656055,2
261,5,A5_Q1,1,1,20.970899929520726,0.0,2
261,5,A5_Q2,1,1,25.910008207734023,0.0,2
261,5,A5_Q3,0,3,61.70161551128261,0.4085507075498586,2
261,5,A5_Q4,0,2,56.18919992006911,0.5568922933786759,2
262,1,A1_Q1,0,2,25.460318963751522,0.1,4
262,1,A1_Q2,1,1,28.542673054129928,0.0,4
262,1,A1_Q3,1,1,26.332587269206293,0.0,4
262,1,A1_Q4,1,1,33.47789479608218,0.0,4
262,2,A2_Q1,0,2,14.819117991121022,0.1,4
262,2,A2_Q2,1,1,22.74165299985942,0.0,4
262,2,A2_Q3,1,1,37.504243928372325,0.0,4
262,2,A2_Q4,1,1,21.32632872921073,0.0,4
262,3,A3_Q1,1,1,30.905225654634386,0.0,4
262,3,A3_Q2,1,1,21.35216361321247,0.0,4
262,3,A3_Q3,1,1,20.54010553693757,0.0,4
262,3,A3_Q4,1,1,33.19496597661333,0.0,4
262,4,A4_Q1,1,1,39.24326060888599,0.0,4
262,4,A4_Q2,0,2,17.90026815882296,0.1,4
262,4,A4_Q3,1,1,28.0665405028728,0.0,4
262,4,A4_Q4,1,1,39.80897368383513,0.0,4
262,5,A5_Q1,1,1,32.479991645560354,0.0,4
262,5,A5_Q2,0,2,4.476973741369299,0.1,4
262,5,A5_Q3,1,1,33.39023610358923,0.0,4
262,5,A5_Q4,1,1,24.94020919907372,0.0,4
263,1,A1_Q1,0,2,55.4331510929052,0.799632103461339,0
263,1,A1_Q2,0,2,33.21145273102058,0.9318806460959519,0
263,1,A1_Q3,1,1,23.816599494163498,0.0,0
263,1,A1_Q4,1,1,24.921562431399988,0.0,0
263,2,A2_Q1,0,2,40.91773310716369,0.9057029909001082,0
263,2,A2_Q2,0,4,22.916739171448448,0.8787063204904186,0
263,2,A2_Q3,0,3,29.64492814984143,0.7824235097320068,0
263,2,A2_Q4,0,3,46.79684663065728,0.7559501750214411,0
263,3,A3_Q1,1,1,23.541875472419992,0.0,0
263,3,A3_Q2,0,2,39.23281552267549,0.9318006204592509,0
263,3,A3_Q3,1,1,10.378173720644789,0.0,0
263,3,A3_Q4,0,3,32.47529981805314,0.7015201343491786,0
263,4,A4_Q1,0,3,22.40207606008661,0.9316448548062286,0
263,4,A4_Q2,1,1,24.044956065345293,0.0,0
263,4,A4_Q3,1,1,25.7056370349173,0.0,0
263,4,A4_Q4,0,3,37.34731203562476,0.862658693465822,0
263,5,A5_Q1,0,4,54.945826384645144,0.7341285165132629,0
263,5,A5_Q2,0,4,52.35538358264152,0.8441594029475225,0
263,5,A5_Q3,1,1,29.825026543448942,0.0,0
263,5,A5_Q4,0,3,36.329475149071406,0.7740116221825085,0
264,1,A1_Q1,0,5,5.880875228622392,0.14743624307041558,1
264,1,A1_Q2,0,5,6.4598099576718155,0.09235898731005318,1
264,1,A1_Q3,1,2,10.6728289219644,0.07515047906541099,1
264,1,A1_Q4,0,5,5.62319604210886,0.24507201302837545,1
264,2,A2_Q1,0,4,8.032525232860959,0.06566054769886405,1
264,2,A2_Q2,1,2,10.82260771481989,0.27263428296335196,1
264,2,A2_Q3,0,5,8.037030212362946,0.2153489328422674,1
264,2,A2_Q4,1,2,16.094121370452278,0.056462812936303626,1
264,3,A3_Q1,0,3,15.82197979000268,0.12878847535830398,1
264,3,A3_Q2,1,1,11.60212325355106,0.2569011974507122,1
264,3,A3_Q3,0,5,10.3020122398977,0.05108867527561012,1
264,3,A3_Q4,0,5,16.47250102820819,0.024154502939793144,1
264,4,A4_Q1,0,4,10.620786959292506,0.19320696499066434,1
264,4,A4_Q2,0,5,10.885687696070718,0.24672731537394255,1
264,4,A4_Q3,0,3,5.271043922500885,0.19800903318900687,1
264,4,A4_Q4,0,5,4.799866677587323,0.2694819195330381,1
264,5,A5_Q1,0,3,8.275274980266559,0.24085452689091857,1
264,5,A5_Q2,0,3,9.24279735999042,0.0613960588938981,1
264,5,A5_Q3,1,1,12.664888183177295,0.09803485379076554,1
264,5,A5_Q4,0,4,4.679225501098098,0.0036294065095356597,1
265,1,A1_Q1,0,3,7.6059482865024215,0.27489446234435594,1
265,1,A1_Q2,1,1,7.676110902551558,0.06140750238653711,1
265,1,A1_Q3,0,4,8.915519549386834,0.2834822719281041,1
265,1,A1_Q4,0,3,7.0343987929725795,0.1201965005319095,1
265,2,A2_Q1,1,1,13.232030702227199,0.2844805949364511,1
265,2,A2_Q2,0,3,6.477972638903696,0.06056881683986695,1
265,2,A2_Q3,0,5,3.050253823916739,0.2223256230452068,1
265,2,A2_Q4,1,1,4.880357904042763,0.2985155259825017,1
265,3,A3_Q1,0,5,8.605661582874449,0.018103651620564296,1
265,3,A3_Q2,0,4,5.916039307685951,0.29089852762582974,1
265,3,A3_Q3,0,5,14.42948455406556,0.10925035886481382,1
265,3,A3_Q4,0,3,11.470191245767733,0.14609227548050438,1
265,4,A4_Q1,0,5,7.646215127594084,0.19654094317495083,1
265,4,A4_Q2,1,2,5.59609855536193,0.03176370644214067,1
265,4,A4_Q3,1,1,8.622558913148364,0.02055204167730179,1
265,4,A4_Q4,0,3,8.339890458902175,0.07949423187506491,1
265,5,A5_Q1,0,4,12.847945039753789,0.048332971555749935,1
265,5,A5_Q2,0,4,11.125000199250051,0.10623919090430857,1
265,5,A5_Q3,0,5,15.068386888032206,0.11403179961474119,1
265,5,A5_Q4,0,5,1.5288898243299487,0.15005076875524048,1
266,1,A1_Q1,1,1,36.98975818344767,0.0,3
266,1,A1_Q2,0,2,34.85801929819952,0.2,3
266,1,A1_Q3,0,2,59.729835776298295,0.2,3
266,1,A1_Q4,1,1,15.796982199293055,0.0,3
266,2,A2_Q1,1,1,15.405051039736533,0.0,3
266,2,A2_Q2,0,2,54.72128131900094,0.2,3
266,2,A2_Q3,0,2,42.870213434497884,0.2,3
266,2,A2_Q4,1,1,27.436443571468537,0.0,3
266,3,A3_Q1,0,2,53.13892813538997,0.2,3
266,3,A3_Q2,0,2,39.597144721043165,0.2,3
266,3,A3_Q3,1,1,20.922500494438932,0.0,3
266,3,A3_Q4,1,1,19.56756590825616,0.0,3
266,4,A4_Q1,1,1,36.67781560596187,0.0,3
266,4,A4_Q2,0,2,47.28066867653191,0.2,3
266,4,A4_Q3,0,2,44.41392924217528,0.2,3
266,4,A4_Q4,1,1,27.592974281526903,0.0,3
266,5,A5_Q1,0,2,53.275142147312096,0.2,3
266,5,A5_Q2,1,1,27.410411652324868,0.0,3
266,5,A5_Q3,1,1,14.381214282755693,0.0,3
266,5,A5_Q4,0,2,45.3322323851696,0.2,3
267,1,A1_Q1,1,1,15.952273170875468,0.0,2
267,1,A1_Q2,1,1,13.16577023735817,0.0,2
267,1,A1_Q3,0,2,62.171651136567846,0.5624737605747562,2
267,1,A1_Q4,0,3,56.21952690028446,0.5048179935108915,2
267,2,A2_Q1,1,1,46.56829620680631,0.0,2
267,2,A2_Q2,1,1,34.409020023082626,0.0,2
267,2,A2_Q3,0,2,70.77997276613144,0.5958751639332909,2
267,2,A2_Q4,0,3,30.393725080988055,0.4923684584650615,2
267,3,A3_Q1,1,1,45.65425663744818,0.0,2
267,3,A3_Q2,1,1,34.12829293579669,0.0,2
267,3,A3_Q3,0,2,63.53434494700652,0.590636519382177,2
267,3,A3_Q4,0,2,55.10766730770664,0.5436896652511045,2
267,4,A4_Q1,1,1,33.682490074836025,0.0,2
267,4,A4_Q2,1,1,22.854523244513015,0.0,2
267,4,A4_Q3,0,2,45.66156366780162,0.4259107475520991,2
267,4,A4_Q4,0,3,67.86154869131383,0.49057431691702647,2
267,5,A5_Q1,1,1,25.099421492134216,0.0,2
267,5,A5_Q2,1,1,28.99623136527422,0.0,2
267,5,A5_Q3,0,2,42.23942920174942,0.45917023304240884,2
267,5,A5_Q4,0,3,24.730307898777863,0.5908433633669413,2
268,1,A1_Q1,1,1,18.753443116670063,0.0,3
268,1,A1_Q2,0,2,43.58415580705662,0.2,3
268,1,A1_Q3,0,2,47.077658789919035,0.2,3
268,1,A1_Q4,1,1,34.856125801495196,0.0,3
268,2,A2_Q1,0,2,51.32151629690773,0.2,3
268,2,A2_Q2,1,1,42.45618312218214,0.0,3
268,2,A2_Q3,1,1,34.66397749247612,0.0,3
268,2,A2_Q4,1,1,18.359950899966467,0.0,3
268,3,A3_Q1,0,2,42.468784237141875,0.2,3
268,3,A3_Q2,0,2,42.188059878025705,0.2,3
268,3,A3_Q3,0,2,52.61342356793512,0.2,3
268,3,A3_Q4,0,2,47.632654875753964,0.2,3
268,4,A4_Q1,1,1,29.97054588667405,0.0,3
268,4,A4_Q2,1,1,24.55918688982419,0.0,3
268,4,A4_Q3,0,2,39.187608029738556,0.2,3
268,4,A4_Q4,1,1,30.76671205614718,0.0,3
268,5,A5_Q1,0,2,44.16667799375653,0.2,3
268,5,A5_Q2,0,2,53.866387211137386,0.2,3
268,5,A5_Q3,0,2,51.629937020526,0.2,3
268,5,A5_Q4,0,2,53.756049308219175,0.2,3
269,1,A1_Q1,0,3,7.988031711556199,0.17417010707723626,1
269,1,A1_Q2,1,2,6.5870305692079905,0.12424054294187449,1
269,1,A1_Q3,0,5,3.680905506244372,0.09389675474816282,1
269,1,A1_Q4,0,5,9.055578288339726,0.2932365805004883,1
269,2,A2_Q1,0,4,12.197044342151095,0.2956998069073521,1
269,2,A2_Q2,0,5,7.917793127400488,0.025662500167668998,1
269,2,A2_Q3,1,1,10.616888160111756,0.022680476668403716,1
269,2,A2_Q4,1,2,7.24493152769284,0.22087883033329203,1
269,3,A3_Q1,1,1,3.1086855392997954,0.19161317452886237,1
269,3,A3_Q2,1,1,16.012026124589195,0.10457025200421867,1
269,3,A3_Q3,0,4,8.37656412528031,0.16026572939005598,1
269,3,A3_Q4,0,3,5.906070376265731,0.027372718234116276,1
269,4,A4_Q1,1,2,5.823147630310139,0.08721037820796576,1
269,4,A4_Q2,1,2,2.978478687893487,0.10190290156370065,1
269,4,A4_Q3,0,3,7.645590830182923,0.24398526395030315,1
269,4,A4_Q4,0,3,6.739529174232185,0.21664425562283898,1
269,5,A5_Q1,1,1,13.503293999420263,0.22535753686719426,1
269,5,A5_Q2,0,5,6.682862965090599,0.2704932533310928,1
269,5,A5_Q3,1,1,8.401952671829967,0.2108218465171605,1
269,5,A5_Q4,1,1,4.517069823055559,0.2364432041903733,1
270,1,A1_Q1,1,1,32.895903662894725,0.0,0
270,1,A1_Q2,1,1,42.696339473672964,0.0,0
270,1,A1_Q3,0,2,65.34867992397994,0.8499950594814505,0
270,1,A1_Q4,0,3,48.45106540672079,0.7533004689517477,0
270,2,A2_Q1,0,2,55.897000492204725,0.7160397172376884,0
270,2,A2_Q2,0,3,42.54740008875531,0.9690637885426563,0
270,2,A2_Q3,0,4,48.668923391279954,0.9629225465738447,0
270,2,A2_Q4,0,2,23.926315892234534,0.9503727594984859,0
270,3,A3_Q1,0,2,13.569268366895969,0.7257373264786109,0
270,3,A3_Q2,0,3,11.261964605373276,0.8091284664945207,0
270,3,A3_Q3,1,1,29.114203969518766,0.0,0
270,3,A3_Q4,0,2,73.19211684168747,0.8161669915210535,0
270,4,A4_Q1,1,1,30.574479150999206,0.0,0
270,4,A4_Q2,0,4,30.997430867584196,0.8070983582377769,0
270,4,A4_Q3,1,1,35.77998743734467,0.0,0
270,4,A4_Q4,0,4,37.174512300705175,0.7073242944466666,0
270,5,A5_Q1,1,1,28.845171036083688,0.0,0
270,5,A5_Q2,0,4,30.041657415802504,0.8851673758274189,0
270,5,A5_Q3,0,2,40.15299314265505,0.8197717509007537,0
270,5,A5_Q4,1,1,14.285108124237269,0.0,0
271,1,A1_Q1,0,5,6.449872671710343,0.045678039033562996,1
271,1,A1_Q2,0,4,6.864821921918594,0.037107549620213766,1
271,1,A1_Q3,0,5,6.753143836739605,0.17671803424978913,1
271,1,A1_Q4,0,5,7.107260001759523,0.16820552456683927,1
271,2,A2_Q1,1,2,3.657811723823178,0.2672273901026974,1
271,2,A2_Q2,1,1,4.30359822002602,0.09952394750431875,1
271,2,A2_Q3,1,2,9.16575586709781,0.08078535594261281,1
271,2,A2_Q4,1,1,12.060346858098434,0.05640757133121846,1
271,3,A3_Q1,1,2,8.939370251578975,0.12404738744810404,1
271,3,A3_Q2,0,3,8.434159393993362,0.15550643717825488,1
271,3,A3_Q3,1,1,12.289192178577053,0.06429247864854949,1
271,3,A3_Q4,0,3,12.031439340383857,0.028944605920550537,1
271,4,A4_Q1,0,5,5.233927024468454,0.2778398516319701,1
271,4,A4_Q2,0,5,6.415327982036688,0.04005869199364202,1
271,4,A4_Q3,0,5,9.657934143398924,0.0032216945393947483,1
271,4,A4_Q4,1,1,6.8720530369861805,0.1321961060782324,1
271,5,A5_Q1,0,5,5.588238967281736,0.10540770429953425,1
271,5,A5_Q2,0,4,7.761522732891234,0.07837239926748701,1
271,5,A5_Q3,0,4,6.7727942410298745,0.17732963978159777,1
271,5,A5_Q4,0,3,5.075396972579032,0.20504177833007892,1
272,1,A1_Q1,0,2,42.855933152512414,0.2,3
272,1,A1_Q2,1,1,23.99618609487664,0.0,3
272,1,A1_Q3,0,2,63.14649167323078,0.2,3
272,1,A1_Q4,0,2,45.32158619565182,0.2,3
272,2,A2_Q1,0,2,49.37017622073419,0.2,3
272,2,A2_Q2,1,1,27.243292495082855,0.0,3
272,2,A2_Q3,1,1,27.173747204519884,0.0,3
272,2,A2_Q4,1,1,31.0567472528084,0.0,3
272,3,A3_Q1,0,2,35.13292314285758,0.2,3
272,3,A3_Q2,1,1,36.457349470842715,0.0,3
272,3,A3_Q3,0,2,49.22143692195263,0.2,3
272,3,A3_Q4,1,1,37.82115604976386,0.0,3
272,4,A4_Q1,0,2,39.1917935317223,0.2,3
272,4,A4_Q2,1,1,31.276613498434493,0.0,3
272,4,A4_Q3,0,2,43.344210274324055,0.2,3
272,4,A4_Q4,1,1,33.76505680977427,0.0,3
272,5,A5_Q1,0,2,51.187727395848064,0.2,3
272,5,A5_Q2,0,2,53.719934654268634,0.2,3
272,5,A5_Q3,1,1,23.929228086243004,0.0,3
272,5,A5_Q4,0,2,39.185682962828565,0.2,3
273,1,A1_Q1,0,2,19.072257327035732,0.1,4
273,1,A1_Q2,1,1,4.179408292365316,0.0,4
273,1,A1_Q3,1,1,32.14578926242149,0.0,4
273,1,A1_Q4,1,1,27.383564470993008,0.0,4
273,2,A2_Q1,1,1,19.823607481662208,0.0,4
273,2,A2_Q2,1,1,30.763844075889462,0.0,4
273,2,A2_Q3,1,1,39.74725600905728,0.0,4
273,2,A2_Q4,1,1,32.98814224908147,0.0,4
273,3,A3_Q1,1,1,41.86215734402434,0.0,4
273,3,A3_Q2,1,1,49.484253341324134,0.0,4
273,3,A3_Q3,1,1,28.20232365671754,0.0,4
273,3,A3_Q4,0,2,29.43569479996137,0.1,4
273,4,A4_Q1,0,2,25.454895138097324,0.1,4
273,4,A4_Q2,1,1,43.93715564418126,0.0,4
273,4,A4_Q3,1,1,13.549027458602193,0.0,4
273,4,A4_Q4,0,2,19.715569252287196,0.1,4
273,5,A5_Q1,1,1,33.878575434155955,0.0,4
273,5,A5_Q2,1,1,38.20576811668947,0.0,4
273,5,A5_Q3,1,1,26.705588952751654,0.0,4
273,5,A5_Q4,1,1,16.35966835160686,0.0,4
274,1,A1_Q1,0,2,51.86846977063719,0.2,3
274,1,A1_Q2,1,1,1.0,0.0,3
274,1,A1_Q3,0,2,38.8960016645931,0.2,3
274,1,A1_Q4,1,1,28.33033577651286,0.0,3
274,2,A2_Q1,0,2,39.80974281081851,0.2,3
274,2,A2_Q2,0,2,33.46429002898191,0.2,3
274,2,A2_Q3,0,2,30.2438725361706,0.2,3
274,2,A2_Q4,0,2,40.800557604313006,0.2,3
274,3,A3_Q1,1,1,29.444094768007286,0.0,3
274,3,A3_Q2,1,1,33.63098432661039,0.0,3
274,3,A3_Q3,1,1,30.988240450164316,0.0,3
274,3,A3_Q4,1,1,22.122417423795607,0.0,3
274,4,A4_Q1,1,1,28.66324085345188,0.0,3
274,4,A4_Q2,1,1,29.909172059043136,0.0,3
274,4,A4_Q3,1,1,12.425766295972448,0.0,3
274,4,A4_Q4,1,1,33.11039065368078,0.0,3
274,5,A5_Q1,1,1,39.19186153676954,0.0,3
274,5,A5_Q2,1,1,19.406593127251735,0.0,3
274,5,A5_Q3,1,1,37.164302036574,0.0,3
274,5,A5_Q4,1,1,41.55732712120892,0.0,3
275,1,A1_Q1,0,2,2.7618402113374216,0.9133621482202068,0
275,1,A1_Q2,0,2,13.103128234961108,0.9518815477704923,0
275,1,A1_Q3,1,1,16.12397682772206,0.0,0
275,1,A1_Q4,0,2,19.3528983836289,0.8564624347580542,0
275,2,A2_Q1,0,2,12.116662922879208,0.902655195959575,0
275,2,A2_Q2,1,1,21.322672678795925,0.0,0
275,2,A2_Q3,1,1,21.58069756125346,0.0,0
275,2,A2_Q4,0,3,30.022895510733814,0.9639459930116356,0
275,3,A3_Q1,0,4,34.416766215856065,0.9550926428744023,0
275,3,A3_Q2,1,1,33.656608415746895,0.0,0
275,3,A3_Q3,0,4,52.217421898759895,0.7278940829334374,0
275,3,A3_Q4,1,1,15.563814427329008,0.0,0
275,4,A4_Q1,0,3,28.872690374473628,0.9680028858412575,0
275,4,A4_Q2,0,2,25.766815831357363,0.7181205606378781,0
275,4,A4_Q3,0,4,27.157850408902114,0.8867823165557367,0
275,4,A4_Q4,1,1,40.25667881715954,0.0,0
275,5,A5_Q1,1,1,30.475179650941772,0.0,0
275,5,A5_Q2,0,3,38.31604349213054,0.8825105772088707,0
275,5,A5_Q3,0,2,43.19272252905669,0.8311767517607831,0
275,5,A5_Q4,1,1,25.376065832357725,0.0,0
276,1,A1_Q1,1,1,25.788976609454167,0.0,2
276,1,A1_Q2,1,1,36.04914888275517,0.0,2
276,1,A1_Q3,0,2,21.71835205467297,0.47931571226231545,2
276,1,A1_Q4,0,3,64.48150101488608,0.4775800729877269,2
276,2,A2_Q1,1,1,35.04878722267476,0.0,2
276,2,A2_Q2,1,1,31.8552577363828,0.0,2
276,2,A2_Q3,0,2,22.84027100164783,0.5653274295542011,2
276,2,A2_Q4,0,3,15.67345780645573,0.5886023704986332,2
276,3,A3_Q1,1,1,22.389011816895653,0.0,2
276,3,A3_Q2,1,1,14.221510944635053,0.0,2
276,3,A3_Q3,0,2,60.2494803564377,0.5137164361379996,2
276,3,A3_Q4,0,3,57.71642972864446,0.4434263855876864,2
276,4,A4_Q1,1,1,15.655727475189735,0.0,2
276,4,A4_Q2,1,1,50.01749889303312,0.0,2
276,4,A4_Q3,0,2,59.29750185624776,0.47847119209631195,2
276,4,A4_Q4,0,2,54.62142148963841,0.4658742979288885,2
276,5,A5_Q1,1,1,48.41438781183466,0.0,2
276,5,A5_Q2,1,1,44.209617007378924,0.0,2
276,5,A5_Q3,0,2,54.40644741971347,0.5867124623205466,2
276,5,A5_Q4,0,3,68.01582348056604,0.42299054346349463,2
277,1,A1_Q1,1,1,44.87279627272902,0.0,2
277,1,A1_Q2,1,1,38.731556045083785,0.0,2
277,1,A1_Q3,0,3,36.708363681390665,0.4358814481804212,2
277,1,A1_Q4,0,2,87.05100632199355,0.41259528802933215,2
277,2,A2_Q1,1,1,22.297730168898582,0.0,2
277,2,A2_Q2,1,1,35.43524332550028,0.0,2
277,2,A2_Q3,0,2,97.60775492328979,0.462454484027135,2
277,2,A2_Q4,0,2,44.45852456883648,0.4310188541721419,2
277,3,A3_Q1,1,1,21.356384975742493,0.0,2
277,3,A3_Q2,1,1,39.21676319477567,0.0,2
277,3,A3_Q3,0,3,54.33121094276584,0.521259494449413,2
277,3,A3_Q4,0,2,50.903913582080555,0.41244453907576856,2
277,4,A4_Q1,1,1,28.622141388077196,0.0,2
277,4,A4_Q2,1,1,21.643987593122546,0.0,2
277,4,A4_Q3,0,2,29.6392465615437,0.43617301104183975,2
277,4,A4_Q4,0,2,41.953848458027245,0.41713007878308206,2
277,5,A5_Q1,1,1,25.498049966994667,0.0,2
277,5,A5_Q2,1,1,39.5298149502279,0.0,2
277,5,A5_Q3,0,3,43.60653785081067,0.43496157875503727,2
277,5,A5_Q4,0,2,81.02011873850861,0.5466882987621317,2
278,1,A1_Q1,1,1,39.39828868835869,0.0,2
278,1,A1_Q2,1,1,32.22019894581254,0.0,2
278,1,A1_Q3,0,2,42.619554372647585,0.45383072819421794,2
278,1,A1_Q4,0,3,65.68390199971134,0.4550254818758666,2
278,2,A2_Q1,1,1,23.289144711951327,0.0,2
278,2,A2_Q2,1,1,33.12704856882723,0.0,2
278,2,A2_Q3,0,2,66.5580204259642,0.5150763407219884,2
278,2,A2_Q4,0,3,1.9610611209890862,0.5385237383292106,2
278,3,A3_Q1,1,1,37.403525470606525,0.0,2
278,3,A3_Q2,1,1,22.622878689478085,0.0,2
278,3,A3_Q3,0,2,28.281970412790432,0.5207790600289545,2
278,3,A3_Q4,0,2,55.54520588732326,0.5191097792578413,2
278,4,A4_Q1,1,1,42.48447134758745,0.0,2
278,4,A4_Q2,1,1,30.42306007632233,0.0,2
278,4,A4_Q3,0,3,54.736078672931285,0.5805953447234913,2
278,4,A4_Q4,0,2,68.74812564938992,0.5840366806026672,2
278,5,A5_Q1,1,1,15.934790263337348,0.0,2
278,5,A5_Q2,1,1,19.985434263511983,0.0,2
278,5,A5_Q3,0,2,70.79844975143989,0.5526587105117895,2
278,5,A5_Q4,0,3,46.127452807527064,0.4309078796058299,2
279,1,A1_Q1,0,2,53.400208939122194,0.9184666628222551,0
279,1,A1_Q2,0,2,49.13409821677365,0.9422671424433371,0
279,1,A1_Q3,1,1,34.07305615442153,0.0,0
279,1,A1_Q4,1,1,26.37611851159375,0.0,0
279,2,A2_Q1,0,3,40.48346448845487,0.7553535986796134,0
279,2,A2_Q2,0,4,21.59626485557139,0.9316527052846727,0
279,2,A2_Q3,0,2,61.37237003387124,0.8243430182222707,0
279,2,A2_Q4,0,4,20.65724921048638,0.9916548904561123,0
279,3,A3_Q1,0,4,48.265901863238994,0.987109031512948,0
279,3,A3_Q2,1,1,26.148832338385095,0.0,0
279,3,A3_Q3,0,2,43.04340068899188,0.7337493873441656,0
279,3,A3_Q4,0,2,45.26942915996447,0.9136105416259852,0
279,4,A4_Q1,1,1,24.850983383290412,0.0,0
279,4,A4_Q2,1,1,30.771818947221064,0.0,0
279,4,A4_Q3,1,1,54.86371698878824,0.0,0
279,4,A4_Q4,0,4,40.329568257759234,0.9672379155070971,0
279,5,A5_Q1,0,3,20.102357593982887,0.998427891192099,0
279,5,A5_Q2,0,4,56.45313378646706,0.7430942095216359,0
279,5,A5_Q3,0,4,49.37615195506109,0.7225385324931455,0
279,5,A5_Q4,0,2,34.8266291191637,0.9139646939329749,0
280,1,A1_Q1,1,1,14.744200748161182,0.0,4
280,1,A1_Q2,1,1,48.03648596287526,0.0,4
280,1,A1_Q3,1,1,39.86798435037039,0.0,4
280,1,A1_Q4,1,1,36.29494155999591,0.0,4
280,2,A2_Q1,1,1,43.75568391197333,0.0,4
280,2,A2_Q2,1,1,25.900964772054962,0.0,4
280,2,A2_Q3,1,1,13.779736217124658,0.0,4
280,2,A2_Q4,1,1,30.452157170975095,0.0,4
280,3,A3_Q1,1,1,15.393573003221814,0.0,4
280,3,A3_Q2,1,1,31.248872899010113,0.0,4
280,3,A3_Q3,1,1,48.78682479838358,0.0,4
280,3,A3_Q4,1,1,29.960243287134173,0.0,4
280,4,A4_Q1,1,1,47.61011230334019,0.0,4
280,4,A4_Q2,1,1,17.90581332284911,0.0,4
280,4,A4_Q3,1,1,35.81120945163724,0.0,4
280,4,A4_Q4,0,2,19.333512165030356,0.1,4
280,5,A5_Q1,1,1,26.89353118151718,0.0,4
280,5,A5_Q2,0,2,21.617261821301952,0.1,4
280,5,A5_Q3,1,1,34.77331456423192,0.0,4
280,5,A5_Q4,0,2,19.98668906008672,0.1,4
281,1,A1_Q1,1,1,42.85693270572076,0.0,3
281,1,A1_Q2,1,1,21.887312665190038,0.0,3
281,1,A1_Q3,0,2,66.15613183331254,0.2,3
281,1,A1_Q4,1,1,41.0566072778317,0.0,3
281,2,A2_Q1,1,1,25.603838469829938,0.0,3
281,2,A2_Q2,0,2,42.187063473304306,0.2,3
281,2,A2_Q3,0,2,40.95634674319675,0.2,3
281,2,A2_Q4,1,1,28.24452081369001,0.0,3
281,3,A3_Q1,0,2,39.44599600557661,0.2,3
281,3,A3_Q2,1,1,40.183185945589656,0.0,3
281,3,A3_Q3,1,1,24.040532888837646,0.0,3
281,3,A3_Q4,0,2,58.258207169727854,0.2,3
281,4,A4_Q1,1,1,40.27191560040414,0.0,3
281,4,A4_Q2,1,1,29.831986840222594,0.0,3
281,4,A4_Q3,1,1,36.42107758998613,0.0,3
281,4,A4_Q4,1,1,17.126214068646547,0.0,3
281,5,A5_Q1,1,1,52.40612120174282,0.0,3
281,5,A5_Q2,1,1,21.87415485744733,0.0,3
281,5,A5_Q3,0,2,46.42621392668883,0.2,3
281,5,A5_Q4,1,1,24.16339542694582,0.0,3
282,1,A1_Q1,0,3,6.963635757146208,0.03931266274362972,1
282,1,A1_Q2,1,2,8.69721564096105,0.16335421338276415,1
282,1,A1_Q3,0,3,3.2294260302371054,0.05811863585897678,1
282,1,A1_Q4,0,3,9.649647111174849,0.15902791904242994,1
282,2,A2_Q1,0,5,4.5676514341293855,0.24178346661424593,1
282,2,A2_Q2,0,4,8.196251638605768,0.159045096086374,1
282,2,A2_Q3,1,1,6.78779164924258,0.23490256198144802,1
282,2,A2_Q4,0,5,6.267328926430966,0.014204521423970794,1
282,3,A3_Q1,0,5,12.213162997155337,0.0846967192470024,1
282,3,A3_Q2,0,4,9.646635546561,0.1865472258917324,1
282,3,A3_Q3,1,2,13.020427547598773,0.05568440721191887,1
282,3,A3_Q4,1,1,10.912353662831428,0.23069520005292196,1
282,4,A4_Q1,0,4,9.270248131931549,0.18720599823421916,1
282,4,A4_Q2,1,2,10.735440780712405,0.2813212409686266,1
282,4,A4_Q3,1,2,6.546920822158279,0.15918152160982454,1
282,4,A4_Q4,0,3,11.362275901817288,0.11448276539481758,1
282,5,A5_Q1,1,2,9.115819531981307,0.07634482622955947,1
282,5,A5_Q2,1,2,8.876107165192725,0.2518181913359736,1
282,5,A5_Q3,1,1,8.628946997483062,0.26357421378767293,1
282,5,A5_Q4,0,4,6.4336057401584075,0.09842376536914996,1
283,1,A1_Q1,0,2,42.723298519991054,0.2,3
283,1,A1_Q2,1,1,17.751238134611384,0.0,3
283,1,A1_Q3,1,1,41.28373459939224,0.0,3
283,1,A1_Q4,1,1,46.264922929643845,0.0,3
283,2,A2_Q1,0,2,41.01881713268176,0.2,3
283,2,A2_Q2,1,1,38.7858749322937,0.0,3
283,2,A2_Q3,1,1,38.398514591261005,0.0,3
283,2,A2_Q4,0,2,46.56110531715169,0.2,3
283,3,A3_Q1,1,1,13.748502396112976,0.0,3
283,3,A3_Q2,0,2,43.72198133854883,0.2,3
283,3,A3_Q3,1,1,38.37836961212234,0.0,3
283,3,A3_Q4,0,2,45.12595445930277,0.2,3
283,4,A4_Q1,1,1,32.50866113698168,0.0,3
283,4,A4_Q2,0,2,53.27543152149421,0.2,3
283,4,A4_Q3,0,2,45.37726459819543,0.2,3
283,4,A4_Q4,1,1,9.176342099459134,0.0,3
283,5,A5_Q1,0,2,35.769943028810964,0.2,3
283,5,A5_Q2,1,1,21.68623771793539,0.0,3
283,5,A5_Q3,0,2,45.96926852963633,0.2,3
283,5,A5_Q4,0,2,31.284266198386636,0.2,3
284,1,A1_Q1,1,1,28.54648952087406,0.0,2
284,1,A1_Q2,1,1,35.33103610034748,0.0,2
284,1,A1_Q3,0,2,69.55265933602858,0.5468114208660401,2
284,1,A1_Q4,0,3,73.05074020660652,0.4697581177064042,2
284,2,A2_Q1,1,1,24.564782470549172,0.0,2
284,2,A2_Q2,1,1,34.74603923034761,0.0,2
284,2,A2_Q3,0,3,59.001012750133135,0.4150477015503826,2
284,2,A2_Q4,0,3,32.28528798732491,0.5893534570993778,2
284,3,A3_Q1,1,1,27.37183157473885,0.0,2
284,3,A3_Q2,1,1,12.009991597885925,0.0,2
284,3,A3_Q3,0,3,53.44415943971371,0.4465796469598466,2
284,3,A3_Q4,0,3,47.457191704277754,0.5652998724602015,2
284,4,A4_Q1,1,1,41.44654219248213,0.0,2
284,4,A4_Q2,1,1,14.524689177255537,0.0,2
284,4,A4_Q3,0,3,63.820409406464165,0.5563220098461105,2
284,4,A4_Q4,0,3,57.58247266138474,0.5871625516965453,2
284,5,A5_Q1,1,1,24.672989124450222,0.0,2
284,5,A5_Q2,1,1,28.618318537201006,0.0,2
284,5,A5_Q3,0,2,76.07971984221814,0.45443100301925354,2
284,5,A5_Q4,0,3,11.27261450137835,0.5113578953837693,2
285,1,A1_Q1,1,1,12.566685979334316,0.0,3
285,1,A1_Q2,1,1,22.319907649565337,0.0,3
285,1,A1_Q3,1,1,27.30918691662496,0.0,3
285,1,A1_Q4,0,2,34.364170332693504,0.2,3
285,2,A2_Q1,0,2,27.45921448070758,0.2,3
285,2,A2_Q2,1,1,23.377744065464878,0.0,3
285,2,A2_Q3,0,2,52.118348830772156,0.2,3
285,2,A2_Q4,1,1,22.699544061735015,0.0,3
285,3,A3_Q1,0,2,51.714624841228016,0.2,3
285,3,A3_Q2,0,2,50.91605001948727,0.2,3
285,3,A3_Q3,0,2,36.66208936947223,0.2,3
285,3,A3_Q4,1,1,41.91379168848054,0.0,3
285,4,A4_Q1,0,2,56.91822521822012,0.2,3
285,4,A4_Q2,1,1,24.239067201276676,0.0,3
285,4,A4_Q3,1,1,24.337192348194165,0.0,3
285,4,A4_Q4,1,1,8.329761618848032,0.0,3
285,5,A5_Q1,1,1,32.53824467134017,0.0,3
285,5,A5_Q2,0,2,23.287027011316646,0.2,3
285,5,A5_Q3,0,2,43.90082730797048,0.2,3
285,5,A5_Q4,0,2,47.65176953283781,0.2,3
286,1,A1_Q1,1,1,22.963656309452055,0.0,2
286,1,A1_Q2,1,1,14.526643135344198,0.0,2
286,1,A1_Q3,0,3,68.76149673946132,0.501115930365925,2
286,1,A1_Q4,0,2,31.619604178621163,0.5341027197237536,2
286,2,A2_Q1,1,1,20.194536728836972,0.0,2
286,2,A2_Q2,1,1,36.76837654111007,0.0,2
286,2,A2_Q3,0,3,58.95801068094972,0.5548260762123701,2
286,2,A2_Q4,0,2,76.67277123719654,0.5250045997862984,2
286,3,A3_Q1,1,1,41.41454578321271,0.0,2
286,3,A3_Q2,1,1,19.805221683423262,0.0,2
286,3,A3_Q3,0,3,64.9954605146743,0.5314148180538424,2
286,3,A3_Q4,0,3,43.2157376186009,0.41268991217532075,2
286,4,A4_Q1,1,1,21.029046995183222,0.0,2
286,4,A4_Q2,1,1,34.92715419461401,0.0,2
286,4,A4_Q3,0,3,62.006275831554156,0.5331025165418328,2
286,4,A4_Q4,0,2,85.4191510669549,0.4401168060166481,2
286,5,A5_Q1,1,1,44.316359869379696,0.0,2
286,5,A5_Q2,1,1,39.59729660277267,0.0,2
286,5,A5_Q3,0,3,29.833376477506288,0.4763039720611981,2
286,5,A5_Q4,0,3,27.480446730552632,0.5503209736646285,2
287,1,A1_Q1,0,2,47.45486557818847,0.2,3
287,1,A1_Q2,1,1,32.63121402141206,0.0,3
287,1,A1_Q3,1,1,36.39558565501344,0.0,3
287,1,A1_Q4,0,2,54.23269890545455,0.2,3
287,2,A2_Q1,0,2,43.046561956703734,0.2,3
287,2,A2_Q2,0,2,41.56876287144707,0.2,3
287,2,A2_Q3,1,1,35.31354542704788,0.0,3
287,2,A2_Q4,1,1,3.867314608299818,0.0,3
287,3,A3_Q1,0,2,51.056324251047016,0.2,3
287,3,A3_Q2,1,1,34.21643908216044,0.0,3
287,3,A3_Q3,0,2,48.894029605889266,0.2,3
287,3,A3_Q4,1,1,42.31909515564442,0.0,3
287,4,A4_Q1,0,2,45.67281993058327,0.2,3
287,4,A4_Q2,1,1,38.67071583146741,0.0,3
287,4,A4_Q3,1,1,26.12132805166989,0.0,3
287,4,A4_Q4,0,2,36.80320383461062,0.2,3
287,5,A5_Q1,0,2,51.24574501666371,0.2,3
287,5,A5_Q2,1,1,33.32972467081628,0.0,3
287,5,A5_Q3,1,1,7.74421803694629,0.0,3
287,5,A5_Q4,0,2,36.42932070253566,0.2,3
288,1,A1_Q1,0,3,6.52492517372087,0.20507424999741292,1
288,1,A1_Q2,0,3,5.391852904430366,0.044755810219039426,1
288,1,A1_Q3,0,5,11.873156698107302,0.20418717852082094,1
288,1,A1_Q4,0,5,8.554775859947313,0.016833443555922055,1
288,2,A2_Q1,0,5,9.847865267132166,0.1828223750988914,1
288,2,A2_Q2,1,2,3.070706100252254,0.293967291319603,1
288,2,A2_Q3,0,5,4.5672355512061396,0.1356518866771323,1
288,2,A2_Q4,1,2,13.089702848252099,0.05776543660640982,1
288,3,A3_Q1,1,2,6.26152079659656,0.05358951393806559,1
288,3,A3_Q2,0,3,3.709029002808359,0.26014922898530307,1
288,3,A3_Q3,0,3,12.691884010579113,0.0049568189359579734,1
288,3,A3_Q4,0,4,4.072368942397463,0.15019999206681564,1
288,4,A4_Q1,1,2,7.197469229700389,0.17211946314665705,1
288,4,A4_Q2,0,4,4.533511873613707,0.1495794097191046,1
288,4,A4_Q3,1,1,9.788305510428817,0.2800116219276658,1
288,4,A4_Q4,0,5,7.265115245519546,0.21379843089411094,1
288,5,A5_Q1,0,5,8.968011892226034,0.040310884167607086,1
288,5,A5_Q2,0,3,10.674018940534394,0.027963441232460872,1
288,5,A5_Q3,0,5,12.37178070754921,0.024453310810182947,1
288,5,A5_Q4,0,5,12.561802705289637,0.11231483541438561,1
289,1,A1_Q1,1,1,42.61761160395,0.0,3
289,1,A1_Q2,0,2,53.249189813359926,0.2,3
289,1,A1_Q3,1,1,27.59403561219945,0.0,3
289,1,A1_Q4,1,1,28.023195072747225,0.0,3
289,2,A2_Q1,0,2,45.26489751278575,0.2,3
289,2,A2_Q2,1,1,50.32803938969555,0.0,3
289,2,A2_Q3,0,2,34.539157798084304,0.2,3
289,2,A2_Q4,0,2,38.37582157490478,0.2,3
289,3,A3_Q1,1,1,31.46455953667951,0.0,3
289,3,A3_Q2,1,1,15.886457116742159,0.0,3
289,3,A3_Q3,0,2,65.47552166308604,0.2,3
289,3,A3_Q4,0,2,54.195058920443905,0.2,3
289,4,A4_Q1,0,2,34.31895654417063,0.2,3
289,4,A4_Q2,1,1,34.21804805506707,0.0,3
289,4,A4_Q3,0,2,53.90028986956423,0.2,3
289,4,A4_Q4,1,1,38.000324898266285,0.0,3
289,5,A5_Q1,0,2,42.77755333730839,0.2,3
289,5,A5_Q2,1,1,34.385732354272875,0.0,3
289,5,A5_Q3,1,1,41.55071673910556,0.0,3
289,5,A5_Q4,0,2,43.08819987683651,0.2,3
290,1,A1_Q1,1,1,19.194572316022956,0.0,2
290,1,A1_Q2,1,1,48.151226225494625,0.0,2
290,1,A1_Q3,0,2,63.961669298353364,0.41934396671022595,2
290,1,A1_Q4,0,3,46.46965026560538,0.5030632671782709,2
290,2,A2_Q1,1,1,10.478608322405965,0.0,2
290,2,A2_Q2,1,1,19.093730024881943,0.0,2
290,2,A2_Q3,0,3,62.836215120004624,0.5010057542773999,2
290,2,A2_Q4,0,3,34.73897740887058,0.5045089662622614,2
290,3,A3_Q1,1,1,44.51622244393238,0.0,2
290,3,A3_Q2,1,1,19.923336758144252,0.0,2
290,3,A3_Q3,0,3,55.431644003071845,0.5527366200899455,2
290,3,A3_Q4,0,2,87.29931287130793,0.40219968021409197,2
290,4,A4_Q1,1,1,35.69552686864809,0.0,2
290,4,A4_Q2,1,1,33.40613663631447,0.0,2
290,4,A4_Q3,0,2,14.817556097719596,0.5485268565735042,2
290,4,A4_Q4,0,3,23.001222343694,0.4711880950799503,2
290,5,A5_Q1,1,1,18.22582532568682,0.0,2
290,5,A5_Q2,1,1,37.31109144220908,0.0,2
290,5,A5_Q3,0,3,82.69211023522402,0.47205474394660213,2
290,5,A5_Q4,0,3,19.271809775195607,0.5298509450926018,2
291,1,A1_Q1,1,1,56.59995938098837,0.0,4
291,1,A1_Q2,0,2,18.04475137010454,0.1,4
291,1,A1_Q3,1,1,35.177578157088405,0.0,4
291,1,A1_Q4,1,1,23.270127808347432,0.0,4
291,2,A2_Q1,1,1,45.190195725309806,0.0,4
291,2,A2_Q2,0,2,12.281847390631576,0.1,4
291,2,A2_Q3,1,1,39.67429419154058,0.0,4
291,2,A2_Q4,1,1,44.43641475179593,0.0,4
291,3,A3_Q1,1,1,19.738236920365384,0.0,4
291,3,A3_Q2,1,1,33.12484998197304,0.0,4
291,3,A3_Q3,0,2,18.37051191057063,0.1,4
291,3,A3_Q4,0,2,30.504935949065555,0.1,4
291,4,A4_Q1,1,1,12.407129799594227,0.0,4
291,4,A4_Q2,1,1,20.43376367892304,0.0,4
291,4,A4_Q3,1,1,26.443226527519545,0.0,4
291,4,A4_Q4,1,1,26.94060146211151,0.0,4
291,5,A5_Q1,0,2,31.909911847042913,0.1,4
291,5,A5_Q2,1,1,32.274672678806986,0.0,4
291,5,A5_Q3,0,2,25.144245768047973,0.1,4
291,5,A5_Q4,1,1,20.337416123399713,0.0,4
292,1,A1_Q1,1,1,36.67956044921099,0.0,4
292,1,A1_Q2,0,2,22.908110065399537,0.1,4
292,1,A1_Q3,0,2,27.461274265877073,0.1,4
292,1,A1_Q4,0,2,17.152064456037543,0.1,4
292,2,A2_Q1,1,1,20.718294475809543,0.0,4
292,2,A2_Q2,1,1,47.427589339949265,0.0,4
292,2,A2_Q3,0,2,23.617458369696987,0.1,4
292,2,A2_Q4,0,2,16.287276612374153,0.1,4
292,3,A3_Q1,1,1,43.61900800649629,0.0,4
292,3,A3_Q2,1,1,41.19651675301857,0.0,4
292,3,A3_Q3,1,1,27.024470555384042,0.0,4
292,3,A3_Q4,1,1,34.44170508804194,0.0,4
292,4,A4_Q1,1,1,22.68943108981387,0.0,4
292,4,A4_Q2,1,1,20.67657367948025,0.0,4
292,4,A4_Q3,1,1,32.14219309143274,0.0,4
292,4,A4_Q4,1,1,33.69957385186205,0.0,4
292,5,A5_Q1,1,1,22.97445058194882,0.0,4
292,5,A5_Q2,1,1,47.576034920447285,0.0,4
292,5,A5_Q3,1,1,33.81486990159844,0.0,4
292,5,A5_Q4,0,2,14.125453994056839,0.1,4
293,1,A1_Q1,1,1,25.263521359783386,0.0,3
293,1,A1_Q2,1,1,37.11125760108645,0.0,3
293,1,A1_Q3,1,1,24.208759578644514,0.0,3
293,1,A1_Q4,1,1,42.867910024530104,0.0,3
293,2,A2_Q1,0,2,52.30794590313698,0.2,3
293,2,A2_Q2,0,2,51.252284708731025,0.2,3
293,2,A2_Q3,1,1,41.64475847050006,0.0,3
293,2,A2_Q4,0,2,38.763896093943586,0.2,3
293,3,A3_Q1,0,2,44.20877777615491,0.2,3
293,3,A3_Q2,1,1,34.54035095875631,0.0,3
293,3,A3_Q3,0,2,34.617692695080784,0.2,3
293,3,A3_Q4,1,1,37.758975489914654,0.0,3
293,4,A4_Q1,1,1,25.239899999791486,0.0,3
293,4,A4_Q2,1,1,29.02205002915797,0.0,3
293,4,A4_Q3,0,2,63.17310819725607,0.2,3
293,4,A4_Q4,1,1,27.18461389842619,0.0,3
293,5,A5_Q1,1,1,22.087504702324324,0.0,3
293,5,A5_Q2,0,2,49.96400996978695,0.2,3
293,5,A5_Q3,0,2,55.251346045575815,0.2,3
293,5,A5_Q4,1,1,24.661227843264744,0.0,3
294,1,A1_Q1,1,1,24.075411242165764,0.0,0
294,1,A1_Q2,1,1,32.51490716977801,0.0,0
294,1,A1_Q3,0,2,37.75320674319847,0.8001324376808696,0
294,1,A1_Q4,0,3,52.553612041970496,0.9913515307086544,0
294,2,A2_Q1,0,4,74.70830910139045,0.8513117479417456,0
294,2,A2_Q2,0,2,27.512674545258186,0.7424125979143166,0
294,2,A2_Q3,0,2,25.12836573405765,0.9760787793984862,0
294,2,A2_Q4,0,2,42.965730619868786,0.7235533654632231,0
294,3,A3_Q1,0,3,38.6828747254772,0.9093409254715836,0
294,3,A3_Q2,1,1,50.79156698466804,0.0,0
294,3,A3_Q3,0,4,37.74124677437608,0.8775917778628175,0
294,3,A3_Q4,0,3,55.016913296599085,0.9704950530639156,0
294,4,A4_Q1,0,4,25.430219442308484,0.7767104321695706,0
294,4,A4_Q2,1,1,37.82984871924686,0.0,0
294,4,A4_Q3,0,4,62.1605884094629,0.7372609881891321,0
294,4,A4_Q4,0,3,55.52696295375793,0.7385622032504937,0
294,5,A5_Q1,1,1,25.600346458644182,0.0,0
294,5,A5_Q2,0,3,49.982417131313454,0.8524859319174772,0
294,5,A5_Q3,1,1,36.40319955494499,0.0,0
294,5,A5_Q4,0,3,19.2018901527107,0.7435190008277961,0
295,1,A1_Q1,0,4,44.42235190686228,0.8858951350504948,0
295,1,A1_Q2,0,4,57.70642535871903,0.795946086040254,0
295,1,A1_Q3,0,3,46.33818473957569,0.7832162506487179,0
295,1,A1_Q4,0,2,34.14598703602573,0.7126383210858985,0
295,2,A2_Q1,1,1,24.198362778754802,0.0,0
295,2,A2_Q2,1,1,37.479953986272,0.0,0
295,2,A2_Q3,0,4,17.886357852542417,0.95099170522209,0
295,2,A2_Q4,1,1,36.36395166671675,0.0,0
295,3,A3_Q1,0,2,41.90109432479431,0.7094158019190595,0
295,3,A3_Q2,0,4,34.14303260012535,0.7627984869738417,0
295,3,A3_Q3,0,3,62.904870928863815,0.8255810852151905,0
295,3,A3_Q4,1,1,23.10338282531485,0.0,0
295,4,A4_Q1,0,2,41.930930211094726,0.9738077120333247,0
295,4,A4_Q2,1,1,17.6466602069652,0.0,0
295,4,A4_Q3,1,1,23.816031470393476,0.0,0
295,4,A4_Q4,1,1,32.068825297567905,0.0,0
295,5,A5_Q1,1,1,43.30803915639862,0.0,0
295,5,A5_Q2,0,4,49.71788392281104,0.7928804944398951,0
295,5,A5_Q3,1,1,38.95882280537286,0.0,0
295,5,A5_Q4,0,4,38.3551540297515,0.7636535365326723,0
296,1,A1_Q1,1,1,29.652199301310578,0.0,2
296,1,A1_Q2,1,1,27.164128397806167,0.0,2
296,1,A1_Q3,0,2,69.67091584815128,0.5687011077585566,2
296,1,A1_Q4,0,2,41.902878201570374,0.40410450234250306,2
296,2,A2_Q1,1,1,32.27313795492318,0.0,2
296,2,A2_Q2,1,1,19.096078011925613,0.0,2
296,2,A2_Q3,0,2,67.87084411778218,0.5431748833863417,2
296,2,A2_Q4,0,2,36.88753712160099,0.5406057233075892,2
296,3,A3_Q1,1,1,32.076747804842476,0.0,2
296,3,A3_Q2,1,1,34.77662138095501,0.0,2
296,3,A3_Q3,0,3,64.1218826814376,0.5342188128270549,2
296,3,A3_Q4,0,3,21.0328814355854,0.4155900138861838,2
296,4,A4_Q1,1,1,23.915629586088578,0.0,2
296,4,A4_Q2,1,1,34.06542138266695,0.0,2
296,4,A4_Q3,0,3,71.10706134942089,0.49833222510764474,2
296,4,A4_Q4,0,2,41.98631998720325,0.5889126527164505,2
296,5,A5_Q1,1,1,19.89194429488198,0.0,2
296,5,A5_Q2,1,1,32.004890050167965,0.0,2
296,5,A5_Q3,0,3,83.10866161806238,0.5403907554657172,2
296,5,A5_Q4,0,2,87.18319440248237,0.4579670924759281,2
297,1,A1_Q1,1,1,14.009891700445754,0.2800888332099192,1
297,1,A1_Q2,0,4,3.8057538802436506,0.18156518520871245,1
297,1,A1_Q3,0,5,4.7078762543209995,0.0064922069923754044,1
297,1,A1_Q4,0,3,8.80616899634878,0.05114545916882133,1
297,2,A2_Q1,1,1,6.445807488082791,0.008457094648960883,1
297,2,A2_Q2,1,2,2.7313092965612693,0.2800325489279719,1
297,2,A2_Q3,0,4,3.7531578692239744,0.27167537537922115,1
297,2,A2_Q4,1,2,10.195828140372592,0.24312378394229606,1
297,3,A3_Q1,0,3,8.850990204963823,0.19425569618971372,1
297,3,A3_Q2,1,1,7.5948661944116775,0.2648015805901936,1
297,3,A3_Q3,0,4,11.962938750409808,0.09153364190352277,1
297,3,A3_Q4,0,3,6.965419240721654,0.10570392354840281,1
297,4,A4_Q1,1,2,7.995284577880417,0.13927890923279496,1
297,4,A4_Q2,0,3,2.497144457288355,0.07426862006602965,1
297,4,A4_Q3,0,3,5.814349447007413,0.2374088622165477,1
297,4,A4_Q4,0,3,7.340533304057211,0.20968597935592095,1
297,5,A5_Q1,1,2,6.536392735778614,0.2100965905900826,1
297,5,A5_Q2,0,3,13.457856202802915,0.19557991784272516,1
297,5,A5_Q3,0,5,6.688016945458238,0.07999159591272366,1
297,5,A5_Q4,1,2,10.047282507384104,0.11850350100410909,1
298,1,A1_Q1,1,1,19.04763579399803,0.0,2
298,1,A1_Q2,1,1,17.3659588887991,0.0,2
298,1,A1_Q3,0,2,30.498318536029867,0.561370120227753,2
298,1,A1_Q4,0,2,25.809823183665046,0.5429581156875615,2
298,2,A2_Q1,1,1,20.49203337305735,0.0,2
298,2,A2_Q2,1,1,18.20438072687474,0.0,2
298,2,A2_Q3,0,2,42.144026282064104,0.5596626267526694,2
298,2,A2_Q4,0,2,48.50437406697384,0.5650677951048668,2
298,3,A3_Q1,1,1,31.193327744502838,0.0,2
298,3,A3_Q2,1,1,26.69467139912326,0.0,2
298,3,A3_Q3,0,3,67.48832295965464,0.5225796873963036,2
298,3,A3_Q4,0,3,65.15450352811109,0.4410735767477464,2
298,4,A4_Q1,1,1,35.74390365157285,0.0,2
298,4,A4_Q2,1,1,29.994498424998543,0.0,2
298,4,A4_Q3,0,3,48.84379360729215,0.5930455319011381,2
298,4,A4_Q4,0,2,87.79627807787686,0.47884163097014987,2
298,5,A5_Q1,1,1,31.245704810242696,0.0,2
298,5,A5_Q2,1,1,34.54647881565728,0.0,2
298,5,A5_Q3,0,2,35.350856339394056,0.5002140641414554,2
298,5,A5_Q4,0,2,71.96047098520339,0.4565528870434159,2
299,1,A1_Q1,1,1,51.64892589101457,0.0,2
299,1,A1_Q2,1,1,43.173513046520114,0.0,2
299,1,A1_Q3,0,3,22.19141988420381,0.4123499408335556,2
299,1,A1_Q4,0,3,39.413303461484475,0.43868591833599135,2
299,2,A2_Q1,1,1,34.288225546266695,0.0,2
299,2,A2_Q2,1,1,31.77784556404501,0.0,2
299,2,A2_Q3,0,3,33.82309698278158,0.42986023982870825,2
299,2,A2_Q4,0,2,33.51859824110057,0.574989998298056,2
299,3,A3_Q1,1,1,10.789868611767439,0.0,2
299,3,A3_Q2,1,1,36.55919139658837,0.0,2
299,3,A3_Q3,0,3,30.774970250978644,0.5775177424207951,2
299,3,A3_Q4,0,3,36.7228612941597,0.4136412469485451,2
299,4,A4_Q1,1,1,31.061244072131803,0.0,2
299,4,A4_Q2,1,1,22.03259776691881,0.0,2
299,4,A4_Q3,0,2,61.58866185931126,0.45288154281119014,2
299,4,A4_Q4,0,3,42.90196440566813,0.5130584819035795,2
299,5,A5_Q1,1,1,8.528679000339679,0.0,2
299,5,A5_Q2,1,1,39.983045685783836,0.0,2
299,5,A5_Q3,0,3,52.14372929564832,0.48578899956206595,2
299,5,A5_Q4,0,3,50.96946834173515,0.526081303712209,2
300,1,A1_Q1,0,2,19.055054887301424,0.1,4
300,1,A1_Q2,1,1,32.716840182670815,0.0,4
300,1,A1_Q3,0,2,14.603550930716409,0.1,4
300,1,A1_Q4,1,1,22.052033900462582,0.0,4
300,2,A2_Q1,1,1,36.19044514270962,0.0,4
300,2,A2_Q2,1,1,37.2258309819245,0.0,4
300,2,A2_Q3,1,1,26.488412121160685,0.0,4
300,2,A2_Q4,1,1,25.62759209325464,0.0,4
300,3,A3_Q1,1,1,26.08638684676757,0.0,4
300,3,A3_Q2,1,1,15.6286607678802,0.0,4
300,3,A3_Q3,1,1,33.41618939003885,0.0,4
300,3,A3_Q4,0,2,25.42963054843124,0.1,4
300,4,A4_Q1,0,2,23.822895198494702,0.1,4
300,4,A4_Q2,1,1,31.764094156721367,0.0,4
300,4,A4_Q3,0,2,28.230194957046443,0.1,4
300,4,A4_Q4,1,1,26.133850313887034,0.0,4
300,5,A5_Q1,0,2,16.834207233934233,0.1,4
300,5,A5_Q2,1,1,17.164013563463485,0.0,4
300,5,A5_Q3,1,1,24.519165572773,0.0,4
300,5,A5_Q4,1,1,16.17149218768051,0.0,4
301,1,A1_Q1,1,1,21.050622377896342,0.0,0
301,1,A1_Q2,0,2,52.84855170646071,0.8978559864009865,0
301,1,A1_Q3,0,2,33.28088185097069,0.7525811806728259,0
301,1,A1_Q4,0,3,32.209130168641856,0.7074503222440043,0
301,2,A2_Q1,1,1,46.31888848370221,0.0,0
301,2,A2_Q2,0,3,41.4210771374936,0.9944163210354564,0
301,2,A2_Q3,0,2,44.38800093348317,0.8678042837628599,0
301,2,A2_Q4,0,3,42.76100115712497,0.7158323747797845,0
301,3,A3_Q1,0,3,44.652637407742574,0.926470323784347,0
301,3,A3_Q2,1,1,41.67427770864826,0.0,0
301,3,A3_Q3,0,2,35.7469018288762,0.7390490781633006,0
301,3,A3_Q4,0,2,39.78343617142364,0.8400717315481333,0
301,4,A4_Q1,1,1,19.898899745377015,0.0,0
301,4,A4_Q2,0,4,57.79319971063764,0.9490219294616732,0
301,4,A4_Q3,0,2,23.49975036888006,0.7327337932556732,0
301,4,A4_Q4,0,3,44.15516804491037,0.7595586071156242,0
301,5,A5_Q1,1,1,31.85930295057166,0.0,0
301,5,A5_Q2,0,4,58.94056925309271,0.9395055146391931,0
301,5,A5_Q3,0,3,75.5193108768647,0.918762276768944,0
301,5,A5_Q4,0,2,39.35466515553611,0.9452348543428902,0
302,1,A1_Q1,0,2,48.05897975877368,0.2,3
302,1,A1_Q2,0,2,41.77228706401077,0.2,3
302,1,A1_Q3,0,2,37.789559933804924,0.2,3
302,1,A1_Q4,1,1,38.55858382242329,0.0,3
302,2,A2_Q1,0,2,51.14218513144911,0.2,3
302,2,A2_Q2,1,1,20.434753278680542,0.0,3
302,2,A2_Q3,0,2,53.61853860104221,0.2,3
302,2,A2_Q4,1,1,18.212753634692696,0.0,3
302,3,A3_Q1,0,2,38.18610780576413,0.2,3
302,3,A3_Q2,0,2,34.59103852277953,0.2,3
302,3,A3_Q3,0,2,35.67437663051639,0.2,3
302,3,A3_Q4,0,2,24.99509137424775,0.2,3
302,4,A4_Q1,0,2,52.2432891403073,0.2,3
302,4,A4_Q2,1,1,40.70873772524264,0.0,3
302,4,A4_Q3,0,2,49.80592772392816,0.2,3
302,4,A4_Q4,0,2,63.35573972382828,0.2,3
302,5,A5_Q1,1,1,39.15825765529617,0.0,3
302,5,A5_Q2,1,1,31.29892170293088,0.0,3
302,5,A5_Q3,0,2,55.48633150409139,0.2,3
302,5,A5_Q4,1,1,40.93069259916797,0.0,3
303,1,A1_Q1,0,2,26.260275457790396,0.1,4
303,1,A1_Q2,1,1,21.138873486523497,0.0,4
303,1,A1_Q3,0,2,16.77045913368852,0.1,4
303,1,A1_Q4,1,1,40.26014125707297,0.0,4
303,2,A2_Q1,1,1,20.840021304438494,0.0,4
303,2,A2_Q2,0,2,29.653210012312385,0.1,4
303,2,A2_Q3,1,1,40.261759668603716,0.0,4
303,2,A2_Q4,1,1,31.72158669606441,0.0,4
303,3,A3_Q1,0,2,22.401146309528514,0.1,4
303,3,A3_Q2,1,1,37.15864629571147,0.0,4
303,3,A3_Q3,1,1,26.963342210867975,0.0,4
303,3,A3_Q4,1,1,24.771058377066744,0.0,4
303,4,A4_Q1,1,1,15.72625032924936,0.0,4
303,4,A4_Q2,1,1,35.285450937889635,0.0,4
303,4,A4_Q3,1,1,25.797369453089225,0.0,4
303,4,A4_Q4,1,1,32.22464862342473,0.0,4
303,5,A5_Q1,1,1,37.02385724354609,0.0,4
303,5,A5_Q2,1,1,22.357465950742696,0.0,4
303,5,A5_Q3,1,1,23.45787884261654,0.0,4
303,5,A5_Q4,1,1,34.824182247247535,0.0,4
304,1,A1_Q1,1,1,19.302142979214942,0.0,2
304,1,A1_Q2,1,1,36.58297225203948,0.0,2
304,1,A1_Q3,0,3,5.673020879481207,0.4435008133480893,2
304,1,A1_Q4,0,2,54.88279541732358,0.5781834561129806,2
304,2,A2_Q1,1,1,29.328836124648888,0.0,2
304,2,A2_Q2,1,1,21.673927802611516,0.0,2
304,2,A2_Q3,0,3,61.32541416117377,0.495918139834608,2
304,2,A2_Q4,0,2,12.95949653732832,0.4467380071276092,2
304,3,A3_Q1,1,1,31.01647082948473,0.0,2
304,3,A3_Q2,1,1,33.10218525254813,0.0,2
304,3,A3_Q3,0,3,46.14959537858221,0.5647345189520824,2
304,3,A3_Q4,0,2,12.71394034076063,0.5942147996531644,2
304,4,A4_Q1,1,1,39.62613574711632,0.0,2
304,4,A4_Q2,1,1,30.420390369972306,0.0,2
304,4,A4_Q3,0,3,42.281337469688715,0.47299486694051374,2
304,4,A4_Q4,0,3,32.11427632102746,0.5549444330629154,2
304,5,A5_Q1,1,1,33.91571703885087,0.0,2
304,5,A5_Q2,1,1,32.461704303625716,0.0,2
304,5,A5_Q3,0,2,11.87558636813796,0.5449729230680755,2
304,5,A5_Q4,0,2,48.22241672563554,0.4093908078464803,2
305,1,A1_Q1,1,1,29.415776894801386,0.0,4
305,1,A1_Q2,1,1,11.584343835154396,0.0,4
305,1,A1_Q3,1,1,10.15871933242391,0.0,4
305,1,A1_Q4,1,1,35.273300794806715,0.0,4
305,2,A2_Q1,1,1,31.47822090303245,0.0,4
305,2,A2_Q2,0,2,19.771785733331022,0.1,4
305,2,A2_Q3,0,2,19.920724330562084,0.1,4
305,2,A2_Q4,0,2,10.6297224863439,0.1,4
305,3,A3_Q1,1,1,51.96332234522522,0.0,4
305,3,A3_Q2,1,1,18.166058255704307,0.0,4
305,3,A3_Q3,1,1,36.90094797602683,0.0,4
305,3,A3_Q4,1,1,22.143927188755363,0.0,4
305,4,A4_Q1,1,1,14.35105080964222,0.0,4
305,4,A4_Q2,1,1,20.7124344031134,0.0,4
305,4,A4_Q3,1,1,28.61819506667727,0.0,4
305,4,A4_Q4,1,1,45.82880045323623,0.0,4
305,5,A5_Q1,1,1,33.75182312451085,0.0,4
305,5,A5_Q2,1,1,34.34971472673564,0.0,4
305,5,A5_Q3,1,1,28.708972915262766,0.0,4
305,5,A5_Q4,0,2,11.435961934516543,0.1,4
306,1,A1_Q1,0,3,1.5082092110137921,0.8800606624210483,0
306,1,A1_Q2,1,1,35.8325926096653,0.0,0
306,1,A1_Q3,0,2,19.899940074631303,0.7066281241314324,0
306,1,A1_Q4,0,2,18.23783991185351,0.9109684699686318,0
306,2,A2_Q1,1,1,25.803893737336878,0.0,0
306,2,A2_Q2,0,3,53.16681062445623,0.8256619680086057,0
306,2,A2_Q3,1,1,22.09326360077405,0.0,0
306,2,A2_Q4,0,4,53.852205350985585,0.8867284456208973,0
306,3,A3_Q1,1,1,47.49693613377296,0.0,0
306,3,A3_Q2,0,2,32.281021856026314,0.7483252740751334,0
306,3,A3_Q3,1,1,21.580234709378985,0.0,0
306,3,A3_Q4,1,1,25.558325786362857,0.0,0
306,4,A4_Q1,1,1,23.015775613093815,0.0,0
306,4,A4_Q2,0,4,66.64056455890233,0.8428915806084586,0
306,4,A4_Q3,1,1,31.003353408281118,0.0,0
306,4,A4_Q4,0,4,47.57215935522584,0.7702482220305,0
306,5,A5_Q1,0,3,27.93444602785138,0.8088210604362629,0
306,5,A5_Q2,0,3,18.36388029645965,0.7585080955065628,0
306,5,A5_Q3,0,2,54.28480212647595,0.9563261228144184,0
306,5,A5_Q4,1,1,47.98414979164819,0.0,0
307,1,A1_Q1,1,1,21.472321374300694,0.0,3
307,1,A1_Q2,0,2,53.85527372305955,0.2,3
307,1,A1_Q3,1,1,31.15339790393837,0.0,3
307,1,A1_Q4,0,2,48.47515798226909,0.2,3
307,2,A2_Q1,0,2,47.69783929399936,0.2,3
307,2,A2_Q2,0,2,44.217447844665266,0.2,3
307,2,A2_Q3,1,1,19.819554625949362,0.0,3
307,2,A2_Q4,1,1,46.36105110596319,0.0,3
307,3,A3_Q1,1,1,38.228592227833516,0.0,3
307,3,A3_Q2,0,2,44.3748623182279,0.2,3
307,3,A3_Q3,0,2,33.234520260587566,0.2,3
307,3,A3_Q4,1,1,32.040003810776916,0.0,3
307,4,A4_Q1,1,1,36.77149974133293,0.0,3
307,4,A4_Q2,0,2,55.08991476931648,0.2,3
307,4,A4_Q3,0,2,54.002590232205655,0.2,3
307,4,A4_Q4,0,2,47.43620021489824,0.2,3
307,5,A5_Q1,0,2,39.92140418129315,0.2,3
307,5,A5_Q2,1,1,18.821056612797925,0.0,3
307,5,A5_Q3,0,2,29.785670190856926,0.2,3
307,5,A5_Q4,0,2,46.28558921369387,0.2,3
308,1,A1_Q1,1,1,27.126283603022024,0.0,2
308,1,A1_Q2,1,1,41.91711535972949,0.0,2
308,1,A1_Q3,0,2,46.467965622681135,0.415062464691426,2
308,1,A1_Q4,0,2,62.51917876496471,0.4180257080536351,2
308,2,A2_Q1,1,1,36.66739434830913,0.0,2
308,2,A2_Q2,1,1,24.490485209529446,0.0,2
308,2,A2_Q3,0,3,35.65434053968662,0.49792476628203486,2
308,2,A2_Q4,0,2,98.36779866461606,0.4782997997227112,2
308,3,A3_Q1,1,1,28.995383831505748,0.0,2
308,3,A3_Q2,1,1,18.32474871094192,0.0,2
308,3,A3_Q3,0,2,76.3815125611844,0.40000962477886237,2
308,3,A3_Q4,0,3,43.15402142149706,0.5849004859695723,2
308,4,A4_Q1,1,1,20.294762986136845,0.0,2
308,4,A4_Q2,1,1,24.127307572290547,0.0,2
308,4,A4_Q3,0,2,65.8787024182102,0.5164663244468017,2
308,4,A4_Q4,0,2,70.16267792335127,0.43443459376579374,2
308,5,A5_Q1,1,1,44.516342793308155,0.0,2
308,5,A5_Q2,1,1,31.710459299290395,0.0,2
308,5,A5_Q3,0,3,19.760294188635186,0.5260852929427314,2
308,5,A5_Q4,0,2,77.73204911605005,0.42848852676648713,2
309,1,A1_Q1,1,1,44.304174984022495,0.0,0
309,1,A1_Q2,1,1,27.885432906447498,0.0,0
309,1,A1_Q3,0,2,35.885902895885465,0.8261645797360155,0
309,1,A1_Q4,0,2,46.775503014639085,0.9745299722823588,0
309,2,A2_Q1,0,4,55.21400481954861,0.8146891044882887,0
309,2,A2_Q2,0,4,34.455345244823086,0.881683392245993,0
309,2,A2_Q3,0,4,59.836317731557614,0.7019548947075626,0
309,2,A2_Q4,0,4,33.23997733647989,0.8933926019819047,0
309,3,A3_Q1,0,2,49.176527604228646,0.7112457841376021,0
309,3,A3_Q2,0,3,89.76530580977483,0.9885231064511102,0
309,3,A3_Q3,1,1,17.87072524323752,0.0,0
309,3,A3_Q4,0,4,62.49809737942131,0.7290436169785429,0
309,4,A4_Q1,0,2,68.11636670399866,0.9517708444341287,0
309,4,A4_Q2,0,2,38.74707451013421,0.9827770642830735,0
309,4,A4_Q3,1,1,31.882020884228172,0.0,0
309,4,A4_Q4,0,3,45.50503274869697,0.9922941061015855,0
309,5,A5_Q1,1,1,30.5829931764939,0.0,0
309,5,A5_Q2,0,4,49.10464138571003,0.9672594871107328,0
309,5,A5_Q3,0,3,16.49430140790991,0.7630353058697076,0
309,5,A5_Q4,0,2,36.749274829203586,0.9694461668877279,0
310,1,A1_Q1,0,2,34.44155362566159,0.2,3
310,1,A1_Q2,0,2,38.14564440560479,0.2,3
310,1,A1_Q3,1,1,37.81428919465528,0.0,3
310,1,A1_Q4,1,1,25.748070467271155,0.0,3
310,2,A2_Q1,1,1,26.210159259418088,0.0,3
310,2,A2_Q2,1,1,38.09779272561425,0.0,3
310,2,A2_Q3,0,2,54.30873289065691,0.2,3
310,2,A2_Q4,1,1,35.427958505501124,0.0,3
310,3,A3_Q1,1,1,53.26189058863616,0.0,3
310,3,A3_Q2,0,2,66.04179275116769,0.2,3
310,3,A3_Q3,1,1,60.71336701606002,0.0,3
310,3,A3_Q4,0,2,28.828482855599564,0.2,3
310,4,A4_Q1,0,2,60.79819244832888,0.2,3
310,4,A4_Q2,0,2,35.346179792955056,0.2,3
310,4,A4_Q3,1,1,41.30164692266117,0.0,3
310,4,A4_Q4,0,2,47.32076196502625,0.2,3
310,5,A5_Q1,1,1,27.88089406522519,0.0,3
310,5,A5_Q2,0,2,34.72005926782561,0.2,3
310,5,A5_Q3,1,1,34.79119127782772,0.0,3
310,5,A5_Q4,0,2,52.45358974790268,0.2,3
311,1,A1_Q1,0,3,10.593755731754925,0.24371857252381407,1
311,1,A1_Q2,0,5,8.25439318707843,0.15020312244164288,1
311,1,A1_Q3,0,3,6.989379641880248,0.039492184763477975,1
311,1,A1_Q4,1,2,4.927316823091469,0.051873240897156656,1
311,2,A2_Q1,0,3,8.66716344240409,0.1253351013939683,1
311,2,A2_Q2,0,5,5.246785755063238,0.08728512766563867,1
311,2,A2_Q3,0,3,9.514975894728877,0.21496472040698755,1
311,2,A2_Q4,0,5,12.963904245206265,0.2891747371757489,1
311,3,A3_Q1,0,4,9.275051954340654,0.060570646019981765,1
311,3,A3_Q2,0,4,7.113365596222959,0.1467817559928252,1
311,3,A3_Q3,0,3,11.667035769403924,0.2789948452984729,1
311,3,A3_Q4,1,2,6.061900339541998,0.10211601297254512,1
311,4,A4_Q1,0,3,9.076656845513252,0.2766969184436007,1
311,4,A4_Q2,0,3,10.453391745607163,0.11686425416968141,1
311,4,A4_Q3,0,5,6.330425876307444,0.11620754691238822,1
311,4,A4_Q4,0,3,10.610534524240313,0.006129949821457503,1
311,5,A5_Q1,0,3,8.3489040051634,0.11732066374542595,1
311,5,A5_Q2,0,3,3.0797071342750906,0.09087061356271585,1
311,5,A5_Q3,0,3,11.254994848561035,0.2779088908254034,1
311,5,A5_Q4,0,3,13.088530665670394,0.13510408479909855,1
312,1,A1_Q1,1,1,28.06789999051585,0.0,2
312,1,A1_Q2,1,1,38.84199616914427,0.0,2
312,1,A1_Q3,0,3,18.581728487060186,0.47216007865183385,2
312,1,A1_Q4,0,3,30.186049809275353,0.44075691090817537,2
312,2,A2_Q1,1,1,23.43631467354024,0.0,2
312,2,A2_Q2,1,1,38.539489565330356,0.0,2
312,2,A2_Q3,0,3,78.44487678263543,0.5844796054865018,2
312,2,A2_Q4,0,3,63.913190885982196,0.5430591323714928,2
312,3,A3_Q1,1,1,52.51889953580331,0.0,2
312,3,A3_Q2,1,1,27.387235093492233,0.0,2
312,3,A3_Q3,0,2,75.35075325326781,0.408667746660496,2
312,3,A3_Q4,0,3,68.22524566075647,0.4184110642194925,2
312,4,A4_Q1,1,1,23.544375784828745,0.0,2
312,4,A4_Q2,1,1,30.274085273032668,0.0,2
312,4,A4_Q3,0,2,14.706016323543373,0.5698326140287241,2
312,4,A4_Q4,0,2,55.97049410687151,0.5076265345525779,2
312,5,A5_Q1,1,1,24.374824707176042,0.0,2
312,5,A5_Q2,1,1,36.8009268950011,0.0,2
312,5,A5_Q3,0,2,56.856311532660115,0.4249030937667241,2
312,5,A5_Q4,0,3,63.932630024354935,0.5431650637588075,2
313,1,A1_Q1,0,2,51.16813078738595,0.2,3
313,1,A1_Q2,0,2,61.955158192498565,0.2,3
313,1,A1_Q3,1,1,39.371155079842595,0.0,3
313,1,A1_Q4,0,2,48.43225718717004,0.2,3
313,2,A2_Q1,0,2,41.7116917341276,0.2,3
313,2,A2_Q2,1,1,40.34799130526236,0.0,3
313,2,A2_Q3,1,1,29.934195466869824,0.0,3
313,2,A2_Q4,1,1,42.30357722628503,0.0,3
313,3,A3_Q1,0,2,38.424097177101956,0.2,3
313,3,A3_Q2,1,1,34.60788848261401,0.0,3
313,3,A3_Q3,0,2,62.51409073748911,0.2,3
313,3,A3_Q4,1,1,29.15329102500336,0.0,3
313,4,A4_Q1,1,1,39.83476440562562,0.0,3
313,4,A4_Q2,0,2,36.216672008862645,0.2,3
313,4,A4_Q3,0,2,45.39462199303931,0.2,3
313,4,A4_Q4,0,2,52.81343439369447,0.2,3
313,5,A5_Q1,1,1,20.69429292243337,0.0,3
313,5,A5_Q2,1,1,18.636637768440092,0.0,3
313,5,A5_Q3,0,2,50.19436623191738,0.2,3
313,5,A5_Q4,0,2,65.08141936137437,0.2,3
314,1,A1_Q1,0,2,53.32177390718412,0.2,3
314,1,A1_Q2,0,2,37.93324821120287,0.2,3
314,1,A1_Q3,1,1,15.198507601604073,0.0,3
314,1,A1_Q4,1,1,27.2528645967745,0.0,3
314,2,A2_Q1,0,2,51.7705300458447,0.2,3
314,2,A2_Q2,1,1,14.010826393880258,0.0,3
314,2,A2_Q3,0,2,42.313131758264085,0.2,3
314,2,A2_Q4,1,1,37.58958894592536,0.0,3
314,3,A3_Q1,1,1,15.495265905447884,0.0,3
314,3,A3_Q2,0,2,34.150216447732795,0.2,3
314,3,A3_Q3,1,1,35.660560248227135,0.0,3
314,3,A3_Q4,1,1,29.525778193730346,0.0,3
314,4,A4_Q1,1,1,26.03314211271501,0.0,3
314,4,A4_Q2,1,1,31.98990912152134,0.0,3
314,4,A4_Q3,1,1,34.511950852769125,0.0,3
314,4,A4_Q4,1,1,28.00866806278138,0.0,3
314,5,A5_Q1,1,1,24.42290685975591,0.0,3
314,5,A5_Q2,0,2,52.63949907307146,0.2,3
314,5,A5_Q3,1,1,35.90265254802732,0.0,3
314,5,A5_Q4,0,2,40.386480174135066,0.2,3
315,1,A1_Q1,1,1,30.021184210174724,0.0,3
315,1,A1_Q2,1,1,27.85305452613163,0.0,3
315,1,A1_Q3,0,2,43.37043689194159,0.2,3
315,1,A1_Q4,1,1,19.651851114254093,0.0,3
315,2,A2_Q1,0,2,37.30387236972715,0.2,3
315,2,A2_Q2,1,1,19.738604224086416,0.0,3
315,2,A2_Q3,1,1,37.17931385822665,0.0,3
315,2,A2_Q4,0,2,46.88670447509998,0.2,3
315,3,A3_Q1,0,2,54.06436867932051,0.2,3
315,3,A3_Q2,0,2,37.84662430905333,0.2,3
315,3,A3_Q3,1,1,32.52231479919298,0.0,3
315,3,A3_Q4,0,2,39.56258889634075,0.2,3
315,4,A4_Q1,0,2,44.966423799600186,0.2,3
315,4,A4_Q2,1,1,26.05106020606238,0.0,3
315,4,A4_Q3,1,1,30.133951297206718,0.0,3
315,4,A4_Q4,0,2,50.08611569476422,0.2,3
315,5,A5_Q1,0,2,41.32136706303516,0.2,3
315,5,A5_Q2,0,2,42.47342784290245,0.2,3
315,5,A5_Q3,1,1,27.968436336662187,0.0,3
315,5,A5_Q4,0,2,38.85809581874507,0.2,3
316,1,A1_Q1,0,5,3.246736615468677,0.28139655831661686,1
316,1,A1_Q2,0,3,4.5645265923605605,0.08328518453189442,1
316,1,A1_Q3,0,4,4.222530673577689,0.013591027218350581,1
316,1,A1_Q4,0,3,9.585404914908633,0.1809133707898644,1
316,2,A2_Q1,1,1,14.194023951754273,0.24363215866179003,1
316,2,A2_Q2,0,3,5.1635949800160255,0.23867258216778958,1
316,2,A2_Q3,0,4,6.071604557634579,0.10200724058879392,1
316,2,A2_Q4,1,1,10.101108408943052,0.22427343584279252,1
316,3,A3_Q1,0,5,10.273423768728483,0.1181081860192526,1
316,3,A3_Q2,0,4,6.451806444757494,0.23488261226360765,1
316,3,A3_Q3,1,1,12.582227626293058,0.2345487825429936,1
316,3,A3_Q4,0,5,5.0540312604710245,0.0961529865478841,1
316,4,A4_Q1,0,5,6.995915094475202,0.23574849716707935,1
316,4,A4_Q2,0,5,9.865274371034882,0.187536445125779,1
316,4,A4_Q3,1,1,7.45305589784902,0.19786409852779188,1
316,4,A4_Q4,1,1,14.109345748888096,0.25304692667820305,1
316,5,A5_Q1,0,5,12.57677345836705,0.2209318926339807,1
316,5,A5_Q2,0,3,7.989621258319186,0.19048404888088932,1
316,5,A5_Q3,0,5,11.482858072227684,0.24717363823698868,1
316,5,A5_Q4,1,1,10.650467440291967,0.12813990575927145,1
317,1,A1_Q1,1,1,23.467723994182492,0.0,4
317,1,A1_Q2,0,2,28.492293511877826,0.1,4
317,1,A1_Q3,1,1,20.253136812824227,0.0,4
317,1,A1_Q4,0,2,24.98398883063794,0.1,4
317,2,A2_Q1,1,1,31.230623665262844,0.0,4
317,2,A2_Q2,1,1,45.8371754563954,0.0,4
317,2,A2_Q3,1,1,33.28766851441058,0.0,4
317,2,A2_Q4,1,1,28.773448996923804,0.0,4
317,3,A3_Q1,0,2,30.111062814860432,0.1,4
317,3,A3_Q2,1,1,35.2654777915368,0.0,4
317,3,A3_Q3,1,1,18.46033809110131,0.0,4
317,3,A3_Q4,1,1,17.501960927248575,0.0,4
317,4,A4_Q1,1,1,55.41641059840153,0.0,4
317,4,A4_Q2,1,1,34.88522179428267,0.0,4
317,4,A4_Q3,1,1,33.349099364599404,0.0,4
317,4,A4_Q4,1,1,44.663987246010095,0.0,4
317,5,A5_Q1,0,2,17.595521455931884,0.1,4
317,5,A5_Q2,1,1,31.772972131473082,0.0,4
317,5,A5_Q3,1,1,29.989288664625857,0.0,4
317,5,A5_Q4,0,2,20.046450341533472,0.1,4
318,1,A1_Q1,1,1,23.035493327219662,0.0,2
318,1,A1_Q2,1,1,23.109578756661755,0.0,2
318,1,A1_Q3,0,3,40.78314642100232,0.5559368730731156,2
318,1,A1_Q4,0,2,51.26214242984048,0.49869179874438807,2
318,2,A2_Q1,1,1,33.64325754899874,0.0,2
318,2,A2_Q2,1,1,13.66059566820985,0.0,2
318,2,A2_Q3,0,2,71.4421694819431,0.5010054177004588,2
318,2,A2_Q4,0,3,43.248668227276035,0.459850561121786,2
318,3,A3_Q1,1,1,44.55469189935862,0.0,2
318,3,A3_Q2,1,1,39.79846853129011,0.0,2
318,3,A3_Q3,0,3,48.41902990535759,0.41900055236458617,2
318,3,A3_Q4,0,2,34.55529957316916,0.4367418770898784,2
318,4,A4_Q1,1,1,22.441077624469507,0.0,2
318,4,A4_Q2,1,1,20.96015830096319,0.0,2
318,4,A4_Q3,0,3,93.82732591623207,0.4712394327837856,2
318,4,A4_Q4,0,3,37.95012262173927,0.40314799444975663,2
318,5,A5_Q1,1,1,18.94204768618586,0.0,2
318,5,A5_Q2,1,1,40.26006248605518,0.0,2
318,5,A5_Q3,0,2,112.82218573993518,0.4040010328852337,2
318,5,A5_Q4,0,3,87.93208137147857,0.5910871691587323,2
319,1,A1_Q1,0,4,10.037759557100632,0.04579856092904735,1
319,1,A1_Q2,0,5,6.427460525107376,0.19190120266798621,1
319,1,A1_Q3,1,2,5.705164773993213,0.22614787850790846,1
319,1,A1_Q4,1,2,7.803308221910764,0.1490448241619954,1
319,2,A2_Q1,1,1,6.31593947626199,0.08379930555910217,1
319,2,A2_Q2,1,2,10.064324073212806,0.09112843980533372,1
319,2,A2_Q3,0,4,9.790227356833194,0.1363510802947806,1
319,2,A2_Q4,0,3,6.781327011879531,0.2863157495793815,1
319,3,A3_Q1,0,3,8.83403045684252,0.2686305302268318,1
319,3,A3_Q2,0,3,7.4620159163809054,0.22070662460106136,1
319,3,A3_Q3,0,3,1.7518512179313994,0.24002012287529673,1
319,3,A3_Q4,0,4,8.064834294363699,0.01642913325774765,1
319,4,A4_Q1,0,4,7.3233125648571065,0.15372184303804487,1
319,4,A4_Q2,0,5,11.074194235394764,0.04121059637247083,1
319,4,A4_Q3,0,5,7.655633535096349,0.02677285985365011,1
319,4,A4_Q4,0,5,10.886023074791256,0.0002975593408881205,1
319,5,A5_Q1,0,4,10.46700220871747,0.12543231683592646,1
319,5,A5_Q2,0,3,7.397595064835154,0.07354440596923538,1
319,5,A5_Q3,1,2,5.053722779599353,0.05800670575301727,1
319,5,A5_Q4,0,5,8.35656503132348,0.0020972356197522246,1
320,1,A1_Q1,1,1,30.557397733263677,0.0,2
320,1,A1_Q2,1,1,36.64763089724363,0.0,2
320,1,A1_Q3,0,3,80.88666973942469,0.5667898511892627,2
320,1,A1_Q4,0,2,49.88495346276261,0.49990035399979094,2
320,2,A2_Q1,1,1,45.553382394750784,0.0,2
320,2,A2_Q2,1,1,26.83820747424383,0.0,2
320,2,A2_Q3,0,3,74.26016285884334,0.49445279280074295,2
320,2,A2_Q4,0,3,28.083906945931435,0.4523643131161598,2
320,3,A3_Q1,1,1,34.343769220283676,0.0,2
320,3,A3_Q2,1,1,31.316153732727418,0.0,2
320,3,A3_Q3,0,2,54.280287794016736,0.44038674492817764,2
320,3,A3_Q4,0,3,58.09996398365672,0.5692554744945838,2
320,4,A4_Q1,1,1,28.938536051766707,0.0,2
320,4,A4_Q2,1,1,38.94290528046484,0.0,2
320,4,A4_Q3,0,2,78.0315627799889,0.5149467303077725,2
320,4,A4_Q4,0,3,53.41991027780834,0.4581324242696527,2
320,5,A5_Q1,1,1,39.79035825467517,0.0,2
320,5,A5_Q2,1,1,23.568460027988884,0.0,2
320,5,A5_Q3,0,2,46.283887798004436,0.5869589440121056,2
320,5,A5_Q4,0,3,54.91483336003684,0.49421349554902816,2
321,1,A1_Q1,1,1,38.220484403720754,0.0,4
321,1,A1_Q2,1,1,46.61929770347275,0.0,4
321,1,A1_Q3,0,2,22.861326864508264,0.1,4
321,1,A1_Q4,1,1,38.24884037728784,0.0,4
321,2,A2_Q1,1,1,21.269474403227726,0.0,4
321,2,A2_Q2,1,1,45.59741947283964,0.0,4
321,2,A2_Q3,1,1,18.529344002809232,0.0,4
321,2,A2_Q4,0,2,21.42419847677725,0.1,4
321,3,A3_Q1,0,2,24.728645563251167,0.1,4
321,3,A3_Q2,0,2,22.5743058996758,0.1,4
321,3,A3_Q3,1,1,26.315792071380237,0.0,4
321,3,A3_Q4,1,1,17.02431870459474,0.0,4
321,4,A4_Q1,1,1,13.877662008900636,0.0,4
321,4,A4_Q2,1,1,42.26646131719118,0.0,4
321,4,A4_Q3,1,1,24.4139447116175,0.0,4
321,4,A4_Q4,1,1,25.80974415159704,0.0,4
321,5,A5_Q1,1,1,24.99009403190056,0.0,4
321,5,A5_Q2,1,1,20.447881903003072,0.0,4
321,5,A5_Q3,1,1,45.55953724066809,0.0,4
321,5,A5_Q4,0,2,19.098821474917543,0.1,4
322,1,A1_Q1,1,1,19.574874628684118,0.0,4
322,1,A1_Q2,1,1,25.72925859464695,0.0,4
322,1,A1_Q3,1,1,15.911326651733258,0.0,4
322,1,A1_Q4,1,1,28.524510872497807,0.0,4
322,2,A2_Q1,0,2,17.005308475013003,0.1,4
322,2,A2_Q2,0,2,19.904317591075458,0.1,4
322,2,A2_Q3,1,1,37.019409772190265,0.0,4
322,2,A2_Q4,0,2,19.814443310891875,0.1,4
322,3,A3_Q1,0,2,24.00736622190702,0.1,4
322,3,A3_Q2,0,2,20.675578363838625,0.1,4
322,3,A3_Q3,0,2,20.302305057270157,0.1,4
322,3,A3_Q4,1,1,17.517075808581286,0.0,4
322,4,A4_Q1,1,1,32.57955851353538,0.0,4
322,4,A4_Q2,1,1,41.742372194070825,0.0,4
322,4,A4_Q3,1,1,52.13410175627911,0.0,4
322,4,A4_Q4,1,1,25.66996519164546,0.0,4
322,5,A5_Q1,1,1,37.86831080301045,0.0,4
322,5,A5_Q2,1,1,27.577913922056727,0.0,4
322,5,A5_Q3,1,1,36.6155209140861,0.0,4
322,5,A5_Q4,1,1,24.06315244889647,0.0,4
323,1,A1_Q1,1,1,26.00744131158365,0.0,4
323,1,A1_Q2,1,1,19.361150883200963,0.0,4
323,1,A1_Q3,1,1,18.28695404455058,0.0,4
323,1,A1_Q4,1,1,51.15343219162184,0.0,4
323,2,A2_Q1,1,1,29.50826215729447,0.0,4
323,2,A2_Q2,0,2,22.978859983053514,0.1,4
323,2,A2_Q3,1,1,32.92484187942296,0.0,4
323,2,A2_Q4,1,1,26.3759756631192,0.0,4
323,3,A3_Q1,1,1,38.46045008889408,0.0,4
323,3,A3_Q2,1,1,12.58508343385904,0.0,4
323,3,A3_Q3,1,1,39.626072740766524,0.0,4
323,3,A3_Q4,1,1,26.46182473787819,0.0,4
323,4,A4_Q1,1,1,39.28767535075775,0.0,4
323,4,A4_Q2,1,1,25.61921351896463,0.0,4
323,4,A4_Q3,1,1,16.794037102534,0.0,4
323,4,A4_Q4,1,1,42.924089304687286,0.0,4
323,5,A5_Q1,1,1,23.011338195580063,0.0,4
323,5,A5_Q2,1,1,20.765995274749194,0.0,4
323,5,A5_Q3,1,1,31.789317289381607,0.0,4
323,5,A5_Q4,1,1,29.305339483874253,0.0,4
324,1,A1_Q1,0,3,9.421145079616778,0.2530829487412325,1
324,1,A1_Q2,1,2,6.100010235409291,0.11953220845869197,1
324,1,A1_Q3,0,5,11.57911864161046,0.21892064997551855,1
324,1,A1_Q4,0,3,10.33962358529238,0.023555317863546855,1
324,2,A2_Q1,0,4,7.480070456301342,0.25241248984079884,1
324,2,A2_Q2,1,2,5.900998195145112,0.22667121092985726,1
324,2,A2_Q3,0,4,3.147336407209016,0.2854627305306803,1
324,2,A2_Q4,0,4,7.387975547288276,0.2233521109943159,1
324,3,A3_Q1,0,5,8.339459209430709,0.1805107470437379,1
324,3,A3_Q2,0,4,5.9493029392478345,0.21982855841450485,1
324,3,A3_Q3,0,4,6.0954826271332285,0.07283393464262385,1
324,3,A3_Q4,1,1,7.4975449568975625,0.04264299401411683,1
324,4,A4_Q1,0,4,5.330112330328576,0.024567758460001442,1
324,4,A4_Q2,0,5,4.102464779136912,0.02691146311259035,1
324,4,A4_Q3,1,1,5.180635074995287,0.021359488345659716,1
324,4,A4_Q4,1,2,11.803109242107912,0.27895274809011184,1
324,5,A5_Q1,0,4,10.403385751735861,0.04204692651063908,1
324,5,A5_Q2,0,4,7.229344312688704,0.1554680680424633,1
324,5,A5_Q3,0,4,9.713755095939854,0.1598277817930423,1
324,5,A5_Q4,0,3,10.454360748825179,0.21035361550628123,1
325,1,A1_Q1,0,2,47.744288461110614,0.7913904066142877,0
325,1,A1_Q2,1,1,21.065077490919208,0.0,0
325,1,A1_Q3,0,3,23.360387012530076,0.9505711950472153,0
325,1,A1_Q4,0,2,33.49772075840165,0.9370501411735661,0
325,2,A2_Q1,1,1,31.351214858359175,0.0,0
325,2,A2_Q2,0,4,36.218536849167876,0.8363390520524409,0
325,2,A2_Q3,1,1,49.97511703492205,0.0,0
325,2,A2_Q4,0,4,34.63196828870109,0.9605632502474688,0
325,3,A3_Q1,1,1,27.73369524123681,0.0,0
325,3,A3_Q2,0,2,35.290436577764865,0.7650502653078971,0
325,3,A3_Q3,0,4,47.84150113550077,0.8637490028962747,0
325,3,A3_Q4,1,1,20.137532794287743,0.0,0
325,4,A4_Q1,0,4,35.920000415377956,0.8884630231498744,0
325,4,A4_Q2,0,4,31.245408603622415,0.7579216821390193,0
325,4,A4_Q3,0,4,53.104380360988905,0.9120402665328784,0
325,4,A4_Q4,0,3,30.175232670869214,0.8514843288370253,0
325,5,A5_Q1,0,4,56.58002034296389,0.7146498800889185,0
325,5,A5_Q2,0,4,59.95199961906765,0.8349594086084259,0
325,5,A5_Q3,0,2,51.86730475546339,0.8522090629673691,0
325,5,A5_Q4,0,2,50.255016762087514,0.8180412232490175,0
326,1,A1_Q1,0,2,48.282165385545,0.2,3
326,1,A1_Q2,1,1,8.744191001417384,0.0,3
326,1,A1_Q3,1,1,31.536975127412283,0.0,3
326,1,A1_Q4,1,1,33.95912451106859,0.0,3
326,2,A2_Q1,1,1,16.541983955793214,0.0,3
326,2,A2_Q2,0,2,51.01006874301012,0.2,3
326,2,A2_Q3,1,1,32.25828949487801,0.0,3
326,2,A2_Q4,1,1,26.532410127421343,0.0,3
326,3,A3_Q1,0,2,48.331649059478465,0.2,3
326,3,A3_Q2,1,1,29.49603826455042,0.0,3
326,3,A3_Q3,1,1,35.57611623058457,0.0,3
326,3,A3_Q4,1,1,40.3992837744116,0.0,3
326,4,A4_Q1,0,2,41.96102114069972,0.2,3
326,4,A4_Q2,1,1,8.991950791909304,0.0,3
326,4,A4_Q3,1,1,34.040870448276564,0.0,3
326,4,A4_Q4,1,1,25.42009193284906,0.0,3
326,5,A5_Q1,1,1,28.637596057129198,0.0,3
326,5,A5_Q2,1,1,42.58857111290678,0.0,3
326,5,A5_Q3,1,1,33.04462524362375,0.0,3
326,5,A5_Q4,1,1,23.79965733027804,0.0,3
327,1,A1_Q1,1,1,5.113594832651397,0.10250950214706685,1
327,1,A1_Q2,0,5,8.824547715494823,0.01518002547140338,1
327,1,A1_Q3,1,2,4.221311813390776,0.1495672920845328,1
327,1,A1_Q4,0,5,8.617702120401038,0.12608648119840515,1
327,2,A2_Q1,0,4,8.349832386896818,0.29016103675265803,1
327,2,A2_Q2,0,4,9.435761980406006,0.15052146630080973,1
327,2,A2_Q3,0,3,9.150965071600368,0.29334344674145846,1
327,2,A2_Q4,0,4,9.700699455616384,0.03541766992854425,1
327,3,A3_Q1,0,3,9.769272897602344,0.28622035349404107,1
327,3,A3_Q2,0,4,6.903045593453556,0.021813364303377512,1
327,3,A3_Q3,0,3,8.951541686149554,0.067107642999619,1
327,3,A3_Q4,0,5,8.526626731505445,0.03698893991137434,1
327,4,A4_Q1,0,5,9.861845047182578,0.033525901115898836,1
327,4,A4_Q2,1,1,14.727293472382815,0.0008940392346992842,1
327,4,A4_Q3,0,4,11.090442385394127,0.06771092114103291,1
327,4,A4_Q4,0,5,11.14266133500473,0.25644496937073535,1
327,5,A5_Q1,1,1,6.537893165959879,0.21509965742493564,1
327,5,A5_Q2,0,3,9.004141131251236,0.028805232085068987,1
327,5,A5_Q3,0,4,2.6682086039310597,0.18626691137980542,1
327,5,A5_Q4,0,3,9.024665943293657,0.05066060764491983,1
328,1,A1_Q1,0,4,42.086669807801464,0.9426252909532098,0
328,1,A1_Q2,1,1,20.525560030937783,0.0,0
328,1,A1_Q3,1,1,27.573624345476503,0.0,0
328,1,A1_Q4,0,3,29.781340772588155,0.872192413140493,0
328,2,A2_Q1,0,2,32.13194891499853,0.8075348341400691,0
328,2,A2_Q2,1,1,34.41625067814217,0.0,0
328,2,A2_Q3,0,4,13.67693722686623,0.746383754399049,0
328,2,A2_Q4,1,1,27.91887723524619,0.0,0
328,3,A3_Q1,0,2,17.276597513855545,0.7043110617780246,0
328,3,A3_Q2,1,1,33.84566853942068,0.0,0
328,3,A3_Q3,0,3,40.91646452933648,0.8450379529089644,0
328,3,A3_Q4,0,3,4.113818583207653,0.9300335273599729,0
328,4,A4_Q1,0,4,42.47560954806609,0.8947108527755565,0
328,4,A4_Q2,0,4,38.37592421961483,0.9181647064055927,0
328,4,A4_Q3,1,1,34.56313057958691,0.0,0
328,4,A4_Q4,0,4,46.64472594260276,0.958779511121966,0
328,5,A5_Q1,1,1,32.77138644765627,0.0,0
328,5,A5_Q2,0,3,14.92114339906605,0.7692351767541026,0
328,5,A5_Q3,0,4,48.99161522959388,0.8973016749626501,0
328,5,A5_Q4,0,2,55.20131082007572,0.8469659320869308,0
329,1,A1_Q1,1,1,28.674426803599143,0.0,2
329,1,A1_Q2,1,1,22.6503265132328,0.0,2
329,1,A1_Q3,0,2,61.42859236492964,0.5679816664032142,2
329,1,A1_Q4,0,2,28.013111744273406,0.4401484366331487,2
329,2,A2_Q1,1,1,29.92435340325351,0.0,2
329,2,A2_Q2,1,1,39.43516818152708,0.0,2
329,2,A2_Q3,0,2,33.191304746605866,0.5635272671667008,2
329,2,A2_Q4,0,3,46.45380890256732,0.5941782518116236,2
329,3,A3_Q1,1,1,31.34961056915428,0.0,2
329,3,A3_Q2,1,1,31.31316833160054,0.0,2
329,3,A3_Q3,0,2,102.82061557324951,0.5260499415071233,2
329,3,A3_Q4,0,2,40.61203681608392,0.589578764536935,2
329,4,A4_Q1,1,1,21.035305622497994,0.0,2
329,4,A4_Q2,1,1,41.96260988306875,0.0,2
329,4,A4_Q3,0,3,61.36704297085286,0.5383816462321515,2
329,4,A4_Q4,0,3,27.940531897485577,0.40838527087559673,2
329,5,A5_Q1,1,1,24.09702114828403,0.0,2
329,5,A5_Q2,1,1,24.165562235389174,0.0,2
329,5,A5_Q3,0,2,44.95420543258775,0.4115558384126219,2
329,5,A5_Q4,0,3,5.071933804697835,0.504924220323875,2
330,1,A1_Q1,0,3,58.300192354965944,0.8757646734968776,0
330,1,A1_Q2,1,1,37.05548564795987,0.0,0
330,1,A1_Q3,1,1,31.555250375836565,0.0,0
330,1,A1_Q4,0,4,27.530178863115758,0.9276763113718799,0
330,2,A2_Q1,1,1,32.87159509496178,0.0,0
330,2,A2_Q2,0,2,53.46589467713679,0.7159515055655061,0
330,2,A2_Q3,0,3,9.827630118072697,0.7133167003620753,0
330,2,A2_Q4,0,2,48.932854086931606,0.9273952115515245,0
330,3,A3_Q1,0,3,62.64932793494759,0.8714578597112106,0
330,3,A3_Q2,0,4,39.18473088399696,0.8764307332953107,0
330,3,A3_Q3,0,3,45.94247786542271,0.9575230761648863,0
330,3,A3_Q4,1,1,31.938011752125433,0.0,0
330,4,A4_Q1,0,4,19.024526523353423,0.7013801637177652,0
330,4,A4_Q2,0,2,45.141760657359384,0.9849529794416786,0
330,4,A4_Q3,0,3,15.51553117984498,0.7550874188152559,0
330,4,A4_Q4,0,3,37.65635638493378,0.8115438618791994,0
330,5,A5_Q1,0,4,32.17216813154268,0.7819222880105641,0
330,5,A5_Q2,1,1,23.5802704442221,0.0,0
330,5,A5_Q3,0,4,51.348911777596484,0.8027906174884513,0
330,5,A5_Q4,0,3,26.766726216060412,0.7953230514286245,0
331,1,A1_Q1,1,1,12.74718910846665,0.0,4
331,1,A1_Q2,0,2,21.929783681293163,0.1,4
331,1,A1_Q3,1,1,28.043972375722394,0.0,4
331,1,A1_Q4,1,1,33.291565508432214,0.0,4
331,2,A2_Q1,0,2,20.205486759552247,0.1,4
331,2,A2_Q2,1,1,26.130159008423096,0.0,4
331,2,A2_Q3,1,1,45.692411812847084,0.0,4
331,2,A2_Q4,0,2,19.957931670143175,0.1,4
331,3,A3_Q1,1,1,33.98178788015309,0.0,4
331,3,A3_Q2,1,1,9.357377275545783,0.0,4
331,3,A3_Q3,1,1,30.09321337796067,0.0,4
331,3,A3_Q4,1,1,22.546557049502123,0.0,4
331,4,A4_Q1,1,1,29.541889556819196,0.0,4
331,4,A4_Q2,1,1,29.367047411342014,0.0,4
331,4,A4_Q3,0,2,15.225628844747192,0.1,4
331,4,A4_Q4,0,2,14.147691453556881,0.1,4
331,5,A5_Q1,1,1,44.40599892079389,0.0,4
331,5,A5_Q2,1,1,38.291414805583855,0.0,4
331,5,A5_Q3,1,1,42.93884641433679,0.0,4
331,5,A5_Q4,1,1,44.33214850447274,0.0,4
332,1,A1_Q1,0,2,9.494485798735365,0.1,4
332,1,A1_Q2,1,1,35.37365424934825,0.0,4
332,1,A1_Q3,1,1,36.727204878601405,0.0,4
332,1,A1_Q4,1,1,43.34482350743504,0.0,4
332,2,A2_Q1,0,2,30.639590373786284,0.1,4
332,2,A2_Q2,1,1,22.55127214723726,0.0,4
332,2,A2_Q3,1,1,28.689795759575002,0.0,4
332,2,A2_Q4,0,2,20.561591799808262,0.1,4
332,3,A3_Q1,1,1,29.6877704117613,0.0,4
332,3,A3_Q2,1,1,22.81966917827726,0.0,4
332,3,A3_Q3,1,1,24.00278154068619,0.0,4
332,3,A3_Q4,0,2,18.056273531642493,0.1,4
332,4,A4_Q1,1,1,41.54815119513598,0.0,4
332,4,A4_Q2,1,1,37.56167799589821,0.0,4
332,4,A4_Q3,1,1,35.8052814891784,0.0,4
332,4,A4_Q4,1,1,26.850944280817895,0.0,4
332,5,A5_Q1,0,2,32.96692872724676,0.1,4
332,5,A5_Q2,1,1,23.970421911185817,0.0,4
332,5,A5_Q3,1,1,16.793583404701934,0.0,4
332,5,A5_Q4,1,1,26.107888548032363,0.0,4
333,1,A1_Q1,1,1,29.190385752632267,0.0,0
333,1,A1_Q2,0,3,42.41624360549484,0.8960194802769967,0
333,1,A1_Q3,0,3,39.44588220298753,0.7698713671646548,0
333,1,A1_Q4,0,4,41.77594992807293,0.8718131586415321,0
333,2,A2_Q1,1,1,42.641151255657405,0.0,0
333,2,A2_Q2,0,4,29.615762959214223,0.9155422644327775,0
333,2,A2_Q3,0,2,56.14061595646799,0.7184526223504845,0
333,2,A2_Q4,0,3,47.58989599851981,0.7614006842781842,0
333,3,A3_Q1,0,4,22.716707441156156,0.9134837208543313,0
333,3,A3_Q2,0,2,42.409169532327525,0.8465689153496138,0
333,3,A3_Q3,0,3,29.129766363851118,0.7292884718825573,0
333,3,A3_Q4,0,4,47.563858667262274,0.7980267025996045,0
333,4,A4_Q1,0,2,47.628914696000656,0.724157605832147,0
333,4,A4_Q2,0,3,50.4316710458883,0.9394855829945472,0
333,4,A4_Q3,0,2,26.38428587218768,0.8435079886829489,0
333,4,A4_Q4,0,3,35.48171283920227,0.7189534149861457,0
333,5,A5_Q1,0,3,23.944402849635928,0.7657105099552011,0
333,5,A5_Q2,1,1,41.94257404399521,0.0,0
333,5,A5_Q3,0,3,68.03921930481118,0.7927880134052331,0
333,5,A5_Q4,0,3,28.354539678061673,0.7918860980579006,0
334,1,A1_Q1,1,1,37.25598751386203,0.0,0
334,1,A1_Q2,1,1,21.66220465347457,0.0,0
334,1,A1_Q3,0,3,67.42762364521167,0.9205743717905917,0
334,1,A1_Q4,0,2,25.962145479180933,0.9507836612232432,0
334,2,A2_Q1,0,4,51.64795910856681,0.9152033555189376,0
334,2,A2_Q2,0,4,52.739947493234794,0.7929191799656581,0
334,2,A2_Q3,0,2,22.131687309842082,0.8331965880906325,0
334,2,A2_Q4,0,2,59.487718789437764,0.7238510749618414,0
334,3,A3_Q1,1,1,41.286502288535836,0.0,0
334,3,A3_Q2,0,2,33.38116585734896,0.7664342325730467,0
334,3,A3_Q3,0,4,64.63628868892484,0.7567515590805127,0
334,3,A3_Q4,0,2,33.90521989846234,0.7112858432654663,0
334,4,A4_Q1,0,4,47.6325234181121,0.9300410995620872,0
334,4,A4_Q2,1,1,33.273197427278895,0.0,0
334,4,A4_Q3,0,4,49.11837263824803,0.9938276187495816,0
334,4,A4_Q4,0,4,38.28744598359279,0.9187964222451681,0
334,5,A5_Q1,1,1,22.14197873286453,0.0,0
334,5,A5_Q2,0,2,64.09606512214987,0.9915396105649616,0
334,5,A5_Q3,1,1,22.708871007798265,0.0,0
334,5,A5_Q4,0,3,49.33856982463089,0.7989167376483003,0
335,1,A1_Q1,0,4,6.810986848628258,0.2842687919880177,1
335,1,A1_Q2,0,5,6.260434455610015,0.24210409069976513,1
335,1,A1_Q3,1,1,2.094466312013087,0.04049867079919055,1
335,1,A1_Q4,0,3,7.522276552964126,0.20961842056780497,1
335,2,A2_Q1,0,5,6.058285410051816,0.10225255652342043,1
335,2,A2_Q2,0,3,11.426004914247047,0.01184438843201544,1
335,2,A2_Q3,0,3,5.678406991185927,0.21760017955896258,1
335,2,A2_Q4,1,1,5.19788965233306,0.09247739685144765,1
335,3,A3_Q1,0,4,4.146891775072477,0.22618684748904405,1
335,3,A3_Q2,0,5,9.334432875165486,0.03537995846855235,1
335,3,A3_Q3,0,5,6.820740848621959,0.025650587347852992,1
335,3,A3_Q4,0,5,9.63359467522113,0.2634776074317439,1
335,4,A4_Q1,0,3,5.605442318309102,0.009650077398251444,1
335,4,A4_Q2,0,3,5.530699971656004,0.11872731111669496,1
335,4,A4_Q3,0,4,10.976381116271181,0.21446458304678168,1
335,4,A4_Q4,0,4,9.537991635091512,0.08768842975854474,1
335,5,A5_Q1,0,5,7.753008349948384,0.08468132017473014,1
335,5,A5_Q2,1,1,6.044150663433366,0.21789749944019057,1
335,5,A5_Q3,0,4,10.378609070475171,0.23507779722519911,1
335,5,A5_Q4,1,2,8.823608562749845,0.28812947379467446,1
336,1,A1_Q1,0,3,3.2960143305192533,0.19668596413349662,1
336,1,A1_Q2,0,3,5.620238255958347,0.21330590891137988,1
336,1,A1_Q3,1,2,1.6640322204427136,0.012362608722463886,1
336,1,A1_Q4,1,2,9.990149146542157,0.16576078151682835,1
336,2,A2_Q1,0,3,5.866100310350903,0.021844640873526666,1
336,2,A2_Q2,0,4,5.554203126921257,0.13154012416944563,1
336,2,A2_Q3,0,5,6.622431560733714,0.05701473848680698,1
336,2,A2_Q4,0,4,6.9508186969245385,0.04635054344859102,1
336,3,A3_Q1,0,5,10.477931169311022,0.035658349772743125,1
336,3,A3_Q2,0,3,11.646985378027733,0.17110644574536932,1
336,3,A3_Q3,0,5,1.9195607330726148,0.1764126013630283,1
336,3,A3_Q4,0,4,11.486088806680858,0.23168298771058293,1
336,4,A4_Q1,0,4,6.172591733427311,0.09670103536717829,1
336,4,A4_Q2,0,3,11.209266803647537,0.06237245525393189,1
336,4,A4_Q3,0,5,12.910189912814047,0.05314962637943179,1
336,4,A4_Q4,0,5,4.693724133222323,0.048745847666627186,1
336,5,A5_Q1,1,1,6.046739244360113,0.2993870146506858,1
336,5,A5_Q2,0,5,9.734594923361259,0.18289283777525212,1
336,5,A5_Q3,1,1,5.796668805342837,0.0174999816854405,1
336,5,A5_Q4,0,5,8.212091064994517,0.2417661683385243,1
337,1,A1_Q1,1,1,42.88210471066083,0.0,0
337,1,A1_Q2,0,3,42.08034437293048,0.7022916983877319,0
337,1,A1_Q3,1,1,48.163688120262236,0.0,0
337,1,A1_Q4,0,2,63.2281385826135,0.8890630787197854,0
337,2,A2_Q1,1,1,38.696817644204145,0.0,0
337,2,A2_Q2,0,4,53.4711874115744,0.7348804453798795,0
337,2,A2_Q3,0,3,43.54454985604624,0.8958572546799366,0
337,2,A2_Q4,1,1,33.32730491090537,0.0,0
337,3,A3_Q1,0,4,37.07936649647319,0.9739379724271104,0
337,3,A3_Q2,0,3,59.033239712769394,0.9056820587242458,0
337,3,A3_Q3,1,1,36.16722356913016,0.0,0
337,3,A3_Q4,1,1,11.264504770875682,0.0,0
337,4,A4_Q1,0,4,36.43014536753887,0.8393938003422367,0
337,4,A4_Q2,0,4,30.216440003912723,0.9463799408272433,0
337,4,A4_Q3,0,4,62.26360261080388,0.7216951044578055,0
337,4,A4_Q4,1,1,41.07922547516924,0.0,0
337,5,A5_Q1,0,3,28.806369868218415,0.8275139781407936,0
337,5,A5_Q2,1,1,30.554076793290367,0.0,0
337,5,A5_Q3,1,1,39.287014719329584,0.0,0
337,5,A5_Q4,0,3,17.416429884704748,0.7485365755070891,0
338,1,A1_Q1,1,1,27.3783607987486,0.0,4
338,1,A1_Q2,1,1,15.13837725393384,0.0,4
338,1,A1_Q3,1,1,34.92719346567025,0.0,4
338,1,A1_Q4,1,1,22.541214935638106,0.0,4
338,2,A2_Q1,1,1,41.612222731541635,0.0,4
338,2,A2_Q2,0,2,22.531817355310313,0.1,4
338,2,A2_Q3,1,1,30.346484367596865,0.0,4
338,2,A2_Q4,0,2,22.461615319561705,0.1,4
338,3,A3_Q1,1,1,54.06525868582209,0.0,4
338,3,A3_Q2,1,1,23.60783859213278,0.0,4
338,3,A3_Q3,0,2,25.3052092959179,0.1,4
338,3,A3_Q4,0,2,9.220546303868115,0.1,4
338,4,A4_Q1,1,1,32.66184331137471,0.0,4
338,4,A4_Q2,1,1,21.833938128604164,0.0,4
338,4,A4_Q3,0,2,20.49218811962292,0.1,4
338,4,A4_Q4,0,2,24.479673026841617,0.1,4
338,5,A5_Q1,1,1,49.10423840373925,0.0,4
338,5,A5_Q2,0,2,19.26311887401091,0.1,4
338,5,A5_Q3,1,1,48.77448035959462,0.0,4
338,5,A5_Q4,1,1,22.31499046700256,0.0,4
339,1,A1_Q1,0,2,54.93636303933161,0.2,3
339,1,A1_Q2,0,2,52.55097569646538,0.2,3
339,1,A1_Q3,1,1,28.19231645991254,0.0,3
339,1,A1_Q4,1,1,30.455587774671045,0.0,3
339,2,A2_Q1,0,2,43.1138089717067,0.2,3
339,2,A2_Q2,0,2,42.89152227839419,0.2,3
339,2,A2_Q3,1,1,35.50392507729113,0.0,3
339,2,A2_Q4,1,1,24.512187774033258,0.0,3
339,3,A3_Q1,0,2,55.60920556887401,0.2,3
339,3,A3_Q2,0,2,35.113678493960094,0.2,3
339,3,A3_Q3,0,2,39.578250771250836,0.2,3
339,3,A3_Q4,0,2,36.50265165945075,0.2,3
339,4,A4_Q1,0,2,36.529086906312784,0.2,3
339,4,A4_Q2,0,2,53.911397258812286,0.2,3
339,4,A4_Q3,1,1,13.834619625676826,0.0,3
339,4,A4_Q4,1,1,23.25434440458632,0.0,3
339,5,A5_Q1,1,1,14.584375466800239,0.0,3
339,5,A5_Q2,0,2,51.998434843787265,0.2,3
339,5,A5_Q3,0,2,39.76160991709389,0.2,3
339,5,A5_Q4,0,2,42.59401642489049,0.2,3
340,1,A1_Q1,0,2,14.283251341202867,0.1,4
340,1,A1_Q2,1,1,33.1261712346776,0.0,4
340,1,A1_Q3,1,1,29.133058464146224,0.0,4
340,1,A1_Q4,1,1,30.41671422139356,0.0,4
340,2,A2_Q1,1,1,45.685339387093265,0.0,4
340,2,A2_Q2,1,1,25.808662064110955,0.0,4
340,2,A2_Q3,1,1,22.853871878757033,0.0,4
340,2,A2_Q4,1,1,16.616581746780604,0.0,4
340,3,A3_Q1,1,1,23.75285833146725,0.0,4
340,3,A3_Q2,1,1,31.53427380385389,0.0,4
340,3,A3_Q3,1,1,36.70872194501931,0.0,4
340,3,A3_Q4,1,1,10.691663992759171,0.0,4
340,4,A4_Q1,1,1,25.138635331511676,0.0,4
340,4,A4_Q2,1,1,34.280587476511656,0.0,4
340,4,A4_Q3,1,1,40.869156177890005,0.0,4
340,4,A4_Q4,1,1,20.68842149843399,0.0,4
340,5,A5_Q1,0,2,22.94684803634786,0.1,4
340,5,A5_Q2,1,1,39.12114777105659,0.0,4
340,5,A5_Q3,1,1,33.15090233469574,0.0,4
340,5,A5_Q4,1,1,28.550505495774196,0.0,4
341,1,A1_Q1,0,3,1.0,0.08707699213075819,1
341,1,A1_Q2,0,4,5.5153828830221086,0.0277909106063418,1
341,1,A1_Q3,0,4,4.5502567564975,0.12330813356079345,1
341,1,A1_Q4,1,2,10.350324261885792,0.2845381932908798,1
341,2,A2_Q1,0,5,12.757323704139015,0.07103167842117102,1
341,2,A2_Q2,0,3,11.601925847717775,0.08613119000643317,1
341,2,A2_Q3,1,2,9.938149738704517,0.1796634115465099,1
341,2,A2_Q4,0,5,6.608608191050362,0.055952004835732795,1
341,3,A3_Q1,1,2,9.046116040782119,0.2386531379836317,1
341,3,A3_Q2,0,5,10.288487436757743,0.06345197639320872,1
341,3,A3_Q3,0,5,2.729971809782387,0.05885782470797024,1
341,3,A3_Q4,0,5,6.8608066248984825,0.013452131051973836,1
341,4,A4_Q1,1,2,11.53122459220233,0.21710891924059872,1
341,4,A4_Q2,1,1,4.890090645865465,0.25744880315470725,1
341,4,A4_Q3,0,5,11.39696407934181,0.04428412686802097,1
341,4,A4_Q4,0,4,9.652037967875113,0.19899775736450026,1
341,5,A5_Q1,0,5,7.05418535257733,0.17627436616844566,1
341,5,A5_Q2,0,5,7.747497210022666,0.24572156538345263,1
341,5,A5_Q3,1,2,6.530734541154727,0.2407919088232621,1
341,5,A5_Q4,0,3,5.603303305720608,0.24192010803939892,1
342,1,A1_Q1,1,1,40.2847900919011,0.0,2
342,1,A1_Q2,1,1,42.284675090355094,0.0,2
342,1,A1_Q3,0,3,35.614039364000206,0.573268287170078,2
342,1,A1_Q4,0,2,46.945615258834465,0.4151069841497339,2
342,2,A2_Q1,1,1,21.003712715644905,0.0,2
342,2,A2_Q2,1,1,28.897962495869585,0.0,2
342,2,A2_Q3,0,3,39.720074433433226,0.49339165970908216,2
342,2,A2_Q4,0,2,53.45462288837431,0.45424346664199516,2
342,3,A3_Q1,1,1,28.091375810854068,0.0,2
342,3,A3_Q2,1,1,51.62398989690154,0.0,2
342,3,A3_Q3,0,2,44.73220624375723,0.5606755142875842,2
342,3,A3_Q4,0,3,63.240568711924325,0.4052704890041656,2
342,4,A4_Q1,1,1,39.55371605512663,0.0,2
342,4,A4_Q2,1,1,42.60369701008666,0.0,2
342,4,A4_Q3,0,3,43.605195714649916,0.5110623114574115,2
342,4,A4_Q4,0,2,53.40976805120678,0.4801468357588736,2
342,5,A5_Q1,1,1,38.07422703820594,0.0,2
342,5,A5_Q2,1,1,32.97480343627166,0.0,2
342,5,A5_Q3,0,3,3.3247218549170583,0.5401243460319389,2
342,5,A5_Q4,0,3,30.660148602903913,0.4551179136145687,2
343,1,A1_Q1,1,1,10.986702840840005,0.12957612151102507,1
343,1,A1_Q2,0,3,8.066569815820063,0.11973058181124471,1
343,1,A1_Q3,1,1,8.929504213012569,0.15062710104481045,1
343,1,A1_Q4,0,4,9.724078981122798,0.06682976292508497,1
343,2,A2_Q1,1,1,8.611246334458894,0.10179862505057373,1
343,2,A2_Q2,0,5,9.035417928962175,0.1751284262633957,1
343,2,A2_Q3,0,4,4.848847677950581,0.14644356285817964,1
343,2,A2_Q4,0,4,11.54629623399585,0.08137116940684076,1
343,3,A3_Q1,0,5,9.446338735133452,0.0705429128118659,1
343,3,A3_Q2,1,1,11.46270441469928,0.13951324606748733,1
343,3,A3_Q3,0,5,8.366903373303487,0.10658779704165723,1
343,3,A3_Q4,0,5,11.358698350943278,0.029390727118520185,1
343,4,A4_Q1,0,4,10.800212913564648,0.2959266334742672,1
343,4,A4_Q2,1,2,9.993200747087151,0.0878939161513298,1
343,4,A4_Q3,0,5,8.750505210900986,0.2799820501373211,1
343,4,A4_Q4,0,4,9.059105978332699,0.2835969456300869,1
343,5,A5_Q1,1,2,6.320222487460274,0.2939430521668065,1
343,5,A5_Q2,1,2,8.159914460065684,0.04084032117813515,1
343,5,A5_Q3,0,4,10.453599274848909,0.09910440357214874,1
343,5,A5_Q4,1,1,9.402869013294408,0.086452473833402,1
344,1,A1_Q1,1,1,28.799015470916995,0.0,3
344,1,A1_Q2,1,1,19.633126862001703,0.0,3
344,1,A1_Q3,0,2,41.843661457910606,0.2,3
344,1,A1_Q4,0,2,46.299189044112794,0.2,3
344,2,A2_Q1,1,1,31.793980391804457,0.0,3
344,2,A2_Q2,0,2,62.45669028672987,0.2,3
344,2,A2_Q3,0,2,44.83975009586381,0.2,3
344,2,A2_Q4,0,2,30.53041478454187,0.2,3
344,3,A3_Q1,1,1,28.880833148007955,0.0,3
344,3,A3_Q2,0,2,51.42993154733334,0.2,3
344,3,A3_Q3,0,2,47.50921497770598,0.2,3
344,3,A3_Q4,0,2,56.004284422568645,0.2,3
344,4,A4_Q1,1,1,48.04119091964404,0.0,3
344,4,A4_Q2,1,1,29.265857726075307,0.0,3
344,4,A4_Q3,1,1,27.88841019924857,0.0,3
344,4,A4_Q4,0,2,55.64241295173527,0.2,3
344,5,A5_Q1,0,2,44.21830063864207,0.2,3
344,5,A5_Q2,0,2,43.587011041944315,0.2,3
344,5,A5_Q3,1,1,22.131723692649626,0.0,3
344,5,A5_Q4,1,1,27.764929397034898,0.0,3
345,1,A1_Q1,1,1,30.723920635046355,0.0,4
345,1,A1_Q2,0,2,21.00818647015818,0.1,4
345,1,A1_Q3,0,2,26.269291597572057,0.1,4
345,1,A1_Q4,0,2,18.332280697566052,0.1,4
345,2,A2_Q1,1,1,32.84723637086251,0.0,4
345,2,A2_Q2,1,1,38.74769990128924,0.0,4
345,2,A2_Q3,1,1,32.840088191321556,0.0,4
345,2,A2_Q4,1,1,38.299788488789844,0.0,4
345,3,A3_Q1,1,1,23.76728733549847,0.0,4
345,3,A3_Q2,1,1,38.52078066344026,0.0,4
345,3,A3_Q3,1,1,33.39219318015735,0.0,4
345,3,A3_Q4,1,1,34.90645540372983,0.0,4
345,4,A4_Q1,1,1,21.681484362150773,0.0,4
345,4,A4_Q2,0,2,27.03583152741519,0.1,4
345,4,A4_Q3,1,1,32.532395644044264,0.0,4
345,4,A4_Q4,0,2,12.89779419924088,0.1,4
345,5,A5_Q1,1,1,31.542151830730162,0.0,4
345,5,A5_Q2,0,2,20.662037693213918,0.1,4
345,5,A5_Q3,1,1,27.2885743707833,0.0,4
345,5,A5_Q4,1,1,43.910869077868114,0.0,4
346,1,A1_Q1,1,1,31.50049605882086,0.0,2
346,1,A1_Q2,1,1,36.70720709376899,0.0,2
346,1,A1_Q3,0,2,62.300937322855944,0.5335395523412942,2
346,1,A1_Q4,0,3,60.54103378525223,0.5912920114151837,2
346,2,A2_Q1,1,1,35.94398643021074,0.0,2
346,2,A2_Q2,1,1,29.556454559074286,0.0,2
346,2,A2_Q3,0,3,58.75997182863707,0.4843562969370859,2
346,2,A2_Q4,0,2,69.05298687384882,0.5476379153076982,2
346,3,A3_Q1,1,1,30.662362829436244,0.0,2
346,3,A3_Q2,1,1,44.70165251549882,0.0,2
346,3,A3_Q3,0,3,53.356962402261736,0.47688661948583005,2
346,3,A3_Q4,0,2,46.796328675299826,0.5738775171976125,2
346,4,A4_Q1,1,1,29.616665278115228,0.0,2
346,4,A4_Q2,1,1,25.637686700506897,0.0,2
346,4,A4_Q3,0,2,56.759962413918714,0.4082354597926032,2
346,4,A4_Q4,0,3,58.94533116502138,0.4883444982433859,2
346,5,A5_Q1,1,1,23.462179010012626,0.0,2
346,5,A5_Q2,1,1,44.82895485267492,0.0,2
346,5,A5_Q3,0,3,39.724507288619904,0.5675793349397427,2
346,5,A5_Q4,0,2,29.70075173542636,0.4899877324277915,2
347,1,A1_Q1,0,2,37.04416133276938,0.2,3
347,1,A1_Q2,1,1,31.94664155769766,0.0,3
347,1,A1_Q3,1,1,29.84389561635067,0.0,3
347,1,A1_Q4,0,2,37.238998590059346,0.2,3
347,2,A2_Q1,0,2,56.899310455517785,0.2,3
347,2,A2_Q2,0,2,38.551922277561914,0.2,3
347,2,A2_Q3,0,2,35.74480851572107,0.2,3
347,2,A2_Q4,1,1,41.94998289237507,0.0,3
347,3,A3_Q1,0,2,53.31897748603446,0.2,3
347,3,A3_Q2,0,2,31.27028418441413,0.2,3
347,3,A3_Q3,0,2,52.961910615135615,0.2,3
347,3,A3_Q4,0,2,50.144274550226804,0.2,3
347,4,A4_Q1,1,1,25.43671947064891,0.0,3
347,4,A4_Q2,0,2,50.03433625970753,0.2,3
347,4,A4_Q3,1,1,22.17766482355687,0.0,3
347,4,A4_Q4,1,1,32.80992010699401,0.0,3
347,5,A5_Q1,1,1,28.60164963506192,0.0,3
347,5,A5_Q2,0,2,51.49634357531034,0.2,3
347,5,A5_Q3,1,1,24.412153285712904,0.0,3
347,5,A5_Q4,0,2,42.206591494446954,0.2,3
348,1,A1_Q1,1,1,39.05059914461316,0.0,4
348,1,A1_Q2,1,1,38.723700193691485,0.0,4
348,1,A1_Q3,1,1,18.821921744715986,0.0,4
348,1,A1_Q4,1,1,16.536157531172442,0.0,4
348,2,A2_Q1,1,1,13.86754843842234,0.0,4
348,2,A2_Q2,1,1,36.19253920231879,0.0,4
348,2,A2_Q3,1,1,31.964168447500718,0.0,4
348,2,A2_Q4,1,1,39.57952556400193,0.0,4
348,3,A3_Q1,1,1,37.656819141880256,0.0,4
348,3,A3_Q2,1,1,51.58405820278003,0.0,4
348,3,A3_Q3,1,1,29.397367194161394,0.0,4
348,3,A3_Q4,1,1,24.8978032612823,0.0,4
348,4,A4_Q1,1,1,40.71155172111669,0.0,4
348,4,A4_Q2,1,1,25.07328416430903,0.0,4
348,4,A4_Q3,1,1,37.05610853071678,0.0,4
348,4,A4_Q4,1,1,19.360735953394904,0.0,4
348,5,A5_Q1,1,1,21.211997968111852,0.0,4
348,5,A5_Q2,1,1,22.431347224976776,0.0,4
348,5,A5_Q3,1,1,32.072670095439,0.0,4
348,5,A5_Q4,1,1,1.0,0.0,4
349,1,A1_Q1,0,2,27.319503738112004,0.1,4
349,1,A1_Q2,1,1,40.67803349822182,0.0,4
349,1,A1_Q3,0,2,21.30404925956799,0.1,4
349,1,A1_Q4,1,1,23.84095850510287,0.0,4
349,2,A2_Q1,1,1,26.66037874746128,0.0,4
349,2,A2_Q2,0,2,19.250125518759198,0.1,4
349,2,A2_Q3,1,1,25.54522395124251,0.0,4
349,2,A2_Q4,0,2,23.916766739106276,0.1,4
349,3,A3_Q1,1,1,8.138276358434805,0.0,4
349,3,A3_Q2,1,1,34.19157456895919,0.0,4
349,3,A3_Q3,1,1,50.976246163764856,0.0,4
349,3,A3_Q4,1,1,31.85735578645198,0.0,4
349,4,A4_Q1,1,1,24.38074908747344,0.0,4
349,4,A4_Q2,1,1,18.509761569266864,0.0,4
349,4,A4_Q3,1,1,36.001629846251404,0.0,4
349,4,A4_Q4,1,1,24.775109468271566,0.0,4
349,5,A5_Q1,1,1,31.472609476879736,0.0,4
349,5,A5_Q2,1,1,22.524272235362602,0.0,4
349,5,A5_Q3,1,1,32.03813229322881,0.0,4
349,5,A5_Q4,1,1,38.0290220168302,0.0,4
350,1,A1_Q1,1,1,26.03994065331679,0.0,0
350,1,A1_Q2,0,4,16.038186725063163,0.886840041543193,0
350,1,A1_Q3,1,1,29.2606763474309,0.0,0
350,1,A1_Q4,0,3,69.20232943519171,0.9220985454266075,0
350,2,A2_Q1,0,3,39.5997829924238,0.9977964241758148,0
350,2,A2_Q2,0,4,33.93769141439016,0.8917037782640299,0
350,2,A2_Q3,1,1,33.032853373302274,0.0,0
350,2,A2_Q4,0,2,18.290809402026678,0.9461679192964607,0
350,3,A3_Q1,0,3,14.626206157063564,0.9582591886506606,0
350,3,A3_Q2,0,2,47.17450588382034,0.8071706249850346,0
350,3,A3_Q3,0,4,25.47745629206652,0.9764127968584435,0
350,3,A3_Q4,0,2,27.433202638325103,0.9271174578512307,0
350,4,A4_Q1,0,4,43.415636777139376,0.836154933113924,0
350,4,A4_Q2,0,2,39.55222229143406,0.7124989001289885,0
350,4,A4_Q3,1,1,45.29513736301538,0.0,0
350,4,A4_Q4,1,1,28.804532337902312,0.0,0
350,5,A5_Q1,0,2,41.671797958229085,0.8473703706495654,0
350,5,A5_Q2,0,4,14.510963785740614,0.8413764908941316,0
350,5,A5_Q3,0,2,29.46904656467032,0.9542853355686618,0
350,5,A5_Q4,0,2,35.93422748126994,0.8715870712462357,0
351,1,A1_Q1,0,2,49.574007427917444,0.2,3
351,1,A1_Q2,1,1,31.38975652363284,0.0,3
351,1,A1_Q3,0,2,38.77956525557946,0.2,3
351,1,A1_Q4,1,1,23.405731127836855,0.0,3
351,2,A2_Q1,1,1,30.040012602365955,0.0,3
351,2,A2_Q2,0,2,43.805768392641575,0.2,3
351,2,A2_Q3,1,1,50.59542821865945,0.0,3
351,2,A2_Q4,1,1,31.875297603029303,0.0,3
351,3,A3_Q1,0,2,47.0949624772828,0.2,3
351,3,A3_Q2,1,1,31.865062168834,0.0,3
351,3,A3_Q3,1,1,32.26583929027308,0.0,3
351,3,A3_Q4,1,1,22.946716690573325,0.0,3
351,4,A4_Q1,1,1,49.68858851204876,0.0,3
351,4,A4_Q2,1,1,38.601841202180765,0.0,3
351,4,A4_Q3,1,1,28.85182960351574,0.0,3
351,4,A4_Q4,0,2,48.545902786046824,0.2,3
351,5,A5_Q1,1,1,15.570102712375437,0.0,3
351,5,A5_Q2,0,2,51.10846455875829,0.2,3
351,5,A5_Q3,1,1,53.92903508064368,0.0,3
351,5,A5_Q4,1,1,28.682997461400902,0.0,3
352,1,A1_Q1,0,2,52.49645023331897,0.2,3
352,1,A1_Q2,1,1,25.223256545526873,0.0,3
352,1,A1_Q3,1,1,30.89209232441017,0.0,3
352,1,A1_Q4,1,1,44.80883591296067,0.0,3
352,2,A2_Q1,0,2,49.63214300316156,0.2,3
352,2,A2_Q2,1,1,21.486387266586995,0.0,3
352,2,A2_Q3,1,1,32.396117246462715,0.0,3
352,2,A2_Q4,0,2,32.15419919060838,0.2,3
352,3,A3_Q1,1,1,14.79596152000784,0.0,3
352,3,A3_Q2,1,1,31.77520064952493,0.0,3
352,3,A3_Q3,1,1,23.491496986018724,0.0,3
352,3,A3_Q4,0,2,45.22581825118729,0.2,3
352,4,A4_Q1,0,2,48.60250456411901,0.2,3
352,4,A4_Q2,1,1,17.44290040204268,0.0,3
352,4,A4_Q3,0,2,53.222484242869704,0.2,3
352,4,A4_Q4,1,1,31.857150544974967,0.0,3
352,5,A5_Q1,0,2,41.06211239802462,0.2,3
352,5,A5_Q2,1,1,22.336052212934355,0.0,3
352,5,A5_Q3,0,2,50.36220791673611,0.2,3
352,5,A5_Q4,0,2,54.0199723235212,0.2,3
353,1,A1_Q1,0,4,5.045763093877791,0.10409679559458318,1
353,1,A1_Q2,1,1,8.44237772119264,0.0644374794668013,1
353,1,A1_Q3,1,1,4.808371242454539,0.2492505436404288,1
353,1,A1_Q4,1,2,8.178963695021253,0.25862168062503454,1
353,2,A2_Q1,0,4,4.318992607866363,0.1682722584211113,1
353,2,A2_Q2,0,3,8.98275041653249,0.28109282691314397,1
353,2,A2_Q3,0,4,5.546129772350385,0.2579624250210805,1
353,2,A2_Q4,1,1,15.176895151009274,0.13132181958529077,1
353,3,A3_Q1,1,2,9.991386896011734,0.2785262132831779,1
353,3,A3_Q2,0,3,13.277066045611164,0.2871064829398328,1
353,3,A3_Q3,0,3,9.332334171873754,0.12171890789660053,1
353,3,A3_Q4,1,1,8.859135449003283,0.09229740381690975,1
353,4,A4_Q1,0,5,6.49424870785092,0.11594879726301681,1
353,4,A4_Q2,1,2,8.895427870720674,0.15176874154356176,1
353,4,A4_Q3,0,5,4.794971010330834,0.057849349714002435,1
353,4,A4_Q4,0,3,13.225767595681814,0.24202342304167562,1
353,5,A5_Q1,0,3,12.322974480494086,0.08478988234563926,1
353,5,A5_Q2,1,1,7.819348442341315,0.19150607524578825,1
353,5,A5_Q3,0,4,3.993604119655643,0.08847153480433304,1
353,5,A5_Q4,0,4,10.198126912689357,0.28371340949509755,1
354,1,A1_Q1,1,1,21.273039677585526,0.0,2
354,1,A1_Q2,1,1,40.177677750390416,0.0,2
354,1,A1_Q3,0,3,17.260836235854647,0.5549413736031124,2
354,1,A1_Q4,0,2,81.5723078095726,0.453872993977428,2
354,2,A2_Q1,1,1,45.188488040743884,0.0,2
354,2,A2_Q2,1,1,27.3656715466839,0.0,2
354,2,A2_Q3,0,3,59.29029963769449,0.5270518277293854,2
354,2,A2_Q4,0,2,56.454033346259585,0.5596304814620896,2
354,3,A3_Q1,1,1,36.741312301574084,0.0,2
354,3,A3_Q2,1,1,41.11228914672497,0.0,2
354,3,A3_Q3,0,2,67.78148781340025,0.5081286495904701,2
354,3,A3_Q4,0,3,35.48963391116169,0.5140971108714367,2
354,4,A4_Q1,1,1,26.340442147807025,0.0,2
354,4,A4_Q2,1,1,36.38758965805344,0.0,2
354,4,A4_Q3,0,3,58.00706358492026,0.5345804720330797,2
354,4,A4_Q4,0,3,98.51525996109837,0.4313386667705029,2
354,5,A5_Q1,1,1,20.285001565279533,0.0,2
354,5,A5_Q2,1,1,25.925301239470564,0.0,2
354,5,A5_Q3,0,3,30.865883820079315,0.5246238976189369,2
354,5,A5_Q4,0,3,13.270223228591469,0.45714225716640994,2
355,1,A1_Q1,1,1,8.949387496427857,0.2556848097788239,1
355,1,A1_Q2,1,1,4.686905661926673,0.08378359136954765,1
355,1,A1_Q3,0,5,10.240054568284037,0.011209698041583326,1
355,1,A1_Q4,0,3,5.881808408050427,0.07723259853672965,1
355,2,A2_Q1,0,4,9.714826132421347,0.051281678440672995,1
355,2,A2_Q2,0,3,8.61759630076492,0.22242596725889996,1
355,2,A2_Q3,1,1,4.744198824808919,0.08820572135812305,1
355,2,A2_Q4,0,3,10.439830818643134,0.055836673358626805,1
355,3,A3_Q1,0,4,6.257068957776063,0.020911404812020373,1
355,3,A3_Q2,0,3,3.5772630384546016,0.02732019805673127,1
355,3,A3_Q3,0,5,5.7781276877335745,0.2832550608557044,1
355,3,A3_Q4,0,5,5.471244453756967,0.2699408153734932,1
355,4,A4_Q1,0,5,7.7306329083343375,0.07788242121545803,1
355,4,A4_Q2,0,3,14.485453823413238,0.08678012185080974,1
355,4,A4_Q3,0,3,9.977204086407456,0.19994360732792785,1
355,4,A4_Q4,0,3,8.10022346112492,0.030139863452550195,1
355,5,A5_Q1,0,3,9.823746645718595,0.19994902227129047,1
355,5,A5_Q2,1,1,6.594018471560606,0.22705343883899526,1
355,5,A5_Q3,0,5,9.730082651697668,0.2521233844522435,1
355,5,A5_Q4,1,1,5.577779940492142,0.295730281747444,1
356,1,A1_Q1,0,2,63.41582413831178,0.2,3
356,1,A1_Q2,0,2,40.019472801715146,0.2,3
356,1,A1_Q3,1,1,27.069977758770026,0.0,3
356,1,A1_Q4,1,1,18.398930758693105,0.0,3
356,2,A2_Q1,0,2,34.72288443964254,0.2,3
356,2,A2_Q2,0,2,46.815780893271345,0.2,3
356,2,A2_Q3,0,2,48.79826328039244,0.2,3
356,2,A2_Q4,1,1,35.041659107385044,0.0,3
356,3,A3_Q1,1,1,23.91084942052216,0.0,3
356,3,A3_Q2,1,1,24.755145648700967,0.0,3
356,3,A3_Q3,1,1,30.23254600177561,0.0,3
356,3,A3_Q4,0,2,36.20449803696241,0.2,3
356,4,A4_Q1,0,2,30.808733772327948,0.2,3
356,4,A4_Q2,0,2,44.19622574747364,0.2,3
356,4,A4_Q3,0,2,54.659525063692286,0.2,3
356,4,A4_Q4,0,2,61.25453841772273,0.2,3
356,5,A5_Q1,1,1,34.25456836551394,0.0,3
356,5,A5_Q2,0,2,52.70107779047455,0.2,3
356,5,A5_Q3,0,2,43.24037287430155,0.2,3
356,5,A5_Q4,0,2,43.79428837006108,0.2,3
357,1,A1_Q1,1,2,9.987048504326395,0.2088564537818348,1
357,1,A1_Q2,1,1,3.1649312463335892,0.010645021543709244,1
357,1,A1_Q3,1,2,8.551303037981919,0.2978893579717412,1
357,1,A1_Q4,1,2,2.8091135603127446,0.22798927749157455,1
357,2,A2_Q1,1,2,14.434338905249753,0.16956299048555773,1
357,2,A2_Q2,0,3,11.45240587117376,0.09555557297558524,1
357,2,A2_Q3,0,3,9.280347754505396,0.17146463245477597,1
357,2,A2_Q4,0,3,4.968998449290685,0.28042270889309473,1
357,3,A3_Q1,0,3,13.384066841487648,0.1356788287570825,1
357,3,A3_Q2,0,5,5.73719551612561,0.1588097962493283,1
357,3,A3_Q3,0,5,9.79853372349275,0.19510235077933002,1
357,3,A3_Q4,0,5,9.678281763696749,0.09271654724178527,1
357,4,A4_Q1,1,2,12.634535691587962,0.015806830900016753,1
357,4,A4_Q2,1,2,12.683068791343878,0.06036040405332198,1
357,4,A4_Q3,0,3,5.724392355437127,0.07134007841670889,1
357,4,A4_Q4,0,3,5.7653394237557,0.11905777985094651,1
357,5,A5_Q1,1,1,4.578176305940697,0.26563871902615105,1
357,5,A5_Q2,0,3,9.460131590976495,0.11493125005326962,1
357,5,A5_Q3,0,4,3.8313584043590145,0.013068501279260446,1
357,5,A5_Q4,0,3,12.261202769389566,0.1964630216494155,1
358,1,A1_Q1,1,1,40.12635254401941,0.0,2
358,1,A1_Q2,1,1,23.18164122443544,0.0,2
358,1,A1_Q3,0,3,18.771736574069063,0.4608583717029679,2
358,1,A1_Q4,0,2,44.98104411317296,0.464793386566108,2
358,2,A2_Q1,1,1,43.97918914591765,0.0,2
358,2,A2_Q2,1,1,36.87373242237504,0.0,2
358,2,A2_Q3,0,2,60.510174414690226,0.5977960934032751,2
358,2,A2_Q4,0,2,50.60467605434671,0.4566027606161895,2
358,3,A3_Q1,1,1,9.244049351221634,0.0,2
358,3,A3_Q2,1,1,9.39945049693469,0.0,2
358,3,A3_Q3,0,3,51.31658126565323,0.4719119715848325,2
358,3,A3_Q4,0,3,43.80630167447433,0.4130927442604042,2
358,4,A4_Q1,1,1,24.83793868643536,0.0,2
358,4,A4_Q2,1,1,33.461469439524016,0.0,2
358,4,A4_Q3,0,3,67.84256730599037,0.43663808019069333,2
358,4,A4_Q4,0,3,51.16877389767175,0.5445800200890638,2
358,5,A5_Q1,1,1,30.8543868521991,0.0,2
358,5,A5_Q2,1,1,40.19184853861647,0.0,2
358,5,A5_Q3,0,2,41.05940143388176,0.40417924244111486,2
358,5,A5_Q4,0,3,80.5094084338649,0.4520366342164069,2
359,1,A1_Q1,1,1,45.536337286320645,0.0,2
359,1,A1_Q2,1,1,44.03154849034468,0.0,2
359,1,A1_Q3,0,3,48.45846798045255,0.5196750776589949,2
359,1,A1_Q4,0,3,47.904809020881004,0.5461930063171863,2
359,2,A2_Q1,1,1,19.35046432467988,0.0,2
359,2,A2_Q2,1,1,31.727044165769534,0.0,2
359,2,A2_Q3,0,3,77.2268664455384,0.47697293929243384,2
359,2,A2_Q4,0,3,46.53026818572094,0.558064049095951,2
359,3,A3_Q1,1,1,44.47134798444844,0.0,2
359,3,A3_Q2,1,1,20.782815639507795,0.0,2
359,3,A3_Q3,0,2,14.749789354199898,0.5893774964549705,2
359,3,A3_Q4,0,2,41.919946788134936,0.5284106495311779,2
359,4,A4_Q1,1,1,13.538219562828356,0.0,2
359,4,A4_Q2,1,1,39.27819456116059,0.0,2
359,4,A4_Q3,0,3,89.59134602648759,0.4679569221760663,2
359,4,A4_Q4,0,3,79.2506076538289,0.41862810180897536,2
359,5,A5_Q1,1,1,27.60450543115162,0.0,2
359,5,A5_Q2,1,1,33.43115279706093,0.0,2
359,5,A5_Q3,0,2,43.64101098406985,0.537854957719538,2
359,5,A5_Q4,0,2,40.073850455753515,0.4207105884269419,2
360,1,A1_Q1,1,2,4.916241645048947,0.1511765453224276,1
360,1,A1_Q2,0,4,6.516522194353555,0.20589033772308704,1
360,1,A1_Q3,0,5,6.315280531871139,0.01452688392803334,1
360,1,A1_Q4,1,1,13.145228382361104,0.001610117393552235,1
360,2,A2_Q1,0,5,4.172440385956015,0.01529302904060279,1
360,2,A2_Q2,0,3,9.621428588057405,0.15108645932661952,1
360,2,A2_Q3,0,5,9.061930655191027,0.18119967869863243,1
360,2,A2_Q4,1,1,10.456186508058721,0.20559895753719648,1
360,3,A3_Q1,0,5,14.828237053482999,0.044851892962139095,1
360,3,A3_Q2,0,3,6.243741017488407,0.276014656930812,1
360,3,A3_Q3,1,1,10.475922551720942,0.0618082115762828,1
360,3,A3_Q4,0,4,5.4071849842969115,0.2576537159008013,1
360,4,A4_Q1,0,4,8.053745233481383,0.04168747931505546,1
360,4,A4_Q2,0,5,6.344903982666618,0.1966016415411665,1
360,4,A4_Q3,0,5,9.853514656637666,0.07727070975710913,1
360,4,A4_Q4,0,5,9.052281074330416,0.2556704449269382,1
360,5,A5_Q1,0,5,7.320066129301073,0.18315279457139835,1
360,5,A5_Q2,0,3,5.499624229135876,0.0005021412251031698,1
360,5,A5_Q3,0,4,10.134421362148942,0.05282578752502833,1
360,5,A5_Q4,1,1,7.431511023797966,0.28722827815321406,1
361,1,A1_Q1,1,1,14.388188214771054,0.0,2
361,1,A1_Q2,1,1,39.14305314644511,0.0,2
361,1,A1_Q3,0,3,75.28708731006266,0.46778543867137357,2
361,1,A1_Q4,0,3,81.96146492080905,0.5383849804824404,2
361,2,A2_Q1,1,1,23.498188480736154,0.0,2
361,2,A2_Q2,1,1,27.579559700061324,0.0,2
361,2,A2_Q3,0,3,61.88932963106455,0.5761530023216206,2
361,2,A2_Q4,0,2,105.26997091880651,0.4745932425491754,2
361,3,A3_Q1,1,1,28.99559472226901,0.0,2
361,3,A3_Q2,1,1,39.72863157754787,0.0,2
361,3,A3_Q3,0,3,42.09393168881361,0.47844404572040555,2
361,3,A3_Q4,0,2,45.784920194512914,0.58517811074519,2
361,4,A4_Q1,1,1,24.46298585037554,0.0,2
361,4,A4_Q2,1,1,38.44258741658141,0.0,2
361,4,A4_Q3,0,3,32.016078079039616,0.44015452967088503,2
361,4,A4_Q4,0,3,26.49862897524075,0.5273634352187151,2
361,5,A5_Q1,1,1,17.031240923517913,0.0,2
361,5,A5_Q2,1,1,22.344243454474768,0.0,2
361,5,A5_Q3,0,3,55.726823754266384,0.577172605215132,2
361,5,A5_Q4,0,2,83.39801093273925,0.4027039040207758,2
362,1,A1_Q1,1,1,9.311935334974162,0.16469479470746082,1
362,1,A1_Q2,0,4,7.504776980387919,0.23687248446971265,1
362,1,A1_Q3,0,4,10.137150034599369,0.09103829538996035,1
362,1,A1_Q4,0,5,9.525571954787765,0.042407172939631185,1
362,2,A2_Q1,0,4,6.509225779484296,0.16810980329882477,1
362,2,A2_Q2,1,1,12.747857131202153,0.1800457944220844,1
362,2,A2_Q3,0,3,5.51844142663663,0.25931502763701947,1
362,2,A2_Q4,0,4,9.38566480351827,0.04163484320408086,1
362,3,A3_Q1,0,4,7.551935236908529,5.845870119514096e-05,1
362,3,A3_Q2,1,1,11.398420350760393,0.12680570076364775,1
362,3,A3_Q3,0,4,9.63957324816054,0.06943605369711493,1
362,3,A3_Q4,0,4,8.976602617645577,0.14618470535063194,1
362,4,A4_Q1,0,3,4.238291722627748,0.0939170061649169,1
362,4,A4_Q2,0,5,11.004878028130285,0.12794746204786797,1
362,4,A4_Q3,0,5,10.91517892928151,0.011684297669843413,1
362,4,A4_Q4,0,3,3.149940780765516,0.12790369840979823,1
362,5,A5_Q1,0,5,6.530302989832514,0.2515232216565036,1
362,5,A5_Q2,0,5,6.520072894627731,0.21231875634198613,1
362,5,A5_Q3,1,1,8.649114458537493,0.16156103063022711,1
362,5,A5_Q4,1,2,5.648375536209437,0.1504767140020079,1
363,1,A1_Q1,1,2,8.658805045440646,0.06629451699995423,1
363,1,A1_Q2,0,4,8.093185242379018,0.09037150879402815,1
363,1,A1_Q3,1,1,6.980756413457573,0.13055912749055848,1
363,1,A1_Q4,1,2,9.762552218219637,0.018481101249496024,1
363,2,A2_Q1,1,1,7.804067864982815,0.22406950057255007,1
363,2,A2_Q2,0,5,3.29739521390888,0.18981073482635671,1
363,2,A2_Q3,1,1,11.505695126026476,0.2226097987181269,1
363,2,A2_Q4,1,1,4.642354251277722,0.12338703289439455,1
363,3,A3_Q1,1,1,9.55891240480577,0.1258806062802387,1
363,3,A3_Q2,1,1,5.570177169269538,0.05213526114370515,1
363,3,A3_Q3,0,5,7.100835816166964,0.11596267505184019,1
363,3,A3_Q4,0,4,8.95977080000685,0.13756309936247232,1
363,4,A4_Q1,1,1,11.595447057151699,0.027180904801607408,1
363,4,A4_Q2,0,3,11.121048862019714,0.2272515902866429,1
363,4,A4_Q3,0,5,5.4871044743921455,0.22965500372107092,1
363,4,A4_Q4,0,4,11.417725455089865,0.04349872966933814,1
363,5,A5_Q1,0,3,8.214011345085158,0.2734221849414577,1
363,5,A5_Q2,0,3,8.045600630128737,0.20458013495867272,1
363,5,A5_Q3,0,3,5.260004742482409,0.06553731960230764,1
363,5,A5_Q4,1,2,8.753427059950104,0.2628433049885529,1
364,1,A1_Q1,1,1,38.75115956544488,0.0,4
364,1,A1_Q2,1,1,35.13560288110652,0.0,4
364,1,A1_Q3,1,1,35.97015678938274,0.0,4
364,1,A1_Q4,1,1,27.225712916709348,0.0,4
364,2,A2_Q1,0,2,12.683597002040315,0.1,4
364,2,A2_Q2,0,2,17.448019453860375,0.1,4
364,2,A2_Q3,0,2,23.044557774515553,0.1,4
364,2,A2_Q4,1,1,39.13500711684243,0.0,4
364,3,A3_Q1,1,1,30.342986741726094,0.0,4
364,3,A3_Q2,1,1,29.86041413893683,0.0,4
364,3,A3_Q3,1,1,30.59305832842714,0.0,4
364,3,A3_Q4,1,1,23.196812028122125,0.0,4
364,4,A4_Q1,1,1,36.339836154587566,0.0,4
364,4,A4_Q2,1,1,11.48688500259287,0.0,4
364,4,A4_Q3,1,1,12.059167608883946,0.0,4
364,4,A4_Q4,0,2,15.77051166598444,0.1,4
364,5,A5_Q1,0,2,7.949891285501607,0.1,4
364,5,A5_Q2,1,1,39.96072339118965,0.0,4
364,5,A5_Q3,1,1,24.02988172380482,0.0,4
364,5,A5_Q4,1,1,33.911364947764305,0.0,4
365,1,A1_Q1,0,3,9.798195232778655,0.03660854311950242,1
365,1,A1_Q2,0,5,2.856132138403648,0.25583256124956877,1
365,1,A1_Q3,0,4,7.905790949226488,0.1838408544779404,1
365,1,A1_Q4,0,5,10.388481267913798,0.24798328990559,1
365,2,A2_Q1,1,1,10.181757819176205,0.010285965481840043,1
365,2,A2_Q2,0,3,8.169027451904915,0.08607748258134475,1
365,2,A2_Q3,0,3,12.097569875994022,0.07435503416278044,1
365,2,A2_Q4,0,3,8.43860677628366,0.18558358796694205,1
365,3,A3_Q1,0,3,11.32148113830699,0.06678387371206808,1
365,3,A3_Q2,0,4,4.8695015147157275,0.1544654236298942,1
365,3,A3_Q3,0,5,5.4136528147264755,0.22773637786380724,1
365,3,A3_Q4,0,4,9.976525953114447,0.08104669176938045,1
365,4,A4_Q1,0,4,5.49501990947032,0.11981107630540755,1
365,4,A4_Q2,0,5,6.562000868105356,0.2286801067612341,1
365,4,A4_Q3,0,5,12.156666746650922,0.1414369022642393,1
365,4,A4_Q4,1,1,5.398056473737006,0.17464729347018879,1
365,5,A5_Q1,0,4,7.868113167487788,0.12197562298974274,1
365,5,A5_Q2,0,5,10.868029812888828,0.02138322236294039,1
365,5,A5_Q3,0,5,7.575582601788296,0.017034221776892067,1
365,5,A5_Q4,0,3,10.81517400217876,0.26136518606279247,1
366,1,A1_Q1,1,1,9.709350051603208,0.12706872481577525,1
366,1,A1_Q2,0,5,6.629627355653281,0.2764021679414765,1
366,1,A1_Q3,0,4,5.630853253692531,0.24882673199603117,1
366,1,A1_Q4,0,3,9.390348704913755,0.24667869078411334,1
366,2,A2_Q1,1,2,5.248379910994924,0.08252611381538266,1
366,2,A2_Q2,0,4,3.3274090304111024,0.10719284082241505,1
366,2,A2_Q3,1,2,1.6652846953596958,0.23095648301967392,1
366,2,A2_Q4,0,3,4.326092825341743,0.02898644086112798,1
366,3,A3_Q1,0,3,10.08319802644171,0.22957113866032594,1
366,3,A3_Q2,0,4,9.278451249280502,0.2871300962640726,1
366,3,A3_Q3,0,5,10.204996996299354,0.1481747048449107,1
366,3,A3_Q4,0,5,6.207093259396915,0.12090970036276465,1
366,4,A4_Q1,1,2,7.19561890811645,0.26172598650538714,1
366,4,A4_Q2,0,4,10.304706663159099,0.11739399746161805,1
366,4,A4_Q3,0,5,4.753339881401259,0.19811890910981478,1
366,4,A4_Q4,0,4,9.15269574955727,0.28820479621142786,1
366,5,A5_Q1,1,2,9.122512084449145,0.10266789267818027,1
366,5,A5_Q2,0,3,4.903573700129466,0.25557740841732357,1
366,5,A5_Q3,1,2,7.857054703090723,0.11764002976592015,1
366,5,A5_Q4,0,4,5.482705332286856,0.09967165976898483,1
367,1,A1_Q1,1,1,36.24186585804087,0.0,0
367,1,A1_Q2,0,2,70.57962887572398,0.8723363914872387,0
367,1,A1_Q3,1,1,42.66803608443334,0.0,0
367,1,A1_Q4,0,3,70.43634789923598,0.768000469408691,0
367,2,A2_Q1,0,4,56.10194137216269,0.7827030993027843,0
367,2,A2_Q2,0,2,45.09356390204077,0.7875512570381396,0
367,2,A2_Q3,0,4,51.768043562947504,0.7907814170103872,0
367,2,A2_Q4,0,4,53.120322613015254,0.8264962020465515,0
367,3,A3_Q1,1,1,40.60404211078652,0.0,0
367,3,A3_Q2,1,1,13.51432400387123,0.0,0
367,3,A3_Q3,1,1,4.684168714987543,0.0,0
367,3,A3_Q4,1,1,35.66120946949908,0.0,0
367,4,A4_Q1,0,3,41.32463519926536,0.747760168313178,0
367,4,A4_Q2,0,2,37.79477415064922,0.8511295009712323,0
367,4,A4_Q3,0,3,28.1611712734516,0.7155691723555393,0
367,4,A4_Q4,0,4,70.11934143793482,0.9075359626428063,0
367,5,A5_Q1,0,3,24.499202882543308,0.8012885431233597,0
367,5,A5_Q2,0,2,1.0,0.8156755015193219,0
367,5,A5_Q3,0,4,13.266146427211584,0.7944015468133925,0
367,5,A5_Q4,1,1,24.27778841725705,0.0,0
368,1,A1_Q1,0,5,8.758544753692775,0.09830393218872546,1
368,1,A1_Q2,0,3,9.340538992505167,0.05835870347371536,1
368,1,A1_Q3,0,4,12.731981891151419,0.20145457310891582,1
368,1,A1_Q4,0,5,14.768152612030924,0.16286849440698645,1
368,2,A2_Q1,0,5,11.209678642553392,0.013900167340375025,1
368,2,A2_Q2,1,1,6.791170794171487,0.29987951466000595,1
368,2,A2_Q3,0,3,8.142359348241943,0.11902276752932432,1
368,2,A2_Q4,0,4,5.696335399376203,0.06983095687157967,1
368,3,A3_Q1,0,3,3.5265462577863653,0.1345099657183428,1
368,3,A3_Q2,1,1,1.0,0.029437978976067113,1
368,3,A3_Q3,0,4,4.231127083962225,0.2010517624944708,1
368,3,A3_Q4,0,5,4.158443460794853,0.19723530256324187,1
368,4,A4_Q1,0,3,3.9763705643988585,0.2801677547332803,1
368,4,A4_Q2,0,5,11.50176848796958,0.15226008207611422,1
368,4,A4_Q3,0,3,7.916048021987615,0.077461317851115,1
368,4,A4_Q4,0,4,5.669438181495709,0.08710739628712869,1
368,5,A5_Q1,0,5,4.027408817776545,0.2694985307771559,1
368,5,A5_Q2,1,1,4.328277038179139,0.225425406164961,1
368,5,A5_Q3,0,4,6.70719452899991,0.059910058031736775,1
368,5,A5_Q4,0,3,4.9026602306716764,0.21048062804103518,1
369,1,A1_Q1,1,1,7.152233642534526,0.0,3
369,1,A1_Q2,0,2,47.658756455315675,0.2,3
369,1,A1_Q3,0,2,41.98668138596618,0.2,3
369,1,A1_Q4,0,2,50.908688904778764,0.2,3
369,2,A2_Q1,0,2,18.755888339561153,0.2,3
369,2,A2_Q2,1,1,30.616093863773102,0.0,3
369,2,A2_Q3,1,1,21.539582802705958,0.0,3
369,2,A2_Q4,0,2,45.62343519956018,0.2,3
369,3,A3_Q1,1,1,39.53088054992494,0.0,3
369,3,A3_Q2,0,2,47.23038024826475,0.2,3
369,3,A3_Q3,0,2,55.97053422475078,0.2,3
369,3,A3_Q4,1,1,46.56642406436628,0.0,3
369,4,A4_Q1,0,2,35.10857919919379,0.2,3
369,4,A4_Q2,1,1,25.2732610206007,0.0,3
369,4,A4_Q3,0,2,44.94855472261773,0.2,3
369,4,A4_Q4,1,1,44.76223004494658,0.0,3
369,5,A5_Q1,1,1,36.38516579248364,0.0,3
369,5,A5_Q2,1,1,28.246916798359713,0.0,3
369,5,A5_Q3,0,2,54.0271314828497,0.2,3
369,5,A5_Q4,1,1,33.157395635707935,0.0,3
370,1,A1_Q1,1,1,5.8024358376373115,0.0,4
370,1,A1_Q2,1,1,17.704717502710906,0.0,4
370,1,A1_Q3,1,1,37.34776401975342,0.0,4
370,1,A1_Q4,0,2,17.20864263797414,0.1,4
370,2,A2_Q1,1,1,32.97012613146429,0.0,4
370,2,A2_Q2,0,2,17.625395844920757,0.1,4
370,2,A2_Q3,0,2,24.02779697204315,0.1,4
370,2,A2_Q4,1,1,26.214697093676225,0.0,4
370,3,A3_Q1,1,1,15.857517985698282,0.0,4
370,3,A3_Q2,1,1,19.883398264480604,0.0,4
370,3,A3_Q3,1,1,47.92013364903836,0.0,4
370,3,A3_Q4,1,1,52.44300291201,0.0,4
370,4,A4_Q1,1,1,22.47918967045488,0.0,4
370,4,A4_Q2,1,1,1.0,0.0,4
370,4,A4_Q3,1,1,38.15507337102889,0.0,4
370,4,A4_Q4,1,1,12.345324927990035,0.0,4
370,5,A5_Q1,1,1,45.43128184673544,0.0,4
370,5,A5_Q2,1,1,41.09108512497738,0.0,4
370,5,A5_Q3,1,1,41.709261981099154,0.0,4
370,5,A5_Q4,1,1,37.765994651560064,0.0,4
371,1,A1_Q1,1,1,37.85376709380235,0.0,3
371,1,A1_Q2,0,2,50.27747909391494,0.2,3
371,1,A1_Q3,0,2,34.213392289694475,0.2,3
371,1,A1_Q4,1,1,32.6005451546078,0.0,3
371,2,A2_Q1,1,1,44.28694616473207,0.0,3
371,2,A2_Q2,0,2,37.1022874558501,0.2,3
371,2,A2_Q3,0,2,43.249148497262944,0.2,3
371,2,A2_Q4,0,2,57.01920252998812,0.2,3
371,3,A3_Q1,1,1,32.75663456734518,0.0,3
371,3,A3_Q2,0,2,40.86399285674732,0.2,3
371,3,A3_Q3,0,2,35.14790121379239,0.2,3
371,3,A3_Q4,1,1,32.084572170523664,0.0,3
371,4,A4_Q1,0,2,41.87432941978673,0.2,3
371,4,A4_Q2,0,2,39.45629333817292,0.2,3
371,4,A4_Q3,0,2,41.87505121858739,0.2,3
371,4,A4_Q4,1,1,50.30545723224202,0.0,3
371,5,A5_Q1,1,1,33.296308281952896,0.0,3
371,5,A5_Q2,0,2,50.14756897763825,0.2,3
371,5,A5_Q3,1,1,33.21235475894423,0.0,3
371,5,A5_Q4,1,1,46.71659436648611,0.0,3
372,1,A1_Q1,1,1,40.708822921714685,0.0,2
372,1,A1_Q2,1,1,48.67958972020014,0.0,2
372,1,A1_Q3,0,2,50.90667035323731,0.40885870528068363,2
372,1,A1_Q4,0,2,85.9217024357516,0.41091911728389063,2
372,2,A2_Q1,1,1,21.251376093253807,0.0,2
372,2,A2_Q2,1,1,17.60303746682466,0.0,2
372,2,A2_Q3,0,3,75.68988755070265,0.5984930157555518,2
372,2,A2_Q4,0,2,13.282005939804755,0.43402675962906856,2
372,3,A3_Q1,1,1,11.787275024866737,0.0,2
372,3,A3_Q2,1,1,21.40295980938249,0.0,2
372,3,A3_Q3,0,3,17.917221155847386,0.4253073766837638,2
372,3,A3_Q4,0,3,63.614448428052185,0.5155798769271669,2
372,4,A4_Q1,1,1,27.819469502704198,0.0,2
372,4,A4_Q2,1,1,35.99443663798324,0.0,2
372,4,A4_Q3,0,3,88.71828101444825,0.5232958240075988,2
372,4,A4_Q4,0,3,62.12297132837218,0.5208928588232613,2
372,5,A5_Q1,1,1,39.37258212037427,0.0,2
372,5,A5_Q2,1,1,14.650713586263482,0.0,2
372,5,A5_Q3,0,3,1.0,0.5316601756808806,2
372,5,A5_Q4,0,2,56.78708889669694,0.47974082568558635,2
373,1,A1_Q1,0,2,52.84360074036145,0.2,3
373,1,A1_Q2,1,1,31.215571358625578,0.0,3
373,1,A1_Q3,1,1,28.139769775834974,0.0,3
373,1,A1_Q4,1,1,29.075142530857153,0.0,3
373,2,A2_Q1,0,2,58.82042859999237,0.2,3
373,2,A2_Q2,0,2,39.89106780762313,0.2,3
373,2,A2_Q3,0,2,52.09447196932399,0.2,3
373,2,A2_Q4,0,2,49.532892196413584,0.2,3
373,3,A3_Q1,0,2,71.35802651990737,0.2,3
373,3,A3_Q2,0,2,47.07496871446241,0.2,3
373,3,A3_Q3,0,2,54.93794000909798,0.2,3
373,3,A3_Q4,1,1,51.5159005062432,0.0,3
373,4,A4_Q1,0,2,43.7479314667305,0.2,3
373,4,A4_Q2,0,2,42.439157495559485,0.2,3
373,4,A4_Q3,0,2,44.70286148503847,0.2,3
373,4,A4_Q4,1,1,42.610089907918464,0.0,3
373,5,A5_Q1,0,2,50.14355750913612,0.2,3
373,5,A5_Q2,1,1,37.253385712512255,0.0,3
373,5,A5_Q3,0,2,42.25727142661774,0.2,3
373,5,A5_Q4,1,1,32.43770972289609,0.0,3
374,1,A1_Q1,0,4,8.769034932954744,0.09497469272972205,1
374,1,A1_Q2,0,4,2.4132509802605266,0.04961086831620034,1
374,1,A1_Q3,1,2,9.470772333285558,6.1553882684917126e-06,1
374,1,A1_Q4,0,3,8.134423759574874,0.018003245656826317,1
374,2,A2_Q1,0,4,13.525467581825417,0.13911041923746922,1
374,2,A2_Q2,0,4,4.733280699109258,0.023630854174470382,1
374,2,A2_Q3,0,3,5.1492838365643046,0.17637302335034666,1
374,2,A2_Q4,0,4,5.7372278911347685,0.03803845330100299,1
374,3,A3_Q1,0,5,9.773151737477665,0.08876654826200618,1
374,3,A3_Q2,1,1,8.68501777185298,0.0139264156340262,1
374,3,A3_Q3,0,3,7.378928117941906,0.20518752429739265,1
374,3,A3_Q4,1,2,5.3591440738121365,0.2347687470878021,1
374,4,A4_Q1,0,5,11.413511990793914,0.2158796860109692,1
374,4,A4_Q2,0,5,9.135785638945649,0.23132937780977297,1
374,4,A4_Q3,1,2,4.083533263629203,0.11690049603244969,1
374,4,A4_Q4,1,2,4.075829109797195,0.24753484859381142,1
374,5,A5_Q1,0,3,5.270321713883699,0.18941259228124635,1
374,5,A5_Q2,0,4,6.4994927078782885,0.26667458258884663,1
374,5,A5_Q3,0,5,11.310792906180133,0.13889220356242638,1
374,5,A5_Q4,0,4,10.530379688925859,0.2649049738298359,1
375,1,A1_Q1,1,1,33.40078592356884,0.0,4
375,1,A1_Q2,1,1,20.828650626288578,0.0,4
375,1,A1_Q3,1,1,48.833156871846,0.0,4
375,1,A1_Q4,1,1,24.57558568864176,0.0,4
375,2,A2_Q1,1,1,11.127661734766626,0.0,4
375,2,A2_Q2,1,1,35.63435620119853,0.0,4
375,2,A2_Q3,0,2,13.574549764604038,0.1,4
375,2,A2_Q4,1,1,41.65557466867351,0.0,4
375,3,A3_Q1,1,1,32.560984197853344,0.0,4
375,3,A3_Q2,1,1,40.028728318496334,0.0,4
375,3,A3_Q3,1,1,24.45637572236866,0.0,4
375,3,A3_Q4,1,1,37.69544522514343,0.0,4
375,4,A4_Q1,1,1,34.32018057444516,0.0,4
375,4,A4_Q2,0,2,9.486648785301854,0.1,4
375,4,A4_Q3,1,1,14.861686372418534,0.0,4
375,4,A4_Q4,1,1,23.2696995132735,0.0,4
375,5,A5_Q1,1,1,35.408448727687585,0.0,4
375,5,A5_Q2,1,1,23.054579809856115,0.0,4
375,5,A5_Q3,1,1,26.714140921340405,0.0,4
375,5,A5_Q4,1,1,45.885284346967524,0.0,4
376,1,A1_Q1,1,1,40.66086730214774,0.0,2
376,1,A1_Q2,1,1,36.895122999192715,0.0,2
376,1,A1_Q3,0,2,45.32091251612179,0.40004817679743354,2
376,1,A1_Q4,0,3,85.8590211243084,0.4597591150298788,2
376,2,A2_Q1,1,1,38.96309355415186,0.0,2
376,2,A2_Q2,1,1,37.76073081724913,0.0,2
376,2,A2_Q3,0,3,41.588908080803385,0.48121800843678136,2
376,2,A2_Q4,0,2,36.92801429636658,0.5160344181670546,2
376,3,A3_Q1,1,1,32.26827842211834,0.0,2
376,3,A3_Q2,1,1,8.80334376859635,0.0,2
376,3,A3_Q3,0,3,54.22141005063006,0.5183129725208488,2
376,3,A3_Q4,0,3,76.2076460323888,0.5474693964521581,2
376,4,A4_Q1,1,1,31.230446930326607,0.0,2
376,4,A4_Q2,1,1,14.960194401784259,0.0,2
376,4,A4_Q3,0,3,81.57444814606373,0.4576405926646567,2
376,4,A4_Q4,0,3,41.58761315087957,0.5127751363004847,2
376,5,A5_Q1,1,1,36.65683051906261,0.0,2
376,5,A5_Q2,1,1,38.069493598821595,0.0,2
376,5,A5_Q3,0,2,34.78846863240996,0.5715839096920813,2
376,5,A5_Q4,0,2,78.46875846888467,0.5246319748160544,2
377,1,A1_Q1,0,2,18.682502635369808,0.1,4
377,1,A1_Q2,1,1,30.822043363137052,0.0,4
377,1,A1_Q3,0,2,21.07578210445777,0.1,4
377,1,A1_Q4,1,1,31.267314856379002,0.0,4
377,2,A2_Q1,1,1,24.27303848941687,0.0,4
377,2,A2_Q2,1,1,20.581972676750446,0.0,4
377,2,A2_Q3,1,1,28.15545529345432,0.0,4
377,2,A2_Q4,0,2,27.980446460971205,0.1,4
377,3,A3_Q1,1,1,24.55471883065304,0.0,4
377,3,A3_Q2,1,1,40.568296091987136,0.0,4
377,3,A3_Q3,1,1,33.13780373161114,0.0,4
377,3,A3_Q4,1,1,22.789172832873987,0.0,4
377,4,A4_Q1,1,1,33.10830724013897,0.0,4
377,4,A4_Q2,0,2,15.059788688745204,0.1,4
377,4,A4_Q3,1,1,20.622133336588398,0.0,4
377,4,A4_Q4,1,1,23.083715745766874,0.0,4
377,5,A5_Q1,1,1,39.31469519553989,0.0,4
377,5,A5_Q2,1,1,38.24659562849253,0.0,4
377,5,A5_Q3,1,1,32.48934611861117,0.0,4
377,5,A5_Q4,1,1,31.684507699324943,0.0,4
378,1,A1_Q1,1,1,26.647165254826632,0.0,4
378,1,A1_Q2,1,1,17.311274073942208,0.0,4
378,1,A1_Q3,1,1,48.041046645863005,0.0,4
378,1,A1_Q4,1,1,26.903182179632722,0.0,4
378,2,A2_Q1,1,1,19.917139320356725,0.0,4
378,2,A2_Q2,1,1,16.455103826376494,0.0,4
378,2,A2_Q3,0,2,28.478062666390432,0.1,4
378,2,A2_Q4,1,1,25.39346861972296,0.0,4
378,3,A3_Q1,1,1,1.0,0.0,4
378,3,A3_Q2,1,1,45.37283297361951,0.0,4
378,3,A3_Q3,1,1,15.953470827199505,0.0,4
378,3,A3_Q4,0,2,20.441840098771355,0.1,4
378,4,A4_Q1,1,1,30.596618936969783,0.0,4
378,4,A4_Q2,1,1,11.85691878610383,0.0,4
378,4,A4_Q3,1,1,25.73237171161432,0.0,4
378,4,A4_Q4,0,2,22.56291576344279,0.1,4
378,5,A5_Q1,0,2,17.409277396428102,0.1,4
378,5,A5_Q2,1,1,33.408727472117896,0.0,4
378,5,A5_Q3,0,2,17.266560891313915,0.1,4
378,5,A5_Q4,1,1,22.94683134028934,0.0,4
379,1,A1_Q1,0,4,6.824131150064591,0.1499450812225242,1
379,1,A1_Q2,1,1,7.550113931311187,0.25787771737421555,1
379,1,A1_Q3,1,1,7.924660858000732,0.20465801766270578,1
379,1,A1_Q4,0,3,5.755611589556454,0.14348161944779173,1
379,2,A2_Q1,0,4,5.908154212530055,0.08636019852675232,1
379,2,A2_Q2,0,4,5.12654849387386,0.07479445992332708,1
379,2,A2_Q3,0,4,6.847366491213913,0.11300917778805314,1
379,2,A2_Q4,0,5,11.70085103473862,0.20937969432399384,1
379,3,A3_Q1,0,4,8.363027729596435,0.26511754558602346,1
379,3,A3_Q2,0,4,8.455554253948845,0.10383784576984609,1
379,3,A3_Q3,0,4,7.048761995722763,0.19949430757140924,1
379,3,A3_Q4,0,5,11.21714948275159,0.20915483409271388,1
379,4,A4_Q1,0,4,6.477371776889665,0.059010645532031225,1
379,4,A4_Q2,0,4,8.972850874467643,0.08531829957385141,1
379,4,A4_Q3,0,3,7.953831628291468,0.18977159423860024,1
379,4,A4_Q4,0,3,8.22091667882072,0.08325974226315812,1
379,5,A5_Q1,1,1,8.95784449341588,0.1775182378321464,1
379,5,A5_Q2,0,5,12.024696445942702,0.03878891135140722,1
379,5,A5_Q3,0,3,6.1589438993705805,0.018428831633431276,1
379,5,A5_Q4,1,2,12.697461782282339,0.021232101042091632,1
380,1,A1_Q1,1,1,36.208754159067475,0.0,4
380,1,A1_Q2,0,2,20.692582243673662,0.1,4
380,1,A1_Q3,1,1,32.883949304903496,0.0,4
380,1,A1_Q4,0,2,14.36935984164965,0.1,4
380,2,A2_Q1,1,1,28.541477852860474,0.0,4
380,2,A2_Q2,1,1,35.151969964165154,0.0,4
380,2,A2_Q3,1,1,34.05575281966318,0.0,4
380,2,A2_Q4,0,2,20.92862203126419,0.1,4
380,3,A3_Q1,0,2,16.997908889475475,0.1,4
380,3,A3_Q2,1,1,37.57128139408174,0.0,4
380,3,A3_Q3,1,1,35.00094063135367,0.0,4
380,3,A3_Q4,1,1,19.011429878074537,0.0,4
380,4,A4_Q1,1,1,44.93394095319246,0.0,4
380,4,A4_Q2,1,1,51.2066468183112,0.0,4
380,4,A4_Q3,1,1,29.071457298400706,0.0,4
380,4,A4_Q4,1,1,40.4539821024758,0.0,4
380,5,A5_Q1,0,2,22.98691711614806,0.1,4
380,5,A5_Q2,1,1,6.599936234978571,0.0,4
380,5,A5_Q3,1,1,11.790314942302686,0.0,4
380,5,A5_Q4,1,1,27.93923992336323,0.0,4
381,1,A1_Q1,1,1,24.47206361896935,0.0,0
381,1,A1_Q2,0,4,37.368573272279534,0.8217743029382263,0
381,1,A1_Q3,0,2,49.12654188202539,0.9956269282354329,0
381,1,A1_Q4,0,2,54.470161875460775,0.7239309393250581,0
381,2,A2_Q1,0,4,34.80787257103881,0.7196209854148351,0
381,2,A2_Q2,0,4,10.431194363402795,0.9794344528478707,0
381,2,A2_Q3,0,2,43.518550299048,0.7936219054886267,0
381,2,A2_Q4,0,3,37.133690133719405,0.7716842710463361,0
381,3,A3_Q1,0,3,52.704314625033945,0.9837081654647576,0
381,3,A3_Q2,1,1,30.69236119628875,0.0,0
381,3,A3_Q3,1,1,34.42759580388809,0.0,0
381,3,A3_Q4,0,3,29.574238248736506,0.8098141375639534,0
381,4,A4_Q1,0,3,62.03820159590484,0.8008791638987545,0
381,4,A4_Q2,1,1,37.77508667265898,0.0,0
381,4,A4_Q3,1,1,32.262262814246085,0.0,0
381,4,A4_Q4,0,2,47.78723747410617,0.8311387168253157,0
381,5,A5_Q1,0,2,21.475342544468255,0.7438311998726997,0
381,5,A5_Q2,1,1,45.530597700421154,0.0,0
381,5,A5_Q3,0,2,66.29791837767971,0.7980131426281747,0
381,5,A5_Q4,0,3,40.190456442581706,0.8213449435593326,0
382,1,A1_Q1,1,1,21.595289198820765,0.0,2
382,1,A1_Q2,1,1,42.38231971533078,0.0,2
382,1,A1_Q3,0,2,30.188457369766496,0.5663279251989286,2
382,1,A1_Q4,0,3,92.99634041605171,0.5703217400940598,2
382,2,A2_Q1,1,1,19.55635253431783,0.0,2
382,2,A2_Q2,1,1,48.32051703882524,0.0,2
382,2,A2_Q3,0,3,36.51894969368426,0.5745545451106842,2
382,2,A2_Q4,0,3,19.000016430079846,0.5328376039012521,2
382,3,A3_Q1,1,1,32.157438556305124,0.0,2
382,3,A3_Q2,1,1,33.53711043583902,0.0,2
382,3,A3_Q3,0,3,70.87814815728584,0.5132349083510956,2
382,3,A3_Q4,0,3,23.631307376707554,0.4488068827371569,2
382,4,A4_Q1,1,1,40.837975762442966,0.0,2
382,4,A4_Q2,1,1,26.094285949619408,0.0,2
382,4,A4_Q3,0,3,57.631919665205544,0.5046827654236226,2
382,4,A4_Q4,0,2,80.22282320025346,0.4406097620209798,2
382,5,A5_Q1,1,1,37.16450092034604,0.0,2
382,5,A5_Q2,1,1,35.012417140510955,0.0,2
382,5,A5_Q3,0,2,54.58716118769982,0.5104550905160824,2
382,5,A5_Q4,0,3,36.81079242950819,0.5680582102678229,2
383,1,A1_Q1,1,1,39.84362469582028,0.0,3
383,1,A1_Q2,0,2,43.281749553232814,0.2,3
383,1,A1_Q3,0,2,51.45099776200831,0.2,3
383,1,A1_Q4,0,2,46.71653769968896,0.2,3
383,2,A2_Q1,0,2,53.37138337718119,0.2,3
383,2,A2_Q2,1,1,46.092141446339994,0.0,3
383,2,A2_Q3,1,1,27.10178091131603,0.0,3
383,2,A2_Q4,1,1,35.70891586368305,0.0,3
383,3,A3_Q1,0,2,37.97458370448374,0.2,3
383,3,A3_Q2,0,2,49.68923395887853,0.2,3
383,3,A3_Q3,1,1,66.11350062815669,0.0,3
383,3,A3_Q4,0,2,38.74834211710961,0.2,3
383,4,A4_Q1,1,1,27.20160924157061,0.0,3
383,4,A4_Q2,1,1,39.35880072877572,0.0,3
383,4,A4_Q3,1,1,42.78986415660654,0.0,3
383,4,A4_Q4,1,1,42.70580605255327,0.0,3
383,5,A5_Q1,0,2,38.41531348064562,0.2,3
383,5,A5_Q2,1,1,46.36643724807389,0.0,3
383,5,A5_Q3,1,1,37.32841806997633,0.0,3
383,5,A5_Q4,1,1,35.9500880210828,0.0,3
384,1,A1_Q1,0,2,48.58909981412686,0.2,3
384,1,A1_Q2,0,2,69.18291820530973,0.2,3
384,1,A1_Q3,1,1,22.190247071557128,0.0,3
384,1,A1_Q4,0,2,27.314143300865187,0.2,3
384,2,A2_Q1,0,2,47.08031996881774,0.2,3
384,2,A2_Q2,1,1,5.4104438027430035,0.0,3
384,2,A2_Q3,1,1,43.19101027445988,0.0,3
384,2,A2_Q4,1,1,31.55575112758557,0.0,3
384,3,A3_Q1,1,1,35.88788877223153,0.0,3
384,3,A3_Q2,1,1,27.756845247773803,0.0,3
384,3,A3_Q3,1,1,35.034122121999125,0.0,3
384,3,A3_Q4,1,1,26.990822867546505,0.0,3
384,4,A4_Q1,1,1,39.2169129814277,0.0,3
384,4,A4_Q2,0,2,62.338831383786086,0.2,3
384,4,A4_Q3,1,1,42.77374038513223,0.0,3
384,4,A4_Q4,0,2,38.74590565267352,0.2,3
384,5,A5_Q1,0,2,49.266317859767966,0.2,3
384,5,A5_Q2,1,1,17.732010140603172,0.0,3
384,5,A5_Q3,0,2,43.32604719071878,0.2,3
384,5,A5_Q4,0,2,52.508321093468155,0.2,3
385,1,A1_Q1,1,1,10.31317861916613,0.0,4
385,1,A1_Q2,1,1,30.135721820246506,0.0,4
385,1,A1_Q3,1,1,28.802028325492913,0.0,4
385,1,A1_Q4,1,1,44.68275258457288,0.0,4
385,2,A2_Q1,1,1,26.326167105784528,0.0,4
385,2,A2_Q2,1,1,43.99967029760474,0.0,4
385,2,A2_Q3,1,1,41.43926105755259,0.0,4
385,2,A2_Q4,0,2,12.281581473443875,0.1,4
385,3,A3_Q1,1,1,32.14213915968328,0.0,4
385,3,A3_Q2,1,1,13.567972289411365,0.0,4
385,3,A3_Q3,1,1,51.96421699448859,0.0,4
385,3,A3_Q4,1,1,30.28903915469018,0.0,4
385,4,A4_Q1,1,1,23.281419932276574,0.0,4
385,4,A4_Q2,0,2,24.965878679092093,0.1,4
385,4,A4_Q3,1,1,44.5601178759858,0.0,4
385,4,A4_Q4,0,2,26.27650034726913,0.1,4
385,5,A5_Q1,0,2,26.179976974933492,0.1,4
385,5,A5_Q2,1,1,24.99217050333524,0.0,4
385,5,A5_Q3,0,2,24.846307651357357,0.1,4
385,5,A5_Q4,1,1,2.4463096873858277,0.0,4
386,1,A1_Q1,1,1,48.33824728999974,0.0,2
386,1,A1_Q2,1,1,34.995007969689034,0.0,2
386,1,A1_Q3,0,2,16.7594524397893,0.5388141927685131,2
386,1,A1_Q4,0,2,50.746359030176336,0.46035659434796994,2
386,2,A2_Q1,1,1,24.03380701203796,0.0,2
386,2,A2_Q2,1,1,24.524804125936207,0.0,2
386,2,A2_Q3,0,3,47.97612965464766,0.49879493065509617,2
386,2,A2_Q4,0,3,89.38647497839655,0.457483123416124,2
386,3,A3_Q1,1,1,11.845180866806878,0.0,2
386,3,A3_Q2,1,1,36.959612553036045,0.0,2
386,3,A3_Q3,0,2,37.25610565480887,0.5590864722078942,2
386,3,A3_Q4,0,3,50.93501976613684,0.5918080432894494,2
386,4,A4_Q1,1,1,35.02751230664517,0.0,2
386,4,A4_Q2,1,1,7.090185616255749,0.0,2
386,4,A4_Q3,0,2,39.81286127753237,0.5316124116971357,2
386,4,A4_Q4,0,2,36.2572706329352,0.45901404534997386,2
386,5,A5_Q1,1,1,26.64642929454007,0.0,2
386,5,A5_Q2,1,1,24.70395951197707,0.0,2
386,5,A5_Q3,0,2,47.24686243054646,0.43144198468328643,2
386,5,A5_Q4,0,3,15.960309787288622,0.41161933079803803,2
387,1,A1_Q1,1,1,4.767495283336347,0.08619761982176885,1
387,1,A1_Q2,0,5,12.387428649182525,0.2693937479915037,1
387,1,A1_Q3,0,5,6.371663061537744,0.24774507502630935,1
387,1,A1_Q4,1,1,12.016033922699163,0.18991824202421995,1
387,2,A2_Q1,0,3,3.861991883613305,0.06193647151281181,1
387,2,A2_Q2,1,1,4.426754504945475,0.20459622154389293,1
387,2,A2_Q3,0,4,10.22259474877048,0.09727740020938862,1
387,2,A2_Q4,0,3,9.722492625091554,0.19575293208020528,1
387,3,A3_Q1,0,5,5.2231054805457084,0.19880186089700005,1
387,3,A3_Q2,0,3,6.0241452927809895,0.145669801150579,1
387,3,A3_Q3,0,4,5.229753125028935,0.2997802905289559,1
387,3,A3_Q4,1,2,14.17802572011361,0.17576969122531197,1
387,4,A4_Q1,0,4,4.939551857129791,0.12220196415931019,1
387,4,A4_Q2,0,5,12.162374680550943,0.011734673641191228,1
387,4,A4_Q3,1,2,5.533992439655275,0.06833754654280845,1
387,4,A4_Q4,1,2,12.428755545485252,0.2640720137386365,1
387,5,A5_Q1,1,2,6.896185619179102,0.21722458793514557,1
387,5,A5_Q2,0,5,7.931777661884763,0.27875704095879905,1
387,5,A5_Q3,1,2,7.90936181964715,0.13471772218166464,1
387,5,A5_Q4,1,2,7.031168351766189,0.23115976411144368,1
388,1,A1_Q1,0,2,7.245551467121928,0.8304409613455067,0
388,1,A1_Q2,0,2,59.511130065186165,0.8771145757005095,0
388,1,A1_Q3,0,4,48.81663377365759,0.9756743790987988,0
388,1,A1_Q4,1,1,45.16744797533817,0.0,0
388,2,A2_Q1,0,3,29.57033116652387,0.8427399801423695,0
388,2,A2_Q2,1,1,29.48777558195065,0.0,0
388,2,A2_Q3,0,4,66.71072301683989,0.949964025451241,0
388,2,A2_Q4,0,3,43.84604909731552,0.7709828027772918,0
388,3,A3_Q1,0,3,26.320900797825033,0.9343084125828841,0
388,3,A3_Q2,0,2,32.906724392814766,0.961400535301332,0
388,3,A3_Q3,0,3,36.10117583699358,0.7166687418152854,0
388,3,A3_Q4,0,4,60.161585406316824,0.7811076741447112,0
388,4,A4_Q1,1,1,40.3793711479559,0.0,0
388,4,A4_Q2,0,3,33.379292372149074,0.7529513227268754,0
388,4,A4_Q3,1,1,27.90294278381187,0.0,0
388,4,A4_Q4,0,4,16.019513115272346,0.7579162412552531,0
388,5,A5_Q1,0,2,40.92755153626499,0.7387086690517205,0
388,5,A5_Q2,1,1,43.49473105261624,0.0,0
388,5,A5_Q3,0,4,31.256319363247066,0.9739507027980318,0
388,5,A5_Q4,0,3,70.37086631224014,0.9321402394866365,0
389,1,A1_Q1,1,1,27.379674530136846,0.0,0
389,1,A1_Q2,0,3,34.71021101102286,0.7603903177833845,0
389,1,A1_Q3,1,1,30.165764381883115,0.0,0
389,1,A1_Q4,0,4,51.683982707807665,0.7326128199400428,0
389,2,A2_Q1,0,2,10.03018040923632,0.9969124805192302,0
389,2,A2_Q2,0,2,41.9779740674612,0.8226529496599702,0
389,2,A2_Q3,0,3,32.695423524398656,0.8226162286682981,0
389,2,A2_Q4,1,1,24.876514195767086,0.0,0
389,3,A3_Q1,0,4,20.22824005647607,0.8019867694714606,0
389,3,A3_Q2,0,3,35.34782507483981,0.890349768801783,0
389,3,A3_Q3,0,3,55.15955091144144,0.9214121898151182,0
389,3,A3_Q4,0,3,25.45113706133727,0.9209355356259401,0
389,4,A4_Q1,0,3,51.40478973639136,0.7340749558816599,0
389,4,A4_Q2,0,4,45.650803211157346,0.9939670967413619,0
389,4,A4_Q3,0,4,19.150012756296125,0.8595771967292842,0
389,4,A4_Q4,0,2,17.7418732408498,0.8809390536786007,0
389,5,A5_Q1,1,1,35.7117725701591,0.0,0
389,5,A5_Q2,1,1,35.54733190654285,0.0,0
389,5,A5_Q3,0,3,46.09503252103879,0.9116807848686099,0
389,5,A5_Q4,0,2,38.41705961902114,0.9766827149800958,0
390,1,A1_Q1,1,1,29.68520718290667,0.0,4
390,1,A1_Q2,1,1,29.075099484869376,0.0,4
390,1,A1_Q3,1,1,36.42164684988229,0.0,4
390,1,A1_Q4,1,1,23.22872089182126,0.0,4
390,2,A2_Q1,1,1,24.673186930856296,0.0,4
390,2,A2_Q2,1,1,13.73615125495477,0.0,4
390,2,A2_Q3,1,1,27.13010082539919,0.0,4
390,2,A2_Q4,1,1,29.558642238318424,0.0,4
390,3,A3_Q1,1,1,33.367160309680635,0.0,4
390,3,A3_Q2,1,1,17.45762465322604,0.0,4
390,3,A3_Q3,1,1,30.396976451815853,0.0,4
390,3,A3_Q4,1,1,36.249630727935845,0.0,4
390,4,A4_Q1,0,2,15.4130400736836,0.1,4
390,4,A4_Q2,1,1,15.994776089692877,0.0,4
390,4,A4_Q3,1,1,44.980502845365955,0.0,4
390,4,A4_Q4,1,1,31.757536516880855,0.0,4
390,5,A5_Q1,0,2,26.67672678368521,0.1,4
390,5,A5_Q2,1,1,28.17591299264081,0.0,4
390,5,A5_Q3,1,1,16.210812901260333,0.0,4
390,5,A5_Q4,0,2,23.067078511241867,0.1,4
391,1,A1_Q1,0,2,35.23787706031844,0.2,3
391,1,A1_Q2,1,1,24.942067717973558,0.0,3
391,1,A1_Q3,0,2,31.689320857712143,0.2,3
391,1,A1_Q4,1,1,27.862677514784373,0.0,3
391,2,A2_Q1,0,2,62.38717816962063,0.2,3
391,2,A2_Q2,1,1,16.162472287945775,0.0,3
391,2,A2_Q3,1,1,33.54256031608282,0.0,3
391,2,A2_Q4,0,2,57.08147561265051,0.2,3
391,3,A3_Q1,0,2,53.793172914887634,0.2,3
391,3,A3_Q2,1,1,23.604182658807513,0.0,3
391,3,A3_Q3,1,1,41.37680686672443,0.0,3
391,3,A3_Q4,1,1,38.34020711472209,0.0,3
391,4,A4_Q1,0,2,47.443001299379766,0.2,3
391,4,A4_Q2,0,2,53.91932868027583,0.2,3
391,4,A4_Q3,1,1,27.136426475750174,0.0,3
391,4,A4_Q4,0,2,45.36254211746358,0.2,3
391,5,A5_Q1,0,2,59.83217593102927,0.2,3
391,5,A5_Q2,1,1,5.493825943058972,0.0,3
391,5,A5_Q3,0,2,54.20235707698435,0.2,3
391,5,A5_Q4,1,1,27.93350737906644,0.0,3
392,1,A1_Q1,1,1,29.959234137151345,0.0,3
392,1,A1_Q2,1,1,20.059170055014288,0.0,3
392,1,A1_Q3,0,2,51.263860331002924,0.2,3
392,1,A1_Q4,1,1,24.664410522489096,0.0,3
392,2,A2_Q1,0,2,35.66578733289733,0.2,3
392,2,A2_Q2,0,2,53.810201840556516,0.2,3
392,2,A2_Q3,0,2,51.273726701874224,0.2,3
392,2,A2_Q4,1,1,22.320668534029522,0.0,3
392,3,A3_Q1,1,1,30.443215186667867,0.0,3
392,3,A3_Q2,0,2,53.75214975163386,0.2,3
392,3,A3_Q3,1,1,36.3858466605855,0.0,3
392,3,A3_Q4,0,2,49.76584146983393,0.2,3
392,4,A4_Q1,1,1,39.07342946061017,0.0,3
392,4,A4_Q2,1,1,34.32648034628985,0.0,3
392,4,A4_Q3,1,1,26.49136027234544,0.0,3
392,4,A4_Q4,1,1,12.704562026332372,0.0,3
392,5,A5_Q1,0,2,35.189212176070846,0.2,3
392,5,A5_Q2,0,2,59.55674857458357,0.2,3
392,5,A5_Q3,1,1,22.986718998618368,0.0,3
392,5,A5_Q4,1,1,19.37728730654986,0.0,3
393,1,A1_Q1,1,1,50.17488518597287,0.0,3
393,1,A1_Q2,0,2,49.43099135018467,0.2,3
393,1,A1_Q3,0,2,51.94692433688415,0.2,3
393,1,A1_Q4,1,1,24.705816943790786,0.0,3
393,2,A2_Q1,1,1,21.646978444167424,0.0,3
393,2,A2_Q2,0,2,45.253758049445835,0.2,3
393,2,A2_Q3,1,1,28.404711534937533,0.0,3
393,2,A2_Q4,0,2,47.56211710127682,0.2,3
393,3,A3_Q1,0,2,27.126037825153745,0.2,3
393,3,A3_Q2,1,1,38.22062656136931,0.0,3
393,3,A3_Q3,1,1,44.33475719265733,0.0,3
393,3,A3_Q4,0,2,36.49520615177003,0.2,3
393,4,A4_Q1,0,2,51.95672327287113,0.2,3
393,4,A4_Q2,1,1,21.394032508238972,0.0,3
393,4,A4_Q3,0,2,52.132552061063905,0.2,3
393,4,A4_Q4,0,2,46.747107166567034,0.2,3
393,5,A5_Q1,1,1,19.272216739048357,0.0,3
393,5,A5_Q2,0,2,43.43793444829426,0.2,3
393,5,A5_Q3,1,1,31.771818294341628,0.0,3
393,5,A5_Q4,1,1,19.98974096738349,0.0,3
394,1,A1_Q1,0,2,52.33907881864624,0.2,3
394,1,A1_Q2,0,2,38.239327666303794,0.2,3
394,1,A1_Q3,1,1,24.235066630715096,0.0,3
394,1,A1_Q4,0,2,43.07084628908617,0.2,3
394,2,A2_Q1,1,1,27.20476503296051,0.0,3
394,2,A2_Q2,0,2,47.999812027625765,0.2,3
394,2,A2_Q3,0,2,44.49120348356019,0.2,3
394,2,A2_Q4,0,2,45.41106484080119,0.2,3
394,3,A3_Q1,1,1,21.21015469272715,0.0,3
394,3,A3_Q2,0,2,57.70812229656913,0.2,3
394,3,A3_Q3,0,2,55.51751699959377,0.2,3
394,3,A3_Q4,1,1,37.62510580763997,0.0,3
394,4,A4_Q1,1,1,24.206594304241843,0.0,3
394,4,A4_Q2,1,1,22.982726534041127,0.0,3
394,4,A4_Q3,1,1,26.767430469513926,0.0,3
394,4,A4_Q4,1,1,30.13872072175976,0.0,3
394,5,A5_Q1,0,2,42.85942229367983,0.2,3
394,5,A5_Q2,0,2,43.530945749613245,0.2,3
394,5,A5_Q3,1,1,23.645022591998575,0.0,3
394,5,A5_Q4,0,2,30.86822158134199,0.2,3
395,1,A1_Q1,1,1,34.41012409377707,0.0,3
395,1,A1_Q2,1,1,25.99277654790552,0.0,3
395,1,A1_Q3,0,2,58.172732063477454,0.2,3
395,1,A1_Q4,1,1,26.459120654150457,0.0,3
395,2,A2_Q1,0,2,45.332391184212284,0.2,3
395,2,A2_Q2,0,2,40.08266043185307,0.2,3
395,2,A2_Q3,0,2,34.22955230719155,0.2,3
395,2,A2_Q4,0,2,50.71741385799621,0.2,3
395,3,A3_Q1,1,1,13.557927219652452,0.0,3
395,3,A3_Q2,1,1,46.088579889629905,0.0,3
395,3,A3_Q3,1,1,3.3913692042678143,0.0,3
395,3,A3_Q4,0,2,53.354635924176456,0.2,3
395,4,A4_Q1,0,2,36.5765074894051,0.2,3
395,4,A4_Q2,1,1,24.85027049611074,0.0,3
395,4,A4_Q3,0,2,56.08154239305418,0.2,3
395,4,A4_Q4,1,1,17.110834380766654,0.0,3
395,5,A5_Q1,1,1,22.160040702659916,0.0,3
395,5,A5_Q2,0,2,73.31550351399551,0.2,3
395,5,A5_Q3,1,1,25.291264265276375,0.0,3
395,5,A5_Q4,1,1,28.468954362014475,0.0,3
396,1,A1_Q1,1,1,18.97111760772755,0.0,2
396,1,A1_Q2,1,1,14.4164355527948,0.0,2
396,1,A1_Q3,0,3,60.19327937158752,0.507736386717745,2
396,1,A1_Q4,0,3,36.6249176295697,0.4290024334792571,2
396,2,A2_Q1,1,1,15.938575580170989,0.0,2
396,2,A2_Q2,1,1,42.653786409860054,0.0,2
396,2,A2_Q3,0,2,42.113670210134416,0.5491667968521157,2
396,2,A2_Q4,0,2,45.781611794050434,0.4053808307699268,2
396,3,A3_Q1,1,1,39.15853058314083,0.0,2
396,3,A3_Q2,1,1,40.06378274803781,0.0,2
396,3,A3_Q3,0,3,29.209753141986077,0.591542889742118,2
396,3,A3_Q4,0,2,41.058068042686855,0.5353551903582728,2
396,4,A4_Q1,1,1,45.548402404262575,0.0,2
396,4,A4_Q2,1,1,13.48869526368912,0.0,2
396,4,A4_Q3,0,3,35.651613007971456,0.49269923565979484,2
396,4,A4_Q4,0,3,60.64264015671989,0.4207654172022239,2
396,5,A5_Q1,1,1,31.475672945548943,0.0,2
396,5,A5_Q2,1,1,21.262171128916762,0.0,2
396,5,A5_Q3,0,2,71.378304987266,0.4754086273709032,2
396,5,A5_Q4,0,2,54.748238980218794,0.5012752649170601,2
397,1,A1_Q1,1,1,19.95890592793881,0.0,3
397,1,A1_Q2,1,1,31.707834884889227,0.0,3
397,1,A1_Q3,1,1,27.79126246869602,0.0,3
397,1,A1_Q4,0,2,41.23854465753439,0.2,3
397,2,A2_Q1,0,2,29.584924050833322,0.2,3
397,2,A2_Q2,1,1,25.125264772649416,0.0,3
397,2,A2_Q3,0,2,26.808122769572503,0.2,3
397,2,A2_Q4,1,1,30.873462266418738,0.0,3
397,3,A3_Q1,1,1,43.91815163707729,0.0,3
397,3,A3_Q2,1,1,34.2462407018554,0.0,3
397,3,A3_Q3,1,1,15.924713838683264,0.0,3
397,3,A3_Q4,1,1,19.434897081278965,0.0,3
397,4,A4_Q1,1,1,36.71511350723329,0.0,3
397,4,A4_Q2,1,1,29.098537111122074,0.0,3
397,4,A4_Q3,1,1,25.449453679995855,0.0,3
397,4,A4_Q4,1,1,33.43449365967147,0.0,3
397,5,A5_Q1,0,2,48.92540008799896,0.2,3
397,5,A5_Q2,1,1,27.12955827740051,0.0,3
397,5,A5_Q3,0,2,40.810472430037194,0.2,3
397,5,A5_Q4,0,2,39.79512055593983,0.2,3
398,1,A1_Q1,1,1,42.41895313222415,0.0,2
398,1,A1_Q2,1,1,12.447800255990458,0.0,2
398,1,A1_Q3,0,2,54.28927471810371,0.5453353448440605,2
398,1,A1_Q4,0,3,59.056227866101416,0.42231101579284025,2
398,2,A2_Q1,1,1,34.183644931773536,0.0,2
398,2,A2_Q2,1,1,26.669970280136905,0.0,2
398,2,A2_Q3,0,3,65.77062782116303,0.458807257682222,2
398,2,A2_Q4,0,3,40.899825085577234,0.46958030810956836,2
398,3,A3_Q1,1,1,40.868180300688906,0.0,2
398,3,A3_Q2,1,1,51.54227408105352,0.0,2
398,3,A3_Q3,0,2,49.72717851825196,0.45106272721987206,2
398,3,A3_Q4,0,2,40.42207540643519,0.5778829579842735,2
398,4,A4_Q1,1,1,14.256366426764284,0.0,2
398,4,A4_Q2,1,1,34.81741032587626,0.0,2
398,4,A4_Q3,0,2,50.26162505810891,0.43125424176485266,2
398,4,A4_Q4,0,2,58.24507948069369,0.5340389217411017,2
398,5,A5_Q1,1,1,33.76656592107279,0.0,2
398,5,A5_Q2,1,1,34.67851169320016,0.0,2
398,5,A5_Q3,0,3,28.717334737890425,0.5187719546132374,2
398,5,A5_Q4,0,3,34.702605300206,0.43177580283908085,2
399,1,A1_Q1,0,2,33.27304150112752,0.2,3
399,1,A1_Q2,0,2,45.9705098582278,0.2,3
399,1,A1_Q3,1,1,31.592670225658033,0.0,3
399,1,A1_Q4,1,1,4.844528744034335,0.0,3
399,2,A2_Q1,1,1,18.00292711877817,0.0,3
399,2,A2_Q2,1,1,28.59601464952797,0.0,3
399,2,A2_Q3,1,1,29.82837539294189,0.0,3
399,2,A2_Q4,1,1,19.543020966604534,0.0,3
399,3,A3_Q1,1,1,25.157971247638198,0.0,3
399,3,A3_Q2,1,1,33.60052802159852,0.0,3
399,3,A3_Q3,0,2,49.571496048613625,0.2,3
399,3,A3_Q4,1,1,15.487109201981129,0.0,3
399,4,A4_Q1,1,1,28.97448878512599,0.0,3
399,4,A4_Q2,1,1,30.925525384867832,0.0,3
399,4,A4_Q3,0,2,33.70261404513464,0.2,3
399,4,A4_Q4,1,1,48.644496019744714,0.0,3
399,5,A5_Q1,0,2,43.30734333811504,0.2,3
399,5,A5_Q2,0,2,42.563827260531006,0.2,3
399,5,A5_Q3,0,2,37.6358411182904,0.2,3
399,5,A5_Q4,1,1,38.82209288629335,0.0,3
400,1,A1_Q1,1,1,27.67397968275935,0.0,0
400,1,A1_Q2,1,1,27.026767882454187,0.0,0
400,1,A1_Q3,0,2,61.588033964791435,0.8599480749018678,0
400,1,A1_Q4,0,4,30.619414549598567,0.8548183516559085,0
400,2,A2_Q1,0,3,50.264049334911626,0.7347699157728261,0
400,2,A2_Q2,1,1,16.033332643129743,0.0,0
400,2,A2_Q3,0,4,38.33337572264991,0.9426472231270011,0
400,2,A2_Q4,0,4,27.247499035472124,0.7310644518213948,0
400,3,A3_Q1,0,4,33.4967924188691,0.7501854217880236,0
400,3,A3_Q2,0,2,47.2598419695996,0.8651841123233825,0
400,3,A3_Q3,1,1,34.623458158727736,0.0,0
400,3,A3_Q4,0,3,23.135388905179695,0.7163208384032796,0
400,4,A4_Q1,0,2,42.22886608520561,0.8101176065052909,0
400,4,A4_Q2,0,3,44.09835412833159,0.9506217636649187,0
400,4,A4_Q3,1,1,47.82176215668243,0.0,0
400,4,A4_Q4,0,2,29.729943322775558,0.8317239959013367,0
400,5,A5_Q1,1,1,19.667043693399737,0.0,0
400,5,A5_Q2,1,1,27.45610128345409,0.0,0
400,5,A5_Q3,0,4,23.454111038034785,0.8941428037990328,0
400,5,A5_Q4,0,3,53.033898434267584,0.9105753680395801,0
401,1,A1_Q1,1,1,25.05603931917235,0.0,4
401,1,A1_Q2,1,1,37.396687899282306,0.0,4
401,1,A1_Q3,0,2,16.862409520431626,0.1,4
401,1,A1_Q4,1,1,36.00854322356089,0.0,4
401,2,A2_Q1,1,1,22.534399494408923,0.0,4
401,2,A2_Q2,1,1,36.658578572847276,0.0,4
401,2,A2_Q3,1,1,31.947322528016112,0.0,4
401,2,A2_Q4,1,1,19.20582298089016,0.0,4
401,3,A3_Q1,1,1,33.597899622843876,0.0,4
401,3,A3_Q2,1,1,30.31992076014546,0.0,4
401,3,A3_Q3,1,1,27.58688545486409,0.0,4
401,3,A3_Q4,1,1,29.30456195575009,0.0,4
401,4,A4_Q1,0,2,14.241976894867147,0.1,4
401,4,A4_Q2,0,2,19.816875464710204,0.1,4
401,4,A4_Q3,1,1,45.67323692698477,0.0,4
401,4,A4_Q4,1,1,27.152972094697095,0.0,4
401,5,A5_Q1,0,2,20.68608862011092,0.1,4
401,5,A5_Q2,1,1,42.92873101930983,0.0,4
401,5,A5_Q3,0,2,25.484594316632005,0.1,4
401,5,A5_Q4,1,1,34.45841029537453,0.0,4
402,1,A1_Q1,1,1,43.67396813809865,0.0,3
402,1,A1_Q2,0,2,60.75245606769096,0.2,3
402,1,A1_Q3,1,1,31.82957663392723,0.0,3
402,1,A1_Q4,0,2,66.93925151804444,0.2,3
402,2,A2_Q1,0,2,47.3955462139636,0.2,3
402,2,A2_Q2,1,1,35.89283432957596,0.0,3
402,2,A2_Q3,0,2,48.75782133684774,0.2,3
402,2,A2_Q4,0,2,36.81129680438599,0.2,3
402,3,A3_Q1,0,2,48.580488388565705,0.2,3
402,3,A3_Q2,1,1,16.58277756643686,0.0,3
402,3,A3_Q3,1,1,36.94550104003645,0.0,3
402,3,A3_Q4,0,2,81.874668014983,0.2,3
402,4,A4_Q1,1,1,31.8216095444462,0.0,3
402,4,A4_Q2,1,1,6.979878198648013,0.0,3
402,4,A4_Q3,0,2,35.596678124904315,0.2,3
402,4,A4_Q4,1,1,34.408798982374826,0.0,3
402,5,A5_Q1,1,1,27.224749888600904,0.0,3
402,5,A5_Q2,1,1,44.21438174852506,0.0,3
402,5,A5_Q3,1,1,26.18999771931945,0.0,3
402,5,A5_Q4,0,2,46.69329110663876,0.2,3
403,1,A1_Q1,1,1,23.03185759576332,0.0,2
403,1,A1_Q2,1,1,36.89679057512225,0.0,2
403,1,A1_Q3,0,3,23.963845305393072,0.5667576662597283,2
403,1,A1_Q4,0,2,74.48011245167216,0.5366681506563448,2
403,2,A2_Q1,1,1,24.14505536843512,0.0,2
403,2,A2_Q2,1,1,31.092778352115744,0.0,2
403,2,A2_Q3,0,3,46.2478171071144,0.4581560369866107,2
403,2,A2_Q4,0,3,70.03810317663262,0.45336298453366475,2
403,3,A3_Q1,1,1,36.18041112522364,0.0,2
403,3,A3_Q2,1,1,28.08883678147673,0.0,2
403,3,A3_Q3,0,2,65.43738625484686,0.40287975450656394,2
403,3,A3_Q4,0,2,53.225979814724525,0.4034249079646695,2
403,4,A4_Q1,1,1,22.325957496850556,0.0,2
403,4,A4_Q2,1,1,10.111945063066418,0.0,2
403,4,A4_Q3,0,2,52.014064280679555,0.5241515683566788,2
403,4,A4_Q4,0,3,53.48527569842529,0.48713972810985434,2
403,5,A5_Q1,1,1,29.658913344319064,0.0,2
403,5,A5_Q2,1,1,42.28539790356901,0.0,2
403,5,A5_Q3,0,3,23.06782746221188,0.5257698090234555,2
403,5,A5_Q4,0,3,30.303922237352563,0.5931888408266867,2
404,1,A1_Q1,1,1,25.58577276589157,0.0,0
404,1,A1_Q2,0,4,41.40318189079219,0.7192077799429036,0
404,1,A1_Q3,0,4,50.48053589805351,0.974307738955616,0
404,1,A1_Q4,1,1,27.14576479044784,0.0,0
404,2,A2_Q1,1,1,24.810429173565225,0.0,0
404,2,A2_Q2,1,1,33.75087571733847,0.0,0
404,2,A2_Q3,0,3,49.38757986303565,0.8858949044554945,0
404,2,A2_Q4,0,4,24.190179970694523,0.7750240189347244,0
404,3,A3_Q1,0,2,60.61084826739972,0.8945996417387924,0
404,3,A3_Q2,0,4,53.04800240285772,0.7387130088626479,0
404,3,A3_Q3,1,1,26.42108617445695,0.0,0
404,3,A3_Q4,0,2,16.036636307291705,0.9345951560730128,0
404,4,A4_Q1,0,4,43.610899141851704,0.8268413891471335,0
404,4,A4_Q2,1,1,34.075987647806464,0.0,0
404,4,A4_Q3,0,3,36.47190417319674,0.7913965440686446,0
404,4,A4_Q4,0,2,7.664713605769279,0.9740920260370167,0
404,5,A5_Q1,1,1,20.950797431815175,0.0,0
404,5,A5_Q2,0,4,55.64364093377337,0.7364151826291777,0
404,5,A5_Q3,0,4,18.429952428159737,0.8509963777736163,0
404,5,A5_Q4,1,1,26.1603979796516,0.0,0
405,1,A1_Q1,1,2,10.620274459841978,0.059807840873407424,1
405,1,A1_Q2,1,2,8.423143481177767,0.1792659857685881,1
405,1,A1_Q3,0,5,10.526287903695307,0.10057437027936754,1
405,1,A1_Q4,0,3,7.535330649322553,0.1971797556393994,1
405,2,A2_Q1,1,1,7.332956934891447,0.09636040460791952,1
405,2,A2_Q2,0,3,11.018388077465142,0.12473330459151408,1
405,2,A2_Q3,0,5,8.868364846577409,0.17954378634501567,1
405,2,A2_Q4,0,4,8.799501798800934,0.05042104950536832,1
405,3,A3_Q1,1,2,1.0,0.21521126801120694,1
405,3,A3_Q2,1,1,5.132047841673842,0.11349147389504416,1
405,3,A3_Q3,0,5,7.539672898053459,0.13189372542742117,1
405,3,A3_Q4,1,1,9.542618789025774,0.06548329788956682,1
405,4,A4_Q1,0,5,9.936154015270644,0.0009332632869728407,1
405,4,A4_Q2,0,3,9.753807516178426,0.20211945096845543,1
405,4,A4_Q3,0,4,9.568679628287171,0.1436900735037439,1
405,4,A4_Q4,0,3,6.590915287041441,0.011933859551007842,1
405,5,A5_Q1,1,2,5.190505059851716,0.018561528267524517,1
405,5,A5_Q2,0,4,10.146990989761544,0.05845072746018598,1
405,5,A5_Q3,0,4,7.9868541699403615,0.10616440540617915,1
405,5,A5_Q4,1,1,5.562564402348843,0.24684335056086848,1
406,1,A1_Q1,1,1,35.84530585647421,0.0,4
406,1,A1_Q2,1,1,39.78821706777664,0.0,4
406,1,A1_Q3,1,1,43.13887815914492,0.0,4
406,1,A1_Q4,1,1,33.271749844073206,0.0,4
406,2,A2_Q1,0,2,25.499644238715945,0.1,4
406,2,A2_Q2,1,1,34.823222496438355,0.0,4
406,2,A2_Q3,1,1,18.618253758487313,0.0,4
406,2,A2_Q4,1,1,37.30853827566904,0.0,4
406,3,A3_Q1,1,1,24.65314492645244,0.0,4
406,3,A3_Q2,1,1,42.23209228221128,0.0,4
406,3,A3_Q3,1,1,30.193660113961172,0.0,4
406,3,A3_Q4,1,1,29.70812424623206,0.0,4
406,4,A4_Q1,1,1,36.59753948031455,0.0,4
406,4,A4_Q2,1,1,31.748015027295047,0.0,4
406,4,A4_Q3,1,1,35.346329075452275,0.0,4
406,4,A4_Q4,1,1,33.78379258745251,0.0,4
406,5,A5_Q1,1,1,19.530293646998675,0.0,4
406,5,A5_Q2,1,1,32.407755609949696,0.0,4
406,5,A5_Q3,1,1,32.03522805421731,0.0,4
406,5,A5_Q4,1,1,20.180394161105262,0.0,4
407,1,A1_Q1,0,2,22.757867694099126,0.1,4
407,1,A1_Q2,1,1,27.019395392858,0.0,4
407,1,A1_Q3,1,1,29.455559090519753,0.0,4
407,1,A1_Q4,1,1,33.68643140449747,0.0,4
407,2,A2_Q1,1,1,23.08558624608544,0.0,4
407,2,A2_Q2,0,2,21.099934841407542,0.1,4
407,2,A2_Q3,1,1,19.419382827094825,0.0,4
407,2,A2_Q4,1,1,24.560602330284063,0.0,4
407,3,A3_Q1,1,1,51.26441827526385,0.0,4
407,3,A3_Q2,1,1,28.798016564125636,0.0,4
407,3,A3_Q3,1,1,29.078259199466963,0.0,4
407,3,A3_Q4,1,1,22.263490881322756,0.0,4
407,4,A4_Q1,1,1,40.549007175973635,0.0,4
407,4,A4_Q2,1,1,54.449813006664016,0.0,4
407,4,A4_Q3,1,1,22.287707055489825,0.0,4
407,4,A4_Q4,1,1,41.25727429373568,0.0,4
407,5,A5_Q1,0,2,24.762573792979488,0.1,4
407,5,A5_Q2,1,1,19.244383027387983,0.0,4
407,5,A5_Q3,1,1,43.12760659006042,0.0,4
407,5,A5_Q4,1,1,28.410993819981236,0.0,4
408,1,A1_Q1,0,3,6.828847701769125,0.1595956486432637,1
408,1,A1_Q2,1,2,7.806345519966683,0.19079455533876014,1
408,1,A1_Q3,0,4,4.472060588698673,0.18763259904180338,1
408,1,A1_Q4,0,4,11.277715665933538,0.08109848092961518,1
408,2,A2_Q1,0,5,7.4164057574143545,0.04498239668275037,1
408,2,A2_Q2,0,3,5.417416233461745,0.10636963773420029,1
408,2,A2_Q3,0,3,11.545689358315808,0.22821856411667407,1
408,2,A2_Q4,0,5,6.805151975142639,0.16431367178847814,1
408,3,A3_Q1,0,4,12.975908232849745,0.2885033384096112,1
408,3,A3_Q2,0,4,5.07867011314444,0.28575929157239827,1
408,3,A3_Q3,0,5,6.751535608661149,0.254133967047276,1
408,3,A3_Q4,1,2,6.948021839368178,0.09405610824304846,1
408,4,A4_Q1,0,5,12.515965178058455,0.2480761097170571,1
408,4,A4_Q2,1,1,1.8821193443311586,0.25108153583197274,1
408,4,A4_Q3,1,2,5.756199134366188,0.10504990705730928,1
408,4,A4_Q4,0,3,4.598455902086535,0.2448196359696495,1
408,5,A5_Q1,0,5,6.302560635147617,0.20973882478903058,1
408,5,A5_Q2,1,2,7.672939125028804,0.022846015658797614,1
408,5,A5_Q3,1,1,5.329416280332971,0.06423252351839877,1
408,5,A5_Q4,0,4,8.27463822198621,0.1403967369765672,1
409,1,A1_Q1,1,1,22.51046968692475,0.0,2
409,1,A1_Q2,1,1,40.11180826787907,0.0,2
409,1,A1_Q3,0,2,70.52587456262064,0.5305039314017027,2
409,1,A1_Q4,0,2,86.0992504616271,0.5959961612750173,2
409,2,A2_Q1,1,1,27.836201618217657,0.0,2
409,2,A2_Q2,1,1,51.98837038261284,0.0,2
409,2,A2_Q3,0,3,16.487888176865198,0.4264424913036553,2
409,2,A2_Q4,0,3,49.94528887817773,0.4582174529988461,2
409,3,A3_Q1,1,1,26.05400533260886,0.0,2
409,3,A3_Q2,1,1,36.51187118902724,0.0,2
409,3,A3_Q3,0,2,48.14972605128721,0.4741206024300023,2
409,3,A3_Q4,0,2,35.329325107062616,0.5572216595516475,2
409,4,A4_Q1,1,1,27.618937575093348,0.0,2
409,4,A4_Q2,1,1,41.709327861203604,0.0,2
409,4,A4_Q3,0,2,70.08129662998263,0.5753485021022743,2
409,4,A4_Q4,0,2,40.731341720384066,0.4260163143783635,2
409,5,A5_Q1,1,1,16.777285214088238,0.0,2
409,5,A5_Q2,1,1,31.758772619191344,0.0,2
409,5,A5_Q3,0,2,72.61497951087514,0.4240048103545821,2
409,5,A5_Q4,0,2,48.43369779407664,0.5336930510337795,2
410,1,A1_Q1,0,2,23.03565002438591,0.1,4
410,1,A1_Q2,1,1,25.00393155568518,0.0,4
410,1,A1_Q3,1,1,20.952153747193385,0.0,4
410,1,A1_Q4,0,2,17.194284168905707,0.1,4
410,2,A2_Q1,1,1,19.564332602167113,0.0,4
410,2,A2_Q2,0,2,18.205985771180156,0.1,4
410,2,A2_Q3,1,1,23.631564360658878,0.0,4
410,2,A2_Q4,1,1,27.28371616820981,0.0,4
410,3,A3_Q1,1,1,26.069855668614125,0.0,4
410,3,A3_Q2,1,1,12.133247146596208,0.0,4
410,3,A3_Q3,1,1,24.620875245032725,0.0,4
410,3,A3_Q4,1,1,18.52452715112029,0.0,4
410,4,A4_Q1,1,1,25.508171125252197,0.0,4
410,4,A4_Q2,1,1,14.501191488957652,0.0,4
410,4,A4_Q3,1,1,38.13200216887167,0.0,4
410,4,A4_Q4,1,1,34.41022816821525,0.0,4
410,5,A5_Q1,1,1,30.112227636732914,0.0,4
410,5,A5_Q2,1,1,3.5937741487729085,0.0,4
410,5,A5_Q3,1,1,43.84848781348608,0.0,4
410,5,A5_Q4,1,1,15.432172962508929,0.0,4
411,1,A1_Q1,1,1,22.745851954911494,0.0,0
411,1,A1_Q2,0,4,46.83491411441171,0.8781718780676794,0
411,1,A1_Q3,1,1,23.46577621251765,0.0,0
411,1,A1_Q4,0,2,53.06926452828338,0.7495071626429856,0
411,2,A2_Q1,0,3,66.28847830911704,0.711730730602673,0
411,2,A2_Q2,0,2,25.115954303080077,0.7011323889466369,0
411,2,A2_Q3,0,2,19.598451428177313,0.8479634318715967,0
411,2,A2_Q4,0,2,62.2862640949456,0.8704118507610268,0
411,3,A3_Q1,1,1,33.36338561665531,0.0,0
411,3,A3_Q2,0,3,23.338956234774994,0.9810042610773961,0
411,3,A3_Q3,1,1,42.69209085029325,0.0,0
411,3,A3_Q4,0,3,41.419681096456095,0.9451138763209509,0
411,4,A4_Q1,0,4,20.98569715446186,0.7565384237954397,0
411,4,A4_Q2,0,2,44.14408147662513,0.7816115969744687,0
411,4,A4_Q3,1,1,25.977718129902335,0.0,0
411,4,A4_Q4,0,3,28.37353909306926,0.8478086744502848,0
411,5,A5_Q1,0,2,50.043815363472675,0.9561289012374561,0
411,5,A5_Q2,1,1,17.071907100718377,0.0,0
411,5,A5_Q3,0,3,41.74677966561024,0.9737136490096145,0
411,5,A5_Q4,1,1,37.539917300711075,0.0,0
412,1,A1_Q1,1,1,44.2478532898863,0.0,4
412,1,A1_Q2,1,1,21.25896531846726,0.0,4
412,1,A1_Q3,0,2,26.340576022181523,0.1,4
412,1,A1_Q4,0,2,18.00347555719337,0.1,4
412,2,A2_Q1,1,1,46.015489278058055,0.0,4
412,2,A2_Q2,1,1,30.38648846426331,0.0,4
412,2,A2_Q3,1,1,14.530606235930982,0.0,4
412,2,A2_Q4,0,2,14.861706511776724,0.1,4
412,3,A3_Q1,1,1,26.93023249863141,0.0,4
412,3,A3_Q2,1,1,41.27438382396173,0.0,4
412,3,A3_Q3,1,1,37.893000737595145,0.0,4
412,3,A3_Q4,1,1,24.374985338346544,0.0,4
412,4,A4_Q1,1,1,19.902086542896242,0.0,4
412,4,A4_Q2,1,1,35.549307680442595,0.0,4
412,4,A4_Q3,0,2,26.353423605934072,0.1,4
412,4,A4_Q4,1,1,3.377263831770044,0.0,4
412,5,A5_Q1,1,1,21.312160523194173,0.0,4
412,5,A5_Q2,1,1,33.065823167243934,0.0,4
412,5,A5_Q3,1,1,27.012491658181638,0.0,4
412,5,A5_Q4,1,1,39.58310416525673,0.0,4
413,1,A1_Q1,1,1,32.45582290485782,0.0,4
413,1,A1_Q2,1,1,36.560435672029605,0.0,4
413,1,A1_Q3,0,2,26.228625388014986,0.1,4
413,1,A1_Q4,0,2,20.39445568881571,0.1,4
413,2,A2_Q1,1,1,36.756578710866236,0.0,4
413,2,A2_Q2,1,1,42.431035778482936,0.0,4
413,2,A2_Q3,0,2,16.116439545702946,0.1,4
413,2,A2_Q4,1,1,19.30090856833791,0.0,4
413,3,A3_Q1,1,1,7.290347208723645,0.0,4
413,3,A3_Q2,1,1,16.09219396566733,0.0,4
413,3,A3_Q3,1,1,22.546184158391398,0.0,4
413,3,A3_Q4,0,2,20.133492045179285,0.1,4
413,4,A4_Q1,1,1,34.036092126290775,0.0,4
413,4,A4_Q2,1,1,26.407209650462846,0.0,4
413,4,A4_Q3,1,1,12.777714392868056,0.0,4
413,4,A4_Q4,1,1,31.168769699185663,0.0,4
413,5,A5_Q1,1,1,27.945706705067952,0.0,4
413,5,A5_Q2,1,1,38.653749705965645,0.0,4
413,5,A5_Q3,1,1,24.133059187873418,0.0,4
413,5,A5_Q4,1,1,36.77766566180804,0.0,4
414,1,A1_Q1,0,2,19.495793262277125,0.1,4
414,1,A1_Q2,1,1,23.998435049911727,0.0,4
414,1,A1_Q3,1,1,31.994909986240913,0.0,4
414,1,A1_Q4,1,1,35.56454502757143,0.0,4
414,2,A2_Q1,1,1,20.076898383640128,0.0,4
414,2,A2_Q2,1,1,14.587485759626551,0.0,4
414,2,A2_Q3,1,1,41.61521957519204,0.0,4
414,2,A2_Q4,0,2,19.792467029649533,0.1,4
414,3,A3_Q1,1,1,27.31302576967174,0.0,4
414,3,A3_Q2,1,1,20.438319397493306,0.0,4
414,3,A3_Q3,1,1,21.173211778394034,0.0,4
414,3,A3_Q4,1,1,19.197474384219213,0.0,4
414,4,A4_Q1,1,1,44.147453379682204,0.0,4
414,4,A4_Q2,1,1,17.285463005721823,0.0,4
414,4,A4_Q3,1,1,28.78069586418002,0.0,4
414,4,A4_Q4,1,1,33.849709813196974,0.0,4
414,5,A5_Q1,1,1,19.92969135147474,0.0,4
414,5,A5_Q2,0,2,19.885931529760384,0.1,4
414,5,A5_Q3,1,1,20.66406394053102,0.0,4
414,5,A5_Q4,1,1,38.30696394508142,0.0,4
415,1,A1_Q1,1,1,26.38523468461289,0.0,3
415,1,A1_Q2,0,2,48.00157976447048,0.2,3
415,1,A1_Q3,1,1,40.3317714136898,0.0,3
415,1,A1_Q4,0,2,52.23160112654953,0.2,3
415,2,A2_Q1,1,1,19.81335703391091,0.0,3
415,2,A2_Q2,1,1,23.920397937990465,0.0,3
415,2,A2_Q3,1,1,32.05781437772425,0.0,3
415,2,A2_Q4,0,2,44.373262374910425,0.2,3
415,3,A3_Q1,0,2,22.55110706041573,0.2,3
415,3,A3_Q2,1,1,27.580417884521836,0.0,3
415,3,A3_Q3,1,1,42.13772278630826,0.0,3
415,3,A3_Q4,0,2,45.94042790994359,0.2,3
415,4,A4_Q1,0,2,26.61730265602611,0.2,3
415,4,A4_Q2,0,2,59.91954941655716,0.2,3
415,4,A4_Q3,0,2,49.40479797387217,0.2,3
415,4,A4_Q4,1,1,36.761882715783464,0.0,3
415,5,A5_Q1,0,2,44.73197212920127,0.2,3
415,5,A5_Q2,1,1,17.96342374088077,0.0,3
415,5,A5_Q3,0,2,58.65832288789875,0.2,3
415,5,A5_Q4,0,2,56.29438050018736,0.2,3
416,1,A1_Q1,1,1,19.533455806747583,0.0,2
416,1,A1_Q2,1,1,38.97571960189746,0.0,2
416,1,A1_Q3,0,2,49.45512955346079,0.5715418505886471,2
416,1,A1_Q4,0,3,26.81239098768113,0.5634887572873832,2
416,2,A2_Q1,1,1,31.46779012728988,0.0,2
416,2,A2_Q2,1,1,34.944664883523735,0.0,2
416,2,A2_Q3,0,2,54.322655053961256,0.4594525438877513,2
416,2,A2_Q4,0,2,65.27045335809646,0.5654729742409219,2
416,3,A3_Q1,1,1,39.59875461284889,0.0,2
416,3,A3_Q2,1,1,32.978660058140576,0.0,2
416,3,A3_Q3,0,3,18.176597880720053,0.5881922526679777,2
416,3,A3_Q4,0,3,44.161733561224814,0.47286455143951994,2
416,4,A4_Q1,1,1,21.383467870957297,0.0,2
416,4,A4_Q2,1,1,49.639992359884346,0.0,2
416,4,A4_Q3,0,2,30.233869558360787,0.47299681363612817,2
416,4,A4_Q4,0,3,32.07830604239902,0.4282360997473134,2
416,5,A5_Q1,1,1,32.13862232828949,0.0,2
416,5,A5_Q2,1,1,26.19620694943202,0.0,2
416,5,A5_Q3,0,3,52.69968709040681,0.5275400356715776,2
416,5,A5_Q4,0,3,39.622202603625745,0.569893605197095,2
417,1,A1_Q1,0,2,27.161470874834098,0.2,3
417,1,A1_Q2,0,2,28.31604407284173,0.2,3
417,1,A1_Q3,1,1,29.53500306684524,0.0,3
417,1,A1_Q4,1,1,37.77731849086908,0.0,3
417,2,A2_Q1,0,2,56.600912960343976,0.2,3
417,2,A2_Q2,1,1,28.37566237365837,0.0,3
417,2,A2_Q3,0,2,52.76634407259081,0.2,3
417,2,A2_Q4,0,2,57.77021733378787,0.2,3
417,3,A3_Q1,0,2,28.675664555058688,0.2,3
417,3,A3_Q2,0,2,40.048371802637476,0.2,3
417,3,A3_Q3,0,2,51.80196554420481,0.2,3
417,3,A3_Q4,0,2,52.21056412241751,0.2,3
417,4,A4_Q1,0,2,56.70262774871117,0.2,3
417,4,A4_Q2,1,1,39.46773156415688,0.0,3
417,4,A4_Q3,1,1,20.596838999501088,0.0,3
417,4,A4_Q4,0,2,31.55039974523007,0.2,3
417,5,A5_Q1,1,1,55.88329310332874,0.0,3
417,5,A5_Q2,1,1,20.026654237583045,0.0,3
417,5,A5_Q3,0,2,42.86356760361901,0.2,3
417,5,A5_Q4,0,2,44.28315599029679,0.2,3
418,1,A1_Q1,1,2,2.840174244192764,0.1878250957123305,1
418,1,A1_Q2,0,4,10.398789130916168,0.24908869488088192,1
418,1,A1_Q3,0,4,4.214243069487074,0.16387083793426505,1
418,1,A1_Q4,0,5,6.708883882580288,0.16885856018440168,1
418,2,A2_Q1,0,4,13.368210692919575,0.09371059591195328,1
418,2,A2_Q2,0,3,10.450939755716146,0.19278682648440476,1
418,2,A2_Q3,0,5,10.810697582912319,0.15010836983213224,1
418,2,A2_Q4,0,4,7.211186440867867,0.12695245542991687,1
418,3,A3_Q1,1,2,13.043776279349522,0.29665769242021445,1
418,3,A3_Q2,1,1,10.684476879380647,0.044089752302562346,1
418,3,A3_Q3,1,2,9.259623868375304,0.20324496464019914,1
418,3,A3_Q4,1,2,11.7693527122331,0.18035127858204755,1
418,4,A4_Q1,0,5,8.211883486095024,0.16994200285283076,1
418,4,A4_Q2,1,2,10.184904231439862,0.1649517363452186,1
418,4,A4_Q3,0,4,6.8744788254933304,0.28420141361949386,1
418,4,A4_Q4,0,3,8.331425731685602,0.24114884916604398,1
418,5,A5_Q1,1,1,5.746119137936194,0.27017657036093645,1
418,5,A5_Q2,1,2,6.823880393908632,0.12440305559847653,1
418,5,A5_Q3,0,5,6.4486570207813045,0.2324226349538644,1
418,5,A5_Q4,0,4,5.401524900421785,0.010387613153523123,1
419,1,A1_Q1,1,1,35.43504280757644,0.0,4
419,1,A1_Q2,1,1,30.88792037425223,0.0,4
419,1,A1_Q3,1,1,4.05405616404984,0.0,4
419,1,A1_Q4,0,2,14.669430616337225,0.1,4
419,2,A2_Q1,1,1,35.27032873419718,0.0,4
419,2,A2_Q2,1,1,45.46342513940047,0.0,4
419,2,A2_Q3,1,1,48.14604722582225,0.0,4
419,2,A2_Q4,1,1,51.19924447507279,0.0,4
419,3,A3_Q1,1,1,23.584022826097907,0.0,4
419,3,A3_Q2,1,1,1.0,0.0,4
419,3,A3_Q3,0,2,16.704678991303474,0.1,4
419,3,A3_Q4,1,1,28.108797512467916,0.0,4
419,4,A4_Q1,1,1,35.007255806783235,0.0,4
419,4,A4_Q2,1,1,21.707765802940685,0.0,4
419,4,A4_Q3,1,1,29.275024501823644,0.0,4
419,4,A4_Q4,0,2,22.84596961762853,0.1,4
419,5,A5_Q1,0,2,18.963783197985812,0.1,4
419,5,A5_Q2,1,1,36.85429428408196,0.0,4
419,5,A5_Q3,1,1,22.256490129406924,0.0,4
419,5,A5_Q4,1,1,26.13837265092217,0.0,4
420,1,A1_Q1,0,5,9.68575282842503,0.07138100451641934,1
420,1,A1_Q2,0,3,10.314183304670948,0.11797837171991199,1
420,1,A1_Q3,1,2,6.124418755060983,0.210137482928931,1
420,1,A1_Q4,1,2,5.538317171291588,0.19980624854175214,1
420,2,A2_Q1,0,4,7.598046077483198,0.13713089779274804,1
420,2,A2_Q2,0,5,8.174491696916789,0.11966347954180183,1
420,2,A2_Q3,0,3,8.847715501710974,0.11012411207782848,1
420,2,A2_Q4,0,5,7.223933143835282,0.2128262648008053,1
420,3,A3_Q1,0,3,7.519329586833738,0.03803897945602025,1
420,3,A3_Q2,0,3,3.039471248285965,0.2955612644619909,1
420,3,A3_Q3,0,5,10.029741260416221,0.03948166484050477,1
420,3,A3_Q4,0,5,5.375476168300345,0.23572278393675677,1
420,4,A4_Q1,0,5,11.671797046598378,0.2999196252887017,1
420,4,A4_Q2,0,4,7.880538271654701,0.048185187959805705,1
420,4,A4_Q3,1,1,11.03311552043166,0.27186868114556145,1
420,4,A4_Q4,1,2,15.012235409231092,0.20799691775534854,1
420,5,A5_Q1,0,4,13.381871542148657,0.2705803275138615,1
420,5,A5_Q2,1,2,10.916156038771673,0.28983574620015995,1
420,5,A5_Q3,0,5,5.630394033406767,0.07383933351546759,1
420,5,A5_Q4,0,3,5.177886433157665,0.17399752711053515,1
421,1,A1_Q1,1,1,25.22296284025571,0.0,2
421,1,A1_Q2,1,1,33.47882531202234,0.0,2
421,1,A1_Q3,0,2,60.480700346897116,0.4283878048116523,2
421,1,A1_Q4,0,2,46.151937228486496,0.5485162446743262,2
421,2,A2_Q1,1,1,24.460359546392983,0.0,2
421,2,A2_Q2,1,1,22.017390711342628,0.0,2
421,2,A2_Q3,0,3,66.05931367615023,0.43619371264048173,2
421,2,A2_Q4,0,3,40.279519602763926,0.5321053779973233,2
421,3,A3_Q1,1,1,26.02087426381965,0.0,2
421,3,A3_Q2,1,1,17.661634137458044,0.0,2
421,3,A3_Q3,0,2,73.78782757225859,0.40985813413048894,2
421,3,A3_Q4,0,2,41.638802729930156,0.4290430282907032,2
421,4,A4_Q1,1,1,22.63389066492482,0.0,2
421,4,A4_Q2,1,1,29.58006148771399,0.0,2
421,4,A4_Q3,0,3,23.079854567733058,0.4374262865416361,2
421,4,A4_Q4,0,2,1.0,0.5821391592852757,2
421,5,A5_Q1,1,1,35.668169320620606,0.0,2
421,5,A5_Q2,1,1,17.507644804273674,0.0,2
421,5,A5_Q3,0,2,45.96000005882765,0.4610743180669282,2
421,5,A5_Q4,0,3,66.61913633302505,0.42026167336458287,2
422,1,A1_Q1,0,2,43.43417931795256,0.2,3
422,1,A1_Q2,1,1,36.933714922085805,0.0,3
422,1,A1_Q3,0,2,53.56721134464344,0.2,3
422,1,A1_Q4,1,1,34.37515271763252,0.0,3
422,2,A2_Q1,0,2,43.443220646630714,0.2,3
422,2,A2_Q2,0,2,22.55434918428008,0.2,3
422,2,A2_Q3,0,2,59.29181468077839,0.2,3
422,2,A2_Q4,0,2,44.20429931900364,0.2,3
422,3,A3_Q1,1,1,23.930582089686137,0.0,3
422,3,A3_Q2,0,2,52.00447568989398,0.2,3
422,3,A3_Q3,0,2,47.189868118302,0.2,3
422,3,A3_Q4,0,2,46.7685379510118,0.2,3
422,4,A4_Q1,1,1,17.281602339987483,0.0,3
422,4,A4_Q2,0,2,58.7505318302767,0.2,3
422,4,A4_Q3,1,1,22.049665220441458,0.0,3
422,4,A4_Q4,1,1,34.028091059703826,0.0,3
422,5,A5_Q1,0,2,43.55588159274267,0.2,3
422,5,A5_Q2,0,2,59.86731520333498,0.2,3
422,5,A5_Q3,1,1,31.21597651758268,0.0,3
422,5,A5_Q4,0,2,43.42128880461181,0.2,3
423,1,A1_Q1,1,1,26.97273010595131,0.0,2
423,1,A1_Q2,1,1,30.784345071975995,0.0,2
423,1,A1_Q3,0,3,42.1217954633995,0.4313697966122065,2
423,1,A1_Q4,0,2,33.18374396880435,0.5024335768335203,2
423,2,A2_Q1,1,1,29.291660924747447,0.0,2
423,2,A2_Q2,1,1,18.121920929155117,0.0,2
423,2,A2_Q3,0,2,74.1395827601841,0.5515482583374245,2
423,2,A2_Q4,0,3,45.4306188535531,0.5965429984134251,2
423,3,A3_Q1,1,1,37.01409194675297,0.0,2
423,3,A3_Q2,1,1,34.047041126604405,0.0,2
423,3,A3_Q3,0,2,39.7191170604129,0.5252935738163789,2
423,3,A3_Q4,0,3,76.56663612768705,0.5122077450446145,2
423,4,A4_Q1,1,1,33.47410477695102,0.0,2
423,4,A4_Q2,1,1,31.753323972684676,0.0,2
423,4,A4_Q3,0,3,62.33790556322219,0.4619520100018343,2
423,4,A4_Q4,0,2,66.42800605712218,0.5952718199262612,2
423,5,A5_Q1,1,1,16.14876609315395,0.0,2
423,5,A5_Q2,1,1,40.63955845045847,0.0,2
423,5,A5_Q3,0,2,70.54285090617236,0.46309060056895784,2
423,5,A5_Q4,0,2,42.75331083450274,0.5008669954993328,2
424,1,A1_Q1,0,2,52.281913517631054,0.2,3
424,1,A1_Q2,0,2,62.70710806622493,0.2,3
424,1,A1_Q3,0,2,56.69525128099512,0.2,3
424,1,A1_Q4,0,2,33.21298370105039,0.2,3
424,2,A2_Q1,1,1,32.43931135089154,0.0,3
424,2,A2_Q2,1,1,29.37314768264064,0.0,3
424,2,A2_Q3,0,2,49.67631275282686,0.2,3
424,2,A2_Q4,1,1,29.83069183260801,0.0,3
424,3,A3_Q1,0,2,56.44938901722853,0.2,3
424,3,A3_Q2,1,1,15.836347799568362,0.0,3
424,3,A3_Q3,1,1,30.141378102513944,0.0,3
424,3,A3_Q4,0,2,20.139539557871604,0.2,3
424,4,A4_Q1,0,2,44.2079273214973,0.2,3
424,4,A4_Q2,0,2,31.707710937300437,0.2,3
424,4,A4_Q3,0,2,48.194230755873036,0.2,3
424,4,A4_Q4,1,1,22.952135300810806,0.0,3
424,5,A5_Q1,1,1,35.24788397089378,0.0,3
424,5,A5_Q2,1,1,8.949626437504175,0.0,3
424,5,A5_Q3,0,2,48.81698281511135,0.2,3
424,5,A5_Q4,0,2,62.93502509531636,0.2,3
425,1,A1_Q1,0,4,3.235747654866878,0.06806890198686681,1
425,1,A1_Q2,0,4,5.962661153370686,0.20196105382243995,1
425,1,A1_Q3,0,5,8.904705585759093,0.09270708181685568,1
425,1,A1_Q4,1,2,9.586023004892933,0.11332355755767748,1
425,2,A2_Q1,0,5,10.023480383174016,0.2555165100006425,1
425,2,A2_Q2,0,5,6.419426576982232,0.03436861301881444,1
425,2,A2_Q3,0,5,13.71329399944602,0.22547123008619324,1
425,2,A2_Q4,0,4,4.561796173675015,0.18953868624143197,1
425,3,A3_Q1,1,2,7.625507222145415,0.17385554846667745,1
425,3,A3_Q2,1,2,8.611652215278962,0.12934188063481794,1
425,3,A3_Q3,1,1,5.921024268196677,0.14628370592192266,1
425,3,A3_Q4,0,5,6.348939236540536,0.12157389837191761,1
425,4,A4_Q1,0,3,7.172416392781339,0.07375923384073477,1
425,4,A4_Q2,1,1,6.0103374268498015,0.006553366374703273,1
425,4,A4_Q3,0,3,9.389841025371163,0.26077754124803887,1
425,4,A4_Q4,0,3,3.0757308644518835,0.024290771153049274,1
425,5,A5_Q1,0,3,10.630011605800933,0.28790317022077677,1
425,5,A5_Q2,1,2,11.626233240701254,0.025549730997092766,1
425,5,A5_Q3,0,5,5.189697702250969,0.20326239480672326,1
425,5,A5_Q4,0,5,8.56107414002889,0.0204784198575792,1
426,1,A1_Q1,1,1,28.820585308907603,0.0,3
426,1,A1_Q2,0,2,43.97928435189023,0.2,3
426,1,A1_Q3,1,1,48.59561189381052,0.0,3
426,1,A1_Q4,0,2,35.59377007252051,0.2,3
426,2,A2_Q1,1,1,21.14136844249597,0.0,3
426,2,A2_Q2,0,2,44.710434883175445,0.2,3
426,2,A2_Q3,1,1,30.415182392942555,0.0,3
426,2,A2_Q4,1,1,25.04000571770934,0.0,3
426,3,A3_Q1,1,1,42.20404067195929,0.0,3
426,3,A3_Q2,1,1,19.89827896105613,0.0,3
426,3,A3_Q3,0,2,49.54879004324441,0.2,3
426,3,A3_Q4,0,2,42.085850292680874,0.2,3
426,4,A4_Q1,0,2,30.909517801168796,0.2,3
426,4,A4_Q2,0,2,31.799466126398123,0.2,3
426,4,A4_Q3,0,2,45.7330984446664,0.2,3
426,4,A4_Q4,0,2,40.18371197032318,0.2,3
426,5,A5_Q1,0,2,40.122823118740264,0.2,3
426,5,A5_Q2,0,2,55.65492974487579,0.2,3
426,5,A5_Q3,1,1,20.264900320049534,0.0,3
426,5,A5_Q4,0,2,55.22484093895841,0.2,3
427,1,A1_Q1,0,3,42.7701509385057,0.7021323241263578,0
427,1,A1_Q2,1,1,35.04311491476446,0.0,0
427,1,A1_Q3,0,3,50.95228171093325,0.7927683926301028,0
427,1,A1_Q4,0,3,24.96441624961578,0.7933770768660088,0
427,2,A2_Q1,0,4,33.22244907694719,0.9386826577530816,0
427,2,A2_Q2,1,1,14.91387410492644,0.0,0
427,2,A2_Q3,0,3,25.83460614181903,0.8566387880754356,0
427,2,A2_Q4,0,3,58.301234152788254,0.742690277349773,0
427,3,A3_Q1,0,4,43.803523422067684,0.8214439477387648,0
427,3,A3_Q2,1,1,29.906284414792356,0.0,0
427,3,A3_Q3,0,3,48.579934560890266,0.7095729627092422,0
427,3,A3_Q4,0,2,29.906262289641532,0.7593037252707046,0
427,4,A4_Q1,0,4,51.10972238203651,0.9234161319295374,0
427,4,A4_Q2,0,3,52.91862310729336,0.9155608986987327,0
427,4,A4_Q3,0,2,30.436481120156866,0.7757212328597424,0
427,4,A4_Q4,1,1,29.879397353665524,0.0,0
427,5,A5_Q1,1,1,36.09277607885826,0.0,0
427,5,A5_Q2,0,3,36.02228470626847,0.7627622447256628,0
427,5,A5_Q3,0,2,48.47812349612433,0.907203958654749,0
427,5,A5_Q4,0,3,46.0282699469132,0.8288551150988958,0
428,1,A1_Q1,0,3,9.34402029942579,0.2573827595323248,1
428,1,A1_Q2,0,3,3.8165799311800477,0.13106187479409132,1
428,1,A1_Q3,0,5,11.154031205785252,0.2413324355014277,1
428,1,A1_Q4,1,1,10.689803884559172,0.23980203667422592,1
428,2,A2_Q1,1,1,7.265295788371102,0.2888992462376719,1
428,2,A2_Q2,0,5,10.876792065708363,0.14765999343582456,1
428,2,A2_Q3,0,3,7.127158522910522,0.08551740114697892,1
428,2,A2_Q4,0,3,9.878616684896736,0.27828977379429093,1
428,3,A3_Q1,0,5,10.841623681525201,0.19251044128081926,1
428,3,A3_Q2,1,2,10.606650080265757,0.01936757705199067,1
428,3,A3_Q3,0,5,7.443165918093155,0.22054763937582014,1
428,3,A3_Q4,0,5,8.81193465877989,0.23420051499167538,1
428,4,A4_Q1,0,3,13.580125342577759,0.14468281325289428,1
428,4,A4_Q2,0,4,13.419926749418359,0.032386479094379535,1
428,4,A4_Q3,0,3,10.702640210873824,0.05016447475280653,1
428,4,A4_Q4,0,5,10.364052072681915,0.28943217576863106,1
428,5,A5_Q1,0,4,9.444167368577691,0.12700502005763792,1
428,5,A5_Q2,0,4,6.4916117018696955,0.11315405633226197,1
428,5,A5_Q3,1,2,7.777461080469842,0.08563370471615078,1
428,5,A5_Q4,0,3,4.970922727555205,0.01019731527011437,1
429,1,A1_Q1,0,3,2.870696578011012,0.062492044680499556,1
429,1,A1_Q2,0,3,10.455028731034206,0.04301109350859633,1
429,1,A1_Q3,0,3,7.009591894137938,0.24034691457591156,1
429,1,A1_Q4,1,2,8.003013328444633,0.1725759720279331,1
429,2,A2_Q1,1,2,2.7253351103912644,0.1455341202009975,1
429,2,A2_Q2,1,1,8.269631473525747,0.27942118451285886,1
429,2,A2_Q3,0,4,8.98202454088115,0.11346576506983387,1
429,2,A2_Q4,0,4,7.379009388546147,0.2890037822541189,1
429,3,A3_Q1,0,4,6.452137217241212,0.0021213049014012,1
429,3,A3_Q2,1,1,7.9273338553817485,0.2011220464534408,1
429,3,A3_Q3,0,4,11.542180830013056,0.12977235656816494,1
429,3,A3_Q4,1,2,9.70708443794438,0.026623170211430135,1
429,4,A4_Q1,0,5,7.40805759714881,0.02821951471119888,1
429,4,A4_Q2,1,1,12.889607464253224,0.165974827783989,1
429,4,A4_Q3,1,1,9.993482630218322,0.2007574166422917,1
429,4,A4_Q4,0,3,9.789816840776165,0.0797194731532702,1
429,5,A5_Q1,0,5,9.466424223210048,0.055769955725048816,1
429,5,A5_Q2,0,5,8.832711909594234,0.024605371334705337,1
429,5,A5_Q3,1,1,6.246751564337808,0.250347238761156,1
429,5,A5_Q4,0,5,13.50415467348856,0.08278749772601489,1
430,1,A1_Q1,1,1,32.549954705020674,0.0,4
430,1,A1_Q2,1,1,27.471989940651497,0.0,4
430,1,A1_Q3,1,1,34.79530864374063,0.0,4
430,1,A1_Q4,1,1,30.202511566569214,0.0,4
430,2,A2_Q1,1,1,33.47788034227745,0.0,4
430,2,A2_Q2,1,1,31.724941366490647,0.0,4
430,2,A2_Q3,0,2,22.62101928458308,0.1,4
430,2,A2_Q4,1,1,36.479638649450614,0.0,4
430,3,A3_Q1,0,2,14.715129386160765,0.1,4
430,3,A3_Q2,1,1,20.14041123643243,0.0,4
430,3,A3_Q3,1,1,38.00376599378626,0.0,4
430,3,A3_Q4,1,1,36.50928997730459,0.0,4
430,4,A4_Q1,1,1,26.61594896409571,0.0,4
430,4,A4_Q2,1,1,28.88944517691349,0.0,4
430,4,A4_Q3,1,1,35.61088121461154,0.0,4
430,4,A4_Q4,1,1,36.33427098482947,0.0,4
430,5,A5_Q1,1,1,21.89944366966455,0.0,4
430,5,A5_Q2,1,1,27.870150885485074,0.0,4
430,5,A5_Q3,1,1,34.179554365500664,0.0,4
430,5,A5_Q4,1,1,16.9341750011873,0.0,4
431,1,A1_Q1,0,3,53.87321339293378,0.7482410360343339,0
431,1,A1_Q2,0,2,39.35716518300192,0.8726892694819279,0
431,1,A1_Q3,1,1,29.192750616870576,0.0,0
431,1,A1_Q4,0,3,1.0,0.8104730635435349,0
431,2,A2_Q1,0,4,46.74538687179074,0.8501222348270092,0
431,2,A2_Q2,0,4,47.05085092243483,0.9541673564648931,0
431,2,A2_Q3,0,4,65.17354840574922,0.7819033354279205,0
431,2,A2_Q4,0,3,57.6368583888124,0.7258910414188774,0
431,3,A3_Q1,0,2,29.52952743038555,0.9932983554411191,0
431,3,A3_Q2,0,3,32.813898337192455,0.9318592811581524,0
431,3,A3_Q3,0,2,42.45431196662478,0.761591086803643,0
431,3,A3_Q4,0,3,30.99344985299193,0.9852304222841197,0
431,4,A4_Q1,0,4,37.51318276403426,0.8572861800508081,0
431,4,A4_Q2,0,3,51.395441866594254,0.72850089763702,0
431,4,A4_Q3,1,1,18.027802692724187,0.0,0
431,4,A4_Q4,1,1,14.99758608317341,0.0,0
431,5,A5_Q1,0,4,33.175098825285744,0.8105835431735328,0
431,5,A5_Q2,0,4,49.58530713203477,0.7600246421194252,0
431,5,A5_Q3,0,3,28.280766747856006,0.9051384682417181,0
431,5,A5_Q4,1,1,37.89841814550901,0.0,0
432,1,A1_Q1,1,1,28.908614151542448,0.0,4
432,1,A1_Q2,1,1,26.69414661541668,0.0,4
432,1,A1_Q3,1,1,38.72921982357204,0.0,4
432,1,A1_Q4,0,2,15.72766746866484,0.1,4
432,2,A2_Q1,0,2,19.218828030734798,0.1,4
432,2,A2_Q2,1,1,36.178554137565534,0.0,4
432,2,A2_Q3,1,1,29.53065674164394,0.0,4
432,2,A2_Q4,1,1,14.488829414008702,0.0,4
432,3,A3_Q1,1,1,15.482790419864475,0.0,4
432,3,A3_Q2,1,1,19.195822641716298,0.0,4
432,3,A3_Q3,0,2,16.241818644903567,0.1,4
432,3,A3_Q4,1,1,21.776603658525566,0.0,4
432,4,A4_Q1,1,1,24.28770460064743,0.0,4
432,4,A4_Q2,1,1,31.162951351142713,0.0,4
432,4,A4_Q3,1,1,25.52596844186964,0.0,4
432,4,A4_Q4,1,1,30.08486340711588,0.0,4
432,5,A5_Q1,1,1,43.408216152681234,0.0,4
432,5,A5_Q2,1,1,25.85466059298446,0.0,4
432,5,A5_Q3,1,1,47.018944374152895,0.0,4
432,5,A5_Q4,1,1,37.473903585930884,0.0,4
433,1,A1_Q1,1,2,12.652823898040875,0.2713981839074835,1
433,1,A1_Q2,0,4,8.570805589619379,0.10089137185289056,1
433,1,A1_Q3,1,1,9.951151074187527,0.05587505533776481,1
433,1,A1_Q4,0,3,4.219052501487942,0.293050784589076,1
433,2,A2_Q1,0,5,11.14809679105294,0.25669098725849354,1
433,2,A2_Q2,0,4,6.4958417327681275,0.226660060301802,1
433,2,A2_Q3,0,4,6.607842742820516,0.17244612675268983,1
433,2,A2_Q4,0,5,6.972938078440226,2.0249293972329774e-05,1
433,3,A3_Q1,1,2,3.2367056148453806,0.1383549716857374,1
433,3,A3_Q2,0,4,10.392731189792674,0.04927092198608861,1
433,3,A3_Q3,0,3,7.704763257890454,0.2075847056965701,1
433,3,A3_Q4,0,5,4.675836328112293,0.03957161797663341,1
433,4,A4_Q1,0,3,10.081616726548024,0.09364029448783293,1
433,4,A4_Q2,0,3,2.9819888458279973,0.2708738506061754,1
433,4,A4_Q3,1,2,3.67632008780671,0.24952525942445278,1
433,4,A4_Q4,0,4,11.369570022323156,0.2600156184469346,1
433,5,A5_Q1,0,4,6.364352412810929,0.16276644918460317,1
433,5,A5_Q2,0,4,6.87601307278347,0.17528337670729968,1
433,5,A5_Q3,1,2,8.491992487300477,0.036170448505020436,1
433,5,A5_Q4,0,4,11.259715714791568,0.2330698967638749,1
434,1,A1_Q1,1,1,46.001290994404656,0.0,2
434,1,A1_Q2,1,1,14.568831451888505,0.0,2
434,1,A1_Q3,0,3,33.72187248284586,0.45209718574036084,2
434,1,A1_Q4,0,2,65.02255662839082,0.531429223136032,2
434,2,A2_Q1,1,1,38.044660906862745,0.0,2
434,2,A2_Q2,1,1,29.94256404484083,0.0,2
434,2,A2_Q3,0,3,97.42821425847343,0.4741839087861404,2
434,2,A2_Q4,0,3,46.48943874805904,0.40029299861383805,2
434,3,A3_Q1,1,1,9.03085820774821,0.0,2
434,3,A3_Q2,1,1,27.02545070135375,0.0,2
434,3,A3_Q3,0,3,32.9478299656915,0.5038756069428874,2
434,3,A3_Q4,0,3,48.32538900649585,0.4159693935144729,2
434,4,A4_Q1,1,1,30.57389514687253,0.0,2
434,4,A4_Q2,1,1,5.03170008779076,0.0,2
434,4,A4_Q3,0,3,75.58138381562733,0.529656065009154,2
434,4,A4_Q4,0,3,60.95539552039173,0.534687180299837,2
434,5,A5_Q1,1,1,18.82242051683688,0.0,2
434,5,A5_Q2,1,1,30.72692421675876,0.0,2
434,5,A5_Q3,0,3,33.41589081499819,0.40686993913319597,2
434,5,A5_Q4,0,3,38.50405407506139,0.4711130120434166,2
435,1,A1_Q1,0,2,32.29545116894704,0.2,3
435,1,A1_Q2,0,2,46.830602842605046,0.2,3
435,1,A1_Q3,1,1,27.24151238603356,0.0,3
435,1,A1_Q4,0,2,58.17549483180447,0.2,3
435,2,A2_Q1,0,2,44.27084140658866,0.2,3
435,2,A2_Q2,0,2,48.09116324308994,0.2,3
435,2,A2_Q3,1,1,23.26125704116692,0.0,3
435,2,A2_Q4,1,1,48.83357591142344,0.0,3
435,3,A3_Q1,1,1,36.05176055366945,0.0,3
435,3,A3_Q2,0,2,39.911045598893836,0.2,3
435,3,A3_Q3,0,2,36.71099180828514,0.2,3
435,3,A3_Q4,1,1,16.976242513548744,0.0,3
435,4,A4_Q1,1,1,64.13525979299939,0.0,3
435,4,A4_Q2,1,1,27.88846924796634,0.0,3
435,4,A4_Q3,0,2,45.049865036735504,0.2,3
435,4,A4_Q4,1,1,14.767339730541618,0.0,3
435,5,A5_Q1,1,1,37.31223031995432,0.0,3
435,5,A5_Q2,0,2,64.2497662874388,0.2,3
435,5,A5_Q3,0,2,48.284278781737974,0.2,3
435,5,A5_Q4,1,1,26.593435067155475,0.0,3
436,1,A1_Q1,0,2,50.72490880452137,0.2,3
436,1,A1_Q2,1,1,27.380281451436765,0.0,3
436,1,A1_Q3,1,1,19.31916560392613,0.0,3
436,1,A1_Q4,0,2,56.72424919967521,0.2,3
436,2,A2_Q1,0,2,34.43361785294478,0.2,3
436,2,A2_Q2,0,2,34.12832734283681,0.2,3
436,2,A2_Q3,0,2,70.87249135404488,0.2,3
436,2,A2_Q4,1,1,43.31880304275354,0.0,3
436,3,A3_Q1,1,1,34.64072406428892,0.0,3
436,3,A3_Q2,1,1,28.421534437886827,0.0,3
436,3,A3_Q3,0,2,52.361028732976656,0.2,3
436,3,A3_Q4,1,1,34.36357593411119,0.0,3
436,4,A4_Q1,0,2,58.70608381490105,0.2,3
436,4,A4_Q2,1,1,12.961686648337817,0.0,3
436,4,A4_Q3,0,2,41.74392113826065,0.2,3
436,4,A4_Q4,0,2,47.027676016233805,0.2,3
436,5,A5_Q1,0,2,44.609707237504935,0.2,3
436,5,A5_Q2,1,1,31.429221256899588,0.0,3
436,5,A5_Q3,0,2,44.090138619607636,0.2,3
436,5,A5_Q4,1,1,33.05402681893426,0.0,3
437,1,A1_Q1,0,4,84.67969280418627,0.9516419005069406,0
437,1,A1_Q2,1,1,44.27566359154932,0.0,0
437,1,A1_Q3,0,4,45.16340150289543,0.7906492424945647,0
437,1,A1_Q4,0,2,39.4988361985311,0.8695469717733424,0
437,2,A2_Q1,0,4,43.99827165986739,0.9176500406153576,0
437,2,A2_Q2,1,1,40.486590282133506,0.0,0
437,2,A2_Q3,0,4,55.95795196116828,0.9689266896425508,0
437,2,A2_Q4,0,3,57.32895453860105,0.883476603359118,0
437,3,A3_Q1,1,1,28.9270605656612,0.0,0
437,3,A3_Q2,0,2,66.18362250114345,0.8237033577193197,0
437,3,A3_Q3,0,3,68.88890980753392,0.7284424814008857,0
437,3,A3_Q4,0,4,45.268199224282796,0.7485214313705333,0
437,4,A4_Q1,0,4,28.1848405536355,0.8975729104489435,0
437,4,A4_Q2,1,1,27.076828542309123,0.0,0
437,4,A4_Q3,0,4,37.970941889436034,0.7198638365826282,0
437,4,A4_Q4,0,4,49.51250563409937,0.7699473995609813,0
437,5,A5_Q1,1,1,38.2602292296174,0.0,0
437,5,A5_Q2,0,3,50.84308176650954,0.956548938796961,0
437,5,A5_Q3,1,1,33.30826795434867,0.0,0
437,5,A5_Q4,0,2,48.2478830731379,0.9147990327051455,0
438,1,A1_Q1,1,1,21.435390894128215,0.0,2
438,1,A1_Q2,1,1,36.4845649595877,0.0,2
438,1,A1_Q3,0,2,51.175519018429085,0.4891347658099312,2
438,1,A1_Q4,0,3,30.46663068267914,0.5952310580250563,2
438,2,A2_Q1,1,1,19.53333941368311,0.0,2
438,2,A2_Q2,1,1,33.161044531064,0.0,2
438,2,A2_Q3,0,2,57.62883050638076,0.43383830455852485,2
438,2,A2_Q4,0,3,67.69943088293913,0.45333275659951083,2
438,3,A3_Q1,1,1,33.58142677804151,0.0,2
438,3,A3_Q2,1,1,38.62896052235291,0.0,2
438,3,A3_Q3,0,2,61.93535159958132,0.5558707405052997,2
438,3,A3_Q4,0,2,25.743717184373303,0.5040205285258496,2
438,4,A4_Q1,1,1,15.110124973620744,0.0,2
438,4,A4_Q2,1,1,29.792684719843074,0.0,2
438,4,A4_Q3,0,2,56.90619112329541,0.4799199631585255,2
438,4,A4_Q4,0,2,7.093435472787483,0.4515893275156501,2
438,5,A5_Q1,1,1,20.246467117325615,0.0,2
438,5,A5_Q2,1,1,25.328621161345104,0.0,2
438,5,A5_Q3,0,2,46.01738044962954,0.4195952351159619,2
438,5,A5_Q4,0,2,46.836096943792136,0.46423495610905124,2
439,1,A1_Q1,0,3,6.221574291707697,0.28186213530918547,1
439,1,A1_Q2,0,4,7.617496043965087,0.02782359821361816,1
439,1,A1_Q3,0,4,11.593006249632339,0.29461451969722574,1
439,1,A1_Q4,1,2,4.982782283548913,0.24268068621690334,1
439,2,A2_Q1,1,1,9.177511728561424,0.1613374783546089,1
439,2,A2_Q2,0,4,4.80622198867231,0.22154906913444267,1
439,2,A2_Q3,0,4,5.958379959008449,0.13482360878893396,1
439,2,A2_Q4,0,5,7.261176765747381,0.1282221694082589,1
439,3,A3_Q1,1,2,3.375642440943116,0.09672105303619484,1
439,3,A3_Q2,0,3,10.230095691517798,0.08169792907190475,1
439,3,A3_Q3,1,1,8.440536579647082,0.06491085532036651,1
439,3,A3_Q4,1,2,8.389885614707346,0.2712432995564257,1
439,4,A4_Q1,0,5,4.757217018167642,0.03410549438049302,1
439,4,A4_Q2,1,2,10.724145381518557,0.24358933883213105,1
439,4,A4_Q3,0,4,11.92999636469997,0.27004175058294727,1
439,4,A4_Q4,1,1,7.4419230103813545,0.1987493536773184,1
439,5,A5_Q1,0,3,6.404323646032536,0.04593619577429622,1
439,5,A5_Q2,0,4,4.664340210578372,0.14735964591375797,1
439,5,A5_Q3,1,2,8.320616918631941,0.0349598461776379,1
439,5,A5_Q4,0,4,9.888944040289685,0.25685698044343896,1
440,1,A1_Q1,1,2,3.4414599852767473,0.18903689661378822,1
440,1,A1_Q2,1,2,9.77669959580192,0.04091189429417371,1
440,1,A1_Q3,1,1,5.194398902228543,0.049678652632818766,1
440,1,A1_Q4,1,1,5.907766302232579,0.09002763275814127,1
440,2,A2_Q1,1,1,10.255762998883746,0.03512473695008065,1
440,2,A2_Q2,0,5,6.771753047701683,0.03409016692506878,1
440,2,A2_Q3,1,2,2.8310480310536796,0.1672314094850498,1
440,2,A2_Q4,0,5,5.95202043874285,0.012707772793167704,1
440,3,A3_Q1,1,1,4.984677497485955,0.12324119609237026,1
440,3,A3_Q2,1,1,8.2644276450359,0.29666627147642644,1
440,3,A3_Q3,1,2,10.304984362560916,0.0899083595056836,1
440,3,A3_Q4,0,3,10.13860385458215,0.2409963381071213,1
440,4,A4_Q1,0,3,7.5001186758368155,0.153661521551059,1
440,4,A4_Q2,1,2,6.373518702911413,0.16453744261106804,1
440,4,A4_Q3,1,2,5.50822843898817,0.07874889412923348,1
440,4,A4_Q4,0,4,12.516595550574394,0.26963915828073587,1
440,5,A5_Q1,1,1,8.760564441057841,0.13482028414262007,1
440,5,A5_Q2,0,3,5.0633927069883296,0.06654587182859824,1
440,5,A5_Q3,1,1,10.754692641433223,0.07933635674652602,1
440,5,A5_Q4,0,4,1.389165729963068,0.00280579151855439,1
441,1,A1_Q1,1,1,19.91548276570756,0.0,2
441,1,A1_Q2,1,1,27.075560719830005,0.0,2
441,1,A1_Q3,0,2,62.66473177583903,0.5041162139084367,2
441,1,A1_Q4,0,3,44.882402906578214,0.5780863509874166,2
441,2,A2_Q1,1,1,16.0552142190098,0.0,2
441,2,A2_Q2,1,1,28.56678931435647,0.0,2
441,2,A2_Q3,0,3,72.1639579285177,0.5840383244979657,2
441,2,A2_Q4,0,2,47.66242051839517,0.5427008550358603,2
441,3,A3_Q1,1,1,25.283408651368703,0.0,2
441,3,A3_Q2,1,1,28.93786816421875,0.0,2
441,3,A3_Q3,0,3,46.13093135314431,0.44058246883070656,2
441,3,A3_Q4,0,3,48.35741182762119,0.581826815111369,2
441,4,A4_Q1,1,1,10.011624674007802,0.0,2
441,4,A4_Q2,1,1,28.117824159809935,0.0,2
441,4,A4_Q3,0,2,69.12346871121288,0.4451642152999091,2
441,4,A4_Q4,0,3,74.25033416153565,0.5372752714732906,2
441,5,A5_Q1,1,1,26.26722674762828,0.0,2
441,5,A5_Q2,1,1,14.281145733608687,0.0,2
441,5,A5_Q3,0,2,57.696660057367076,0.5550989593899867,2
441,5,A5_Q4,0,2,77.41969855640251,0.42844171896294536,2
442,1,A1_Q1,0,4,4.058841965620518,0.15096059321507774,1
442,1,A1_Q2,1,2,3.583732797544724,0.06707743833370312,1
442,1,A1_Q3,0,4,9.21664813946084,0.12575356541910668,1
442,1,A1_Q4,0,4,6.190890210766501,0.1604570608993838,1
442,2,A2_Q1,0,3,4.4091862199956875,0.10704106721516647,1
442,2,A2_Q2,0,4,7.637841917166873,0.20522051321893153,1
442,2,A2_Q3,1,2,9.999385122756202,0.24790167827571086,1
442,2,A2_Q4,0,3,10.815832309081951,0.21051723705226413,1
442,3,A3_Q1,0,4,10.866608077284202,0.009887158459629375,1
442,3,A3_Q2,0,5,8.910177125593343,0.005854228301328157,1
442,3,A3_Q3,0,5,4.53880256902886,0.25938081012710795,1
442,3,A3_Q4,0,5,12.720171889989214,0.21324893396981934,1
442,4,A4_Q1,1,2,8.918774079848689,0.24052436062612004,1
442,4,A4_Q2,1,2,4.254836563618843,0.027614552949101357,1
442,4,A4_Q3,0,5,7.458232367551245,0.20609694076781768,1
442,4,A4_Q4,0,4,10.98941963041591,0.27829922232846915,1
442,5,A5_Q1,0,4,6.06402499596949,0.17635352893579834,1
442,5,A5_Q2,1,2,10.662511986192992,0.2339348645902075,1
442,5,A5_Q3,0,5,3.989089882463464,0.24461336087483213,1
442,5,A5_Q4,0,5,7.244826978177448,0.0507483004850482,1
443,1,A1_Q1,1,1,15.179723181889893,0.0,2
443,1,A1_Q2,1,1,15.915508593979554,0.0,2
443,1,A1_Q3,0,2,24.02370283471084,0.412185085353737,2
443,1,A1_Q4,0,3,48.39006941991046,0.49416859030680965,2
443,2,A2_Q1,1,1,27.71560498268587,0.0,2
443,2,A2_Q2,1,1,15.786251893648135,0.0,2
443,2,A2_Q3,0,2,19.407516361846927,0.5185599737573146,2
443,2,A2_Q4,0,3,71.85722615454918,0.4565594565861107,2
443,3,A3_Q1,1,1,47.04129629532842,0.0,2
443,3,A3_Q2,1,1,18.577253460797266,0.0,2
443,3,A3_Q3,0,3,56.1206656472702,0.4260324600388427,2
443,3,A3_Q4,0,3,61.07894531737059,0.46535919541500825,2
443,4,A4_Q1,1,1,26.649317280723103,0.0,2
443,4,A4_Q2,1,1,16.864966067302433,0.0,2
443,4,A4_Q3,0,3,76.89893752898101,0.5962308762669891,2
443,4,A4_Q4,0,2,51.001209048887986,0.4896628239878535,2
443,5,A5_Q1,1,1,26.652985320236358,0.0,2
443,5,A5_Q2,1,1,21.864574272944644,0.0,2
443,5,A5_Q3,0,3,30.36618567685845,0.42035877224678725,2
443,5,A5_Q4,0,3,54.89124482445074,0.5022663530631277,2
444,1,A1_Q1,1,1,21.979919947204746,0.0,2
444,1,A1_Q2,1,1,22.71009542027693,0.0,2
444,1,A1_Q3,0,3,15.602104664071483,0.5930095799486715,2
444,1,A1_Q4,0,3,47.476757420423205,0.561470090866253,2
444,2,A2_Q1,1,1,30.9875295203797,0.0,2
444,2,A2_Q2,1,1,37.41120466613603,0.0,2
444,2,A2_Q3,0,3,59.97847930792765,0.40142550056572424,2
444,2,A2_Q4,0,2,40.98353177845736,0.4944460499203931,2
444,3,A3_Q1,1,1,35.705474441176214,0.0,2
444,3,A3_Q2,1,1,26.10601510777403,0.0,2
444,3,A3_Q3,0,3,33.56432205947539,0.49561987453964884,2
444,3,A3_Q4,0,3,43.31296347372099,0.4814556700433717,2
444,4,A4_Q1,1,1,52.237087547624995,0.0,2
444,4,A4_Q2,1,1,41.91078435099342,0.0,2
444,4,A4_Q3,0,2,25.11043942769174,0.5041967896404251,2
444,4,A4_Q4,0,2,34.58675089431041,0.4668757384000176,2
444,5,A5_Q1,1,1,36.50266236959077,0.0,2
444,5,A5_Q2,1,1,38.60334575708852,0.0,2
444,5,A5_Q3,0,2,53.92043114462708,0.476659102163515,2
444,5,A5_Q4,0,2,35.93586239743603,0.5739626036797923,2
445,1,A1_Q1,1,1,27.553194185313618,0.0,2
445,1,A1_Q2,1,1,32.155073496476454,0.0,2
445,1,A1_Q3,0,2,70.04321905583998,0.4716825059478409,2
445,1,A1_Q4,0,2,41.440191031490265,0.5138572956192269,2
445,2,A2_Q1,1,1,34.865333027793646,0.0,2
445,2,A2_Q2,1,1,28.629411845862975,0.0,2
445,2,A2_Q3,0,2,56.337046774665794,0.5000294453756651,2
445,2,A2_Q4,0,2,38.009798870642314,0.4966494686440507,2
445,3,A3_Q1,1,1,27.3618471700435,0.0,2
445,3,A3_Q2,1,1,41.24665455793405,0.0,2
445,3,A3_Q3,0,3,18.7661098640101,0.5627482965743797,2
445,3,A3_Q4,0,2,23.780812965756745,0.4811278900971052,2
445,4,A4_Q1,1,1,38.149850354042414,0.0,2
445,4,A4_Q2,1,1,26.28490774498162,0.0,2
445,4,A4_Q3,0,2,45.28423363478595,0.4739512743863683,2
445,4,A4_Q4,0,3,30.593837976676795,0.541675631154173,2
445,5,A5_Q1,1,1,38.46853693399184,0.0,2
445,5,A5_Q2,1,1,36.836197510505336,0.0,2
445,5,A5_Q3,0,2,27.907079663566776,0.5750359698335082,2
445,5,A5_Q4,0,3,5.47175042889576,0.4374064460011646,2
446,1,A1_Q1,1,1,19.709791516251865,0.0,3
446,1,A1_Q2,0,2,52.517099039314374,0.2,3
446,1,A1_Q3,1,1,42.07063810019713,0.0,3
446,1,A1_Q4,0,2,45.188631677917044,0.2,3
446,2,A2_Q1,0,2,46.29621471092235,0.2,3
446,2,A2_Q2,1,1,21.502000283732777,0.0,3
446,2,A2_Q3,1,1,27.732960320551296,0.0,3
446,2,A2_Q4,1,1,32.23797251755992,0.0,3
446,3,A3_Q1,1,1,12.46260138362166,0.0,3
446,3,A3_Q2,1,1,15.40319720080548,0.0,3
446,3,A3_Q3,1,1,40.18724071425575,0.0,3
446,3,A3_Q4,0,2,62.69327789123625,0.2,3
446,4,A4_Q1,1,1,37.449437331817734,0.0,3
446,4,A4_Q2,0,2,36.97986547043587,0.2,3
446,4,A4_Q3,1,1,35.41821903953771,0.0,3
446,4,A4_Q4,0,2,46.202401734397945,0.2,3
446,5,A5_Q1,1,1,23.332406732141294,0.0,3
446,5,A5_Q2,0,2,44.28143791804854,0.2,3
446,5,A5_Q3,1,1,29.585800996953193,0.0,3
446,5,A5_Q4,1,1,10.725687452261845,0.0,3
447,1,A1_Q1,1,1,28.052770392009815,0.0,0
447,1,A1_Q2,1,1,57.08402837867635,0.0,0
447,1,A1_Q3,0,3,40.908524605700606,0.735635326397313,0
447,1,A1_Q4,1,1,16.72894144349516,0.0,0
447,2,A2_Q1,0,2,43.427155376378025,0.7031232959837547,0
447,2,A2_Q2,0,3,37.39485847524051,0.7031775397124607,0
447,2,A2_Q3,1,1,27.820482265459347,0.0,0
447,2,A2_Q4,0,2,22.06533353522764,0.8624426726901051,0
447,3,A3_Q1,0,4,29.34115003994374,0.7690968263698994,0
447,3,A3_Q2,0,3,39.712187690793996,0.8223077456070154,0
447,3,A3_Q3,0,4,26.239607273697395,0.9893009567454756,0
447,3,A3_Q4,0,3,10.752261551193744,0.7831475661062963,0
447,4,A4_Q1,1,1,25.812322226071185,0.0,0
447,4,A4_Q2,1,1,13.678240382806386,0.0,0
447,4,A4_Q3,0,4,30.57826365700063,0.8998266216876287,0
447,4,A4_Q4,0,3,37.151369393929755,0.7557461126557256,0
447,5,A5_Q1,0,2,30.42859929844797,0.8930515063365965,0
447,5,A5_Q2,0,4,33.95991160086697,0.8339954291518419,0
447,5,A5_Q3,1,1,29.167784205969706,0.0,0
447,5,A5_Q4,1,1,26.895164356874105,0.0,0
448,1,A1_Q1,1,1,19.624081285103436,0.0,2
448,1,A1_Q2,1,1,18.600977862913137,0.0,2
448,1,A1_Q3,0,2,84.13398261141883,0.5656036611990652,2
448,1,A1_Q4,0,2,52.06296356442853,0.41989835152691674,2
448,2,A2_Q1,1,1,32.33835802855694,0.0,2
448,2,A2_Q2,1,1,32.34717732842156,0.0,2
448,2,A2_Q3,0,2,71.2248225057342,0.4680474263726276,2
448,2,A2_Q4,0,3,78.055286211614,0.47179218292685743,2
448,3,A3_Q1,1,1,36.87456397878028,0.0,2
448,3,A3_Q2,1,1,13.973417293162363,0.0,2
448,3,A3_Q3,0,2,51.441651975953576,0.5590946146595765,2
448,3,A3_Q4,0,2,82.50445490575963,0.4246602244093059,2
448,4,A4_Q1,1,1,52.56814402525205,0.0,2
448,4,A4_Q2,1,1,43.228182691504216,0.0,2
448,4,A4_Q3,0,2,53.89244377490198,0.5005681173506417,2
448,4,A4_Q4,0,2,53.060107463573296,0.5507291961198351,2
448,5,A5_Q1,1,1,31.682591023545914,0.0,2
448,5,A5_Q2,1,1,46.04522946221803,0.0,2
448,5,A5_Q3,0,3,31.970626981536686,0.4849839238216619,2
448,5,A5_Q4,0,2,90.76611651519362,0.4305987551956806,2
449,1,A1_Q1,0,2,63.57918562765934,0.2,3
449,1,A1_Q2,1,1,24.641126066618007,0.0,3
449,1,A1_Q3,0,2,30.241611040870445,0.2,3
449,1,A1_Q4,1,1,40.862769202812466,0.0,3
449,2,A2_Q1,1,1,34.52038171053976,0.0,3
449,2,A2_Q2,1,1,20.173066188343817,0.0,3
449,2,A2_Q3,0,2,27.007640982972937,0.2,3
449,2,A2_Q4,1,1,33.20165937997719,0.0,3
449,3,A3_Q1,0,2,57.12411568269475,0.2,3
449,3,A3_Q2,0,2,32.162857423240084,0.2,3
449,3,A3_Q3,0,2,46.75676183680007,0.2,3
449,3,A3_Q4,1,1,40.621148004639736,0.0,3
449,4,A4_Q1,0,2,35.685947154241134,0.2,3
449,4,A4_Q2,1,1,35.828828464008986,0.0,3
449,4,A4_Q3,0,2,55.1342988020303,0.2,3
449,4,A4_Q4,0,2,53.21239942532927,0.2,3
449,5,A5_Q1,0,2,69.76088405305538,0.2,3
449,5,A5_Q2,0,2,40.092263073899126,0.2,3
449,5,A5_Q3,1,1,39.014748111631775,0.0,3
449,5,A5_Q4,1,1,30.09011222069105,0.0,3
450,1,A1_Q1,1,1,58.13773217610624,0.0,2
450,1,A1_Q2,1,1,44.57340073832652,0.0,2
450,1,A1_Q3,0,3,81.20034944822933,0.5351821463604689,2
450,1,A1_Q4,0,3,46.031940272309214,0.5692608352158897,2
450,2,A2_Q1,1,1,44.79557134551918,0.0,2
450,2,A2_Q2,1,1,22.795332717640882,0.0,2
450,2,A2_Q3,0,3,58.75544995107202,0.4827331553454738,2
450,2,A2_Q4,0,2,65.63023451244848,0.5552133920931007,2
450,3,A3_Q1,1,1,33.69973221481169,0.0,2
450,3,A3_Q2,1,1,42.52782068305317,0.0,2
450,3,A3_Q3,0,3,59.988876820324016,0.4392059481458592,2
450,3,A3_Q4,0,3,40.32033216273458,0.4683288291941506,2
450,4,A4_Q1,1,1,33.07325031313794,0.0,2
450,4,A4_Q2,1,1,20.180567652154494,0.0,2
450,4,A4_Q3,0,2,101.0385791517901,0.5327029485586671,2
450,4,A4_Q4,0,3,39.88687443643057,0.4019411920804258,2
450,5,A5_Q1,1,1,8.103301999227064,0.0,2
450,5,A5_Q2,1,1,37.83975521096664,0.0,2
450,5,A5_Q3,0,3,61.049248089582676,0.4143779728062231,2
450,5,A5_Q4,0,2,54.441422333358844,0.4380411963145815,2
451,1,A1_Q1,1,1,41.54796327933535,0.0,4
451,1,A1_Q2,0,2,28.173305121231188,0.1,4
451,1,A1_Q3,0,2,21.12781008551209,0.1,4
451,1,A1_Q4,1,1,34.65238217214494,0.0,4
451,2,A2_Q1,1,1,16.628738208987574,0.0,4
451,2,A2_Q2,1,1,31.33061965380494,0.0,4
451,2,A2_Q3,1,1,32.643098021301896,0.0,4
451,2,A2_Q4,1,1,18.310086418312977,0.0,4
451,3,A3_Q1,1,1,27.957665139351388,0.0,4
451,3,A3_Q2,1,1,29.0510869530891,0.0,4
451,3,A3_Q3,1,1,23.82354641122134,0.0,4
451,3,A3_Q4,1,1,36.882155675004505,0.0,4
451,4,A4_Q1,1,1,40.698813046722215,0.0,4
451,4,A4_Q2,1,1,24.897750841005127,0.0,4
451,4,A4_Q3,0,2,7.519099890118168,0.1,4
451,4,A4_Q4,1,1,27.345536217744968,0.0,4
451,5,A5_Q1,1,1,28.11594183849251,0.0,4
451,5,A5_Q2,1,1,28.692996732674594,0.0,4
451,5,A5_Q3,1,1,22.425913440205882,0.0,4
451,5,A5_Q4,1,1,25.937571270981653,0.0,4
452,1,A1_Q1,1,1,27.60372119217486,0.0,2
452,1,A1_Q2,1,1,20.363275837139994,0.0,2
452,1,A1_Q3,0,2,37.90438427936457,0.5497477418220136,2
452,1,A1_Q4,0,3,85.13808827020395,0.42345884695389846,2
452,2,A2_Q1,1,1,24.04746246439748,0.0,2
452,2,A2_Q2,1,1,17.308932236468774,0.0,2
452,2,A2_Q3,0,2,59.62111448283588,0.4823244593363357,2
452,2,A2_Q4,0,2,49.54895587014546,0.4906154937415768,2
452,3,A3_Q1,1,1,39.534615134322934,0.0,2
452,3,A3_Q2,1,1,23.093415054384014,0.0,2
452,3,A3_Q3,0,2,62.51058487400913,0.4999662305072664,2
452,3,A3_Q4,0,3,55.35090801813135,0.586310296976875,2
452,4,A4_Q1,1,1,23.459731186752943,0.0,2
452,4,A4_Q2,1,1,31.239392091974292,0.0,2
452,4,A4_Q3,0,2,27.27221298535337,0.5742957883970226,2
452,4,A4_Q4,0,2,33.69802651885877,0.5365464666843665,2
452,5,A5_Q1,1,1,26.35899953173983,0.0,2
452,5,A5_Q2,1,1,24.79940074018735,0.0,2
452,5,A5_Q3,0,2,34.375314090895955,0.584312915147469,2
452,5,A5_Q4,0,3,77.8894130951536,0.48561849757243314,2
453,1,A1_Q1,0,2,38.93053836952041,0.2,3
453,1,A1_Q2,1,1,16.594775108284548,0.0,3
453,1,A1_Q3,1,1,40.94493352525443,0.0,3
453,1,A1_Q4,1,1,28.7807465495098,0.0,3
453,2,A2_Q1,0,2,29.039884690275297,0.2,3
453,2,A2_Q2,0,2,48.263125834580606,0.2,3
453,2,A2_Q3,1,1,9.469713977938838,0.0,3
453,2,A2_Q4,1,1,31.967242349884632,0.0,3
453,3,A3_Q1,1,1,17.648760288821848,0.0,3
453,3,A3_Q2,1,1,36.63946732246896,0.0,3
453,3,A3_Q3,0,2,39.8590207286193,0.2,3
453,3,A3_Q4,0,2,29.88245481158464,0.2,3
453,4,A4_Q1,1,1,16.84661268835729,0.0,3
453,4,A4_Q2,1,1,9.006674763588933,0.0,3
453,4,A4_Q3,0,2,38.6466186693819,0.2,3
453,4,A4_Q4,1,1,26.95608403977124,0.0,3
453,5,A5_Q1,0,2,50.3774429322998,0.2,3
453,5,A5_Q2,0,2,31.965384427705764,0.2,3
453,5,A5_Q3,0,2,36.18339028901209,0.2,3
453,5,A5_Q4,1,1,46.13633212575429,0.0,3
454,1,A1_Q1,0,2,41.739396775479804,0.2,3
454,1,A1_Q2,1,1,44.836257436653334,0.0,3
454,1,A1_Q3,0,2,49.07097229598012,0.2,3
454,1,A1_Q4,1,1,30.8855886207678,0.0,3
454,2,A2_Q1,1,1,36.22483334561562,0.0,3
454,2,A2_Q2,1,1,50.07988106470156,0.0,3
454,2,A2_Q3,0,2,34.97057196909918,0.2,3
454,2,A2_Q4,0,2,63.088565317228074,0.2,3
454,3,A3_Q1,0,2,62.36323808849889,0.2,3
454,3,A3_Q2,0,2,53.1075935975567,0.2,3
454,3,A3_Q3,1,1,11.86117529530489,0.0,3
454,3,A3_Q4,1,1,50.82809990208515,0.0,3
454,4,A4_Q1,0,2,50.50402978329927,0.2,3
454,4,A4_Q2,0,2,51.783490301314174,0.2,3
454,4,A4_Q3,1,1,45.007363826579414,0.0,3
454,4,A4_Q4,0,2,43.624912555692234,0.2,3
454,5,A5_Q1,1,1,19.060107940486375,0.0,3
454,5,A5_Q2,1,1,38.67562151679973,0.0,3
454,5,A5_Q3,0,2,40.425812154839775,0.2,3
454,5,A5_Q4,0,2,37.75382611450313,0.2,3
455,1,A1_Q1,0,2,51.78012515400365,0.7318674448192726,0
455,1,A1_Q2,0,3,43.727098269956386,0.7845243592595561,0
455,1,A1_Q3,0,4,40.85929652716026,0.7967917125108419,0
455,1,A1_Q4,0,4,41.38295374881596,0.9299864434760577,0
455,2,A2_Q1,0,2,51.43039047956765,0.8991294318623085,0
455,2,A2_Q2,0,3,54.001606122528216,0.9832669424680963,0
455,2,A2_Q3,0,4,64.87712977281228,0.8190304962915755,0
455,2,A2_Q4,0,3,43.99749800916712,0.8791755190804016,0
455,3,A3_Q1,0,4,1.0,0.8362870147231135,0
455,3,A3_Q2,0,2,16.720404816277565,0.9098966970699843,0
455,3,A3_Q3,1,1,30.48848466904273,0.0,0
455,3,A3_Q4,0,2,68.37370507590384,0.9932001348654085,0
455,4,A4_Q1,0,4,33.3957642492968,0.7605733516580225,0
455,4,A4_Q2,0,3,52.45448033766332,0.889859166053713,0
455,4,A4_Q3,0,3,52.19632760832174,0.765589744249856,0
455,4,A4_Q4,0,2,27.774531037837384,0.9305815980383545,0
455,5,A5_Q1,0,2,22.102603778367605,0.8632387688212555,0
455,5,A5_Q2,0,2,36.29322636118203,0.8010476102937109,0
455,5,A5_Q3,1,1,44.419128992311315,0.0,0
455,5,A5_Q4,0,2,27.2709839885421,0.9976829976644034,0
456,1,A1_Q1,1,1,17.070034866141494,0.0,4
456,1,A1_Q2,0,2,14.383579074669697,0.1,4
456,1,A1_Q3,1,1,30.74669798524605,0.0,4
456,1,A1_Q4,1,1,14.28464415711283,0.0,4
456,2,A2_Q1,1,1,28.952897590872084,0.0,4
456,2,A2_Q2,1,1,31.891326988662016,0.0,4
456,2,A2_Q3,0,2,16.598832049737755,0.1,4
456,2,A2_Q4,1,1,22.801552200683076,0.0,4
456,3,A3_Q1,0,2,17.660586660816204,0.1,4
456,3,A3_Q2,1,1,19.859897697026522,0.0,4
456,3,A3_Q3,0,2,19.26685268212136,0.1,4
456,3,A3_Q4,1,1,23.41385135993725,0.0,4
456,4,A4_Q1,0,2,10.636165792871752,0.1,4
456,4,A4_Q2,1,1,41.40814410894432,0.0,4
456,4,A4_Q3,1,1,22.00897592213779,0.0,4
456,4,A4_Q4,1,1,35.8904411578483,0.0,4
456,5,A5_Q1,1,1,47.320210738754255,0.0,4
456,5,A5_Q2,1,1,25.10285417171331,0.0,4
456,5,A5_Q3,1,1,26.92637115960325,0.0,4
456,5,A5_Q4,0,2,13.159854603440474,0.1,4
457,1,A1_Q1,0,2,42.96039377738385,0.8517178541812318,0
457,1,A1_Q2,1,1,45.423451828678495,0.0,0
457,1,A1_Q3,0,2,29.288293500038776,0.8060030189087786,0
457,1,A1_Q4,1,1,31.686677600192912,0.0,0
457,2,A2_Q1,1,1,25.92578801795463,0.0,0
457,2,A2_Q2,1,1,28.20070847067936,0.0,0
457,2,A2_Q3,1,1,50.89714963125961,0.0,0
457,2,A2_Q4,0,2,42.53970585780786,0.8866003224745388,0
457,3,A3_Q1,0,2,35.41017317388328,0.8218295025007804,0
457,3,A3_Q2,0,4,26.831303745846057,0.7549883934696601,0
457,3,A3_Q3,0,3,25.78844272113576,0.7358746320294567,0
457,3,A3_Q4,1,1,37.06902280626921,0.0,0
457,4,A4_Q1,0,2,56.37728032391642,0.8136202774360868,0
457,4,A4_Q2,0,4,42.97034200867106,0.9149615911627202,0
457,4,A4_Q3,0,3,42.567554851181534,0.9231442951017723,0
457,4,A4_Q4,0,2,31.472957479383716,0.8558735455303657,0
457,5,A5_Q1,1,1,24.745570085658102,0.0,0
457,5,A5_Q2,1,1,34.29769621904977,0.0,0
457,5,A5_Q3,0,3,38.99962708591373,0.8148910009096891,0
457,5,A5_Q4,0,2,35.33627170950617,0.7759729866373537,0
458,1,A1_Q1,1,1,24.428760023201374,0.0,3
458,1,A1_Q2,1,1,16.626883428544872,0.0,3
458,1,A1_Q3,0,2,68.53243048607034,0.2,3
458,1,A1_Q4,0,2,54.396183483653004,0.2,3
458,2,A2_Q1,0,2,40.14791443547725,0.2,3
458,2,A2_Q2,0,2,42.61549592030059,0.2,3
458,2,A2_Q3,0,2,34.101800658356886,0.2,3
458,2,A2_Q4,1,1,29.395786181459393,0.0,3
458,3,A3_Q1,0,2,44.417706913759055,0.2,3
458,3,A3_Q2,0,2,50.352803807944156,0.2,3
458,3,A3_Q3,1,1,35.54703538487792,0.0,3
458,3,A3_Q4,1,1,38.94856328734383,0.0,3
458,4,A4_Q1,0,2,31.789441364682496,0.2,3
458,4,A4_Q2,1,1,33.339577578646484,0.0,3
458,4,A4_Q3,0,2,39.1561636353028,0.2,3
458,4,A4_Q4,0,2,38.919773638110556,0.2,3
458,5,A5_Q1,1,1,39.456630645670074,0.0,3
458,5,A5_Q2,1,1,37.59327190381964,0.0,3
458,5,A5_Q3,1,1,27.026964058956064,0.0,3
458,5,A5_Q4,1,1,24.786681514455225,0.0,3
459,1,A1_Q1,1,1,29.936433630366682,0.0,3
459,1,A1_Q2,1,1,23.853031769923327,0.0,3
459,1,A1_Q3,1,1,35.028846851187716,0.0,3
459,1,A1_Q4,0,2,52.89057468083202,0.2,3
459,2,A2_Q1,0,2,71.9179467381449,0.2,3
459,2,A2_Q2,1,1,37.55633482682065,0.0,3
459,2,A2_Q3,1,1,32.84816215339809,0.0,3
459,2,A2_Q4,0,2,55.8810529260043,0.2,3
459,3,A3_Q1,1,1,18.933646874521525,0.0,3
459,3,A3_Q2,0,2,42.25540259608949,0.2,3
459,3,A3_Q3,1,1,13.990495088790865,0.0,3
459,3,A3_Q4,1,1,54.637756983299305,0.0,3
459,4,A4_Q1,0,2,39.234090745141906,0.2,3
459,4,A4_Q2,1,1,46.71611692660366,0.0,3
459,4,A4_Q3,1,1,32.364129820967804,0.0,3
459,4,A4_Q4,1,1,24.23594350997454,0.0,3
459,5,A5_Q1,0,2,27.732936915545384,0.2,3
459,5,A5_Q2,1,1,39.200009845150426,0.0,3
459,5,A5_Q3,0,2,46.116108572446606,0.2,3
459,5,A5_Q4,0,2,39.96477812700051,0.2,3
460,1,A1_Q1,0,2,37.768753773820755,0.7568512533689462,0
460,1,A1_Q2,0,3,51.931067098613994,0.7180549961918857,0
460,1,A1_Q3,0,2,14.716489558808146,0.835820508582731,0
460,1,A1_Q4,0,3,49.9917525645258,0.8175691497961368,0
460,2,A2_Q1,1,1,41.238664956919266,0.0,0
460,2,A2_Q2,0,3,55.11802531287281,0.8269714887372539,0
460,2,A2_Q3,1,1,23.958950465557002,0.0,0
460,2,A2_Q4,0,2,32.90183217324406,0.9783376285661614,0
460,3,A3_Q1,1,1,17.19012076262557,0.0,0
460,3,A3_Q2,0,2,26.71377907186124,0.995665407359311,0
460,3,A3_Q3,0,2,24.81365788968988,0.8521025140678077,0
460,3,A3_Q4,0,4,39.832841085913735,0.7444697389254855,0
460,4,A4_Q1,1,1,19.31465560533942,0.0,0
460,4,A4_Q2,0,3,28.857936301784832,0.914221991801923,0
460,4,A4_Q3,0,3,34.67750277466625,0.8035191598549908,0
460,4,A4_Q4,0,2,19.293518766352808,0.974152222641764,0
460,5,A5_Q1,0,3,10.120246938851984,0.7790393348200148,0
460,5,A5_Q2,1,1,30.200023187991462,0.0,0
460,5,A5_Q3,0,2,39.81828773182602,0.842929586673455,0
460,5,A5_Q4,0,2,29.244570877453203,0.8828665304937029,0
461,1,A1_Q1,0,2,37.834587843141776,0.9703253272632044,0
461,1,A1_Q2,0,2,43.74512541981677,0.7318281513111565,0
461,1,A1_Q3,0,2,41.65482470721632,0.7367217435716407,0
461,1,A1_Q4,0,4,22.7098335502935,0.7969547116460628,0
461,2,A2_Q1,0,2,25.60871979254039,0.8931537028408669,0
461,2,A2_Q2,0,2,48.756252154945145,0.8136446180829395,0
461,2,A2_Q3,0,2,12.52638701257477,0.7895375183536354,0
461,2,A2_Q4,1,1,23.227133032469077,0.0,0
461,3,A3_Q1,0,2,32.28862991230056,0.7194760864590806,0
461,3,A3_Q2,0,4,14.6271400631124,0.7862155078769727,0
461,3,A3_Q3,0,4,35.84068622869522,0.7410337765135283,0
461,3,A3_Q4,0,2,50.37600504997826,0.9517109834782109,0
461,4,A4_Q1,0,2,36.73649125298914,0.86356732578223,0
461,4,A4_Q2,0,4,30.921408802061638,0.9952740529989401,0
461,4,A4_Q3,1,1,33.00223816784222,0.0,0
461,4,A4_Q4,0,2,44.65013362156151,0.8558964867401935,0
461,5,A5_Q1,0,4,44.01953198816107,0.970489921189947,0
461,5,A5_Q2,1,1,28.306233141427754,0.0,0
461,5,A5_Q3,0,4,17.85816092630964,0.8680012483765747,0
461,5,A5_Q4,0,3,36.56474758842669,0.8160984429425734,0
462,1,A1_Q1,0,2,34.1736782640769,0.2,3
462,1,A1_Q2,1,1,34.361244524119556,0.0,3
462,1,A1_Q3,0,2,35.44848861266033,0.2,3
462,1,A1_Q4,1,1,28.205312332665613,0.0,3
462,2,A2_Q1,1,1,37.40817059338376,0.0,3
462,2,A2_Q2,0,2,33.06414129633116,0.2,3
462,2,A2_Q3,1,1,38.66002043449441,0.0,3
462,2,A2_Q4,1,1,26.3332880843466,0.0,3
462,3,A3_Q1,0,2,46.40737088849743,0.2,3
462,3,A3_Q2,0,2,54.993200520879086,0.2,3
462,3,A3_Q3,0,2,42.518307713916265,0.2,3
462,3,A3_Q4,1,1,29.24362318048205,0.0,3
462,4,A4_Q1,1,1,29.89759820159495,0.0,3
462,4,A4_Q2,1,1,20.47911695100916,0.0,3
462,4,A4_Q3,1,1,34.73997976735365,0.0,3
462,4,A4_Q4,0,2,44.45371290604239,0.2,3
462,5,A5_Q1,1,1,17.903196798736396,0.0,3
462,5,A5_Q2,1,1,27.874472262249043,0.0,3
462,5,A5_Q3,1,1,27.23015838212351,0.0,3
462,5,A5_Q4,0,2,51.0918835826978,0.2,3
463,1,A1_Q1,1,1,46.72197702816072,0.0,2
463,1,A1_Q2,1,1,21.139233180423176,0.0,2
463,1,A1_Q3,0,2,61.58331596524908,0.4651570933338193,2
463,1,A1_Q4,0,3,70.07909366781897,0.437679064654394,2
463,2,A2_Q1,1,1,28.915226815723873,0.0,2
463,2,A2_Q2,1,1,35.188345452809905,0.0,2
463,2,A2_Q3,0,3,48.86740382832478,0.5656931576499014,2
463,2,A2_Q4,0,2,70.09662514021872,0.5029183518751476,2
463,3,A3_Q1,1,1,32.44609171810477,0.0,2
463,3,A3_Q2,1,1,54.98273379289094,0.0,2
463,3,A3_Q3,0,3,11.076299644298537,0.5976796220447058,2
463,3,A3_Q4,0,2,48.59461931646659,0.5636359299443481,2
463,4,A4_Q1,1,1,24.440228737836094,0.0,2
463,4,A4_Q2,1,1,43.180612898373916,0.0,2
463,4,A4_Q3,0,3,25.11389489732823,0.5644291903434483,2
463,4,A4_Q4,0,3,64.94124500181357,0.5531618322979913,2
463,5,A5_Q1,1,1,39.159955631528405,0.0,2
463,5,A5_Q2,1,1,31.063034496734055,0.0,2
463,5,A5_Q3,0,3,67.10001564505083,0.54856540100008,2
463,5,A5_Q4,0,2,55.285484629638184,0.5054202038293427,2
464,1,A1_Q1,0,5,9.287748423653202,0.2148254939721628,1
464,1,A1_Q2,0,4,11.230383475896954,0.1822300676910106,1
464,1,A1_Q3,0,5,6.275741050377761,0.15725642138109003,1
464,1,A1_Q4,1,1,9.463163845240542,0.26629533841388897,1
464,2,A2_Q1,0,3,9.105644317253894,0.062273619256311946,1
464,2,A2_Q2,0,5,9.558529664324908,0.09561755398149462,1
464,2,A2_Q3,0,5,6.076239624736892,0.23507194053239716,1
464,2,A2_Q4,0,3,12.108923016148609,0.12452691078836277,1
464,3,A3_Q1,0,4,9.003021421213138,0.2857549016118244,1
464,3,A3_Q2,0,5,4.334686734580779,0.07577091871617801,1
464,3,A3_Q3,0,4,1.9129354847866606,0.27308146677968176,1
464,3,A3_Q4,0,3,9.654840825254755,0.15129444510211149,1
464,4,A4_Q1,1,1,5.003609374982982,0.11733329195996828,1
464,4,A4_Q2,0,5,7.669419376572564,0.18315411671287044,1
464,4,A4_Q3,0,3,5.467067300217571,0.04060067328568696,1
464,4,A4_Q4,1,1,7.959960605690056,0.23275516714442934,1
464,5,A5_Q1,1,2,7.963891717712156,0.20082387436275365,1
464,5,A5_Q2,0,4,13.595321478122463,0.1282676830791713,1
464,5,A5_Q3,1,2,9.178629806084233,0.262885876629296,1
464,5,A5_Q4,0,3,4.739353080216935,0.14318856378946318,1
465,1,A1_Q1,1,1,25.535452728470883,0.0,2
465,1,A1_Q2,1,1,8.154730624118976,0.0,2
465,1,A1_Q3,0,2,61.23292777270565,0.47722450153020146,2
465,1,A1_Q4,0,2,95.30297072523352,0.48070469038643154,2
465,2,A2_Q1,1,1,35.94738870593108,0.0,2
465,2,A2_Q2,1,1,36.30305916457426,0.0,2
465,2,A2_Q3,0,2,6.143321828191759,0.5949722294133957,2
465,2,A2_Q4,0,3,59.81319361450775,0.4636139265757484,2
465,3,A3_Q1,1,1,11.653116495477544,0.0,2
465,3,A3_Q2,1,1,23.7618422639774,0.0,2
465,3,A3_Q3,0,3,52.375330625863526,0.5797388606639088,2
465,3,A3_Q4,0,3,39.393023639349884,0.5680198031335385,2
465,4,A4_Q1,1,1,30.37326950985965,0.0,2
465,4,A4_Q2,1,1,17.37149759851567,0.0,2
465,4,A4_Q3,0,3,44.5480507036321,0.450623666151553,2
465,4,A4_Q4,0,3,54.80811223832238,0.4178453998027926,2
465,5,A5_Q1,1,1,20.546499266927636,0.0,2
465,5,A5_Q2,1,1,31.41610915687722,0.0,2
465,5,A5_Q3,0,2,25.23822797748968,0.488818858708605,2
465,5,A5_Q4,0,3,75.76601209192143,0.5075580324606569,2
466,1,A1_Q1,1,1,32.94552880308999,0.0,3
466,1,A1_Q2,0,2,39.416990839641194,0.2,3
466,1,A1_Q3,0,2,34.4441000738763,0.2,3
466,1,A1_Q4,1,1,37.46127429795219,0.0,3
466,2,A2_Q1,0,2,67.04805026717396,0.2,3
466,2,A2_Q2,1,1,41.09719581705981,0.0,3
466,2,A2_Q3,1,1,31.93378751341293,0.0,3
466,2,A2_Q4,1,1,28.914566684774027,0.0,3
466,3,A3_Q1,1,1,26.817724352488405,0.0,3
466,3,A3_Q2,0,2,42.60987788813121,0.2,3
466,3,A3_Q3,1,1,35.76251392022115,0.0,3
466,3,A3_Q4,0,2,53.79713179801932,0.2,3
466,4,A4_Q1,0,2,21.354846301441622,0.2,3
466,4,A4_Q2,1,1,33.26974084952343,0.0,3
466,4,A4_Q3,1,1,44.43196986880234,0.0,3
466,4,A4_Q4,1,1,35.303228814368886,0.0,3
466,5,A5_Q1,0,2,51.36368854779848,0.2,3
466,5,A5_Q2,1,1,21.572023921914298,0.0,3
466,5,A5_Q3,1,1,22.165096583249504,0.0,3
466,5,A5_Q4,1,1,21.0700948291977,0.0,3
467,1,A1_Q1,0,4,5.827420502792109,0.1226068316144734,1
467,1,A1_Q2,0,4,6.553692446093228,0.20749896922341585,1
467,1,A1_Q3,0,5,10.859932019870744,0.21605307821844486,1
467,1,A1_Q4,0,5,7.161362451626642,0.2728460808413182,1
467,2,A2_Q1,0,4,5.381649716438975,0.28774029268358187,1
467,2,A2_Q2,0,5,7.475395647868053,0.10873257434428749,1
467,2,A2_Q3,1,2,9.958169316787476,0.06321312191351516,1
467,2,A2_Q4,1,1,12.32089084641796,0.051514385192020624,1
467,3,A3_Q1,0,3,6.467804953950759,0.0926183191096523,1
467,3,A3_Q2,0,4,8.639232640542167,0.17813674607674698,1
467,3,A3_Q3,0,5,9.092014647616562,0.041711354473020046,1
467,3,A3_Q4,0,4,3.712567188472338,0.195919800862474,1
467,4,A4_Q1,0,3,11.263375134311326,0.10076973048553098,1
467,4,A4_Q2,0,4,12.377245543222084,0.2965633557709494,1
467,4,A4_Q3,0,3,5.037330208723253,0.2754025784461902,1
467,4,A4_Q4,0,4,5.564080121815066,0.25935239341654187,1
467,5,A5_Q1,0,4,7.6037535453833245,0.25641371842597765,1
467,5,A5_Q2,1,1,8.5723157917776,0.1861875776792559,1
467,5,A5_Q3,0,5,8.31001266640099,0.11804535096663447,1
467,5,A5_Q4,0,5,9.886151083433063,0.27584073128499725,1
468,1,A1_Q1,0,4,12.997898970291574,0.2981435439105133,1
468,1,A1_Q2,0,3,6.609116480072629,0.12166523089062303,1
468,1,A1_Q3,1,2,10.500492008253772,0.15385197543210877,1
468,1,A1_Q4,1,1,10.769044457699053,0.01131622580773277,1
468,2,A2_Q1,0,5,7.640867123528622,0.09384873503310193,1
468,2,A2_Q2,1,1,5.453027456245359,0.2723788340656308,1
468,2,A2_Q3,0,5,9.137120018431032,0.2955535692552214,1
468,2,A2_Q4,0,5,10.474071050632602,0.15945038054591554,1
468,3,A3_Q1,0,4,7.454434407880426,0.043789453961093815,1
468,3,A3_Q2,0,4,11.310049616981747,0.01909105026993505,1
468,3,A3_Q3,0,4,3.639098303845115,0.09146468042379602,1
468,3,A3_Q4,0,5,7.511522975198867,0.12197672126277273,1
468,4,A4_Q1,0,4,9.195660054474711,0.20544176070672446,1
468,4,A4_Q2,1,2,3.6091373616702604,0.2906777348141243,1
468,4,A4_Q3,0,4,8.280160910452826,0.2558012278624919,1
468,4,A4_Q4,1,1,10.88756564188806,0.18421880350608488,1
468,5,A5_Q1,0,5,10.192414483477842,0.24168299354874595,1
468,5,A5_Q2,0,4,3.9321924575667992,0.048521558919763626,1
468,5,A5_Q3,0,4,6.520842510588997,0.1736420694613726,1
468,5,A5_Q4,1,2,6.613208650814581,0.1203774548563496,1
469,1,A1_Q1,0,5,7.089551813920432,0.0069058548533257325,1
469,1,A1_Q2,0,3,10.971813889591626,0.18736052606037948,1
469,1,A1_Q3,0,4,15.187773179817347,0.2914620582925545,1
469,1,A1_Q4,0,3,10.43505018426566,0.06549099035409328,1
469,2,A2_Q1,1,2,11.075409853567503,0.13063304753837976,1
469,2,A2_Q2,0,3,8.726096193818602,0.23002152561180575,1
469,2,A2_Q3,0,3,8.824111109867438,0.2594491292109676,1
469,2,A2_Q4,0,4,9.614397648060303,0.07725418964358557,1
469,3,A3_Q1,0,5,6.475104511994919,0.20320139250048816,1
469,3,A3_Q2,1,1,8.167589404680571,0.03606906785632421,1
469,3,A3_Q3,0,4,11.07497128547157,0.2964913702772395,1
469,3,A3_Q4,0,5,6.520068851132275,0.19052307108815775,1
469,4,A4_Q1,0,4,8.143514805223038,0.2640540555901209,1
469,4,A4_Q2,0,5,1.248831520226421,0.16488509804142806,1
469,4,A4_Q3,1,2,8.148825135710668,0.2537987566724378,1
469,4,A4_Q4,0,5,4.665312972535197,0.13934195784964756,1
469,5,A5_Q1,1,1,1.0,0.09545158226181341,1
469,5,A5_Q2,0,3,7.828315321921382,0.023423819234977494,1
469,5,A5_Q3,0,5,6.074957636676666,0.27159135848022875,1
469,5,A5_Q4,0,3,5.760159504293249,0.23126946641584445,1
470,1,A1_Q1,1,1,38.96699489257067,0.0,3
470,1,A1_Q2,0,2,47.02446811628122,0.2,3
470,1,A1_Q3,1,1,49.22881694713039,0.0,3
470,1,A1_Q4,1,1,23.883571117950893,0.0,3
470,2,A2_Q1,0,2,48.00466822305859,0.2,3
470,2,A2_Q2,0,2,33.53692932005558,0.2,3
470,2,A2_Q3,0,2,38.50199674735372,0.2,3
470,2,A2_Q4,1,1,33.16078192153614,0.0,3
470,3,A3_Q1,0,2,63.12472289720358,0.2,3
470,3,A3_Q2,1,1,43.69353367577767,0.0,3
470,3,A3_Q3,0,2,38.319560921514885,0.2,3
470,3,A3_Q4,1,1,37.65813813920393,0.0,3
470,4,A4_Q1,1,1,29.08992607112958,0.0,3
470,4,A4_Q2,0,2,49.21823286174249,0.2,3
470,4,A4_Q3,0,2,55.55872141356059,0.2,3
470,4,A4_Q4,1,1,52.022151446821724,0.0,3
470,5,A5_Q1,1,1,27.584458995464196,0.0,3
470,5,A5_Q2,0,2,44.463855845126346,0.2,3
470,5,A5_Q3,1,1,11.904927742456074,0.0,3
470,5,A5_Q4,0,2,45.98843508389506,0.2,3
471,1,A1_Q1,0,2,25.491387748955187,0.8707688364268624,0
471,1,A1_Q2,1,1,43.9390252398389,0.0,0
471,1,A1_Q3,0,4,37.22995464675488,0.7931230794965038,0
471,1,A1_Q4,1,1,35.16852572918942,0.0,0
471,2,A2_Q1,0,4,26.634044297208355,0.8547287270593076,0
471,2,A2_Q2,0,3,52.953373685867575,0.7547551269537798,0
471,2,A2_Q3,0,2,25.470872568194242,0.9986399390489574,0
471,2,A2_Q4,0,4,23.02381303650621,0.8805214149310913,0
471,3,A3_Q1,1,1,31.21796640418871,0.0,0
471,3,A3_Q2,1,1,31.540880330055167,0.0,0
471,3,A3_Q3,0,4,25.514161140144516,0.8084056134812114,0
471,3,A3_Q4,0,4,33.31997782063736,0.7675351483084837,0
471,4,A4_Q1,0,4,44.80715184117332,0.8542410154995456,0
471,4,A4_Q2,1,1,22.112740489019757,0.0,0
471,4,A4_Q3,1,1,23.517445337955323,0.0,0
471,4,A4_Q4,0,3,58.28547507747637,0.8066722438704974,0
471,5,A5_Q1,1,1,37.066712973610294,0.0,0
471,5,A5_Q2,1,1,23.393839162261045,0.0,0
471,5,A5_Q3,0,3,18.061792232803814,0.9004092751779555,0
471,5,A5_Q4,1,1,39.19015662519757,0.0,0
472,1,A1_Q1,0,2,21.164593996195347,0.1,4
472,1,A1_Q2,1,1,26.009052130745843,0.0,4
472,1,A1_Q3,1,1,18.84292043303831,0.0,4
472,1,A1_Q4,1,1,39.463050543976976,0.0,4
472,2,A2_Q1,1,1,41.57699172198435,0.0,4
472,2,A2_Q2,1,1,35.23454112067926,0.0,4
472,2,A2_Q3,1,1,33.88099657079161,0.0,4
472,2,A2_Q4,1,1,19.797721614196114,0.0,4
472,3,A3_Q1,1,1,53.973122110372245,0.0,4
472,3,A3_Q2,1,1,47.997354864006105,0.0,4
472,3,A3_Q3,1,1,44.886496952874396,0.0,4
472,3,A3_Q4,1,1,25.963600985669864,0.0,4
472,4,A4_Q1,1,1,38.44841442054174,0.0,4
472,4,A4_Q2,0,2,28.745924246974283,0.1,4
472,4,A4_Q3,1,1,26.866100382124294,0.0,4
472,4,A4_Q4,1,1,25.463612810608524,0.0,4
472,5,A5_Q1,1,1,30.526812606273193,0.0,4
472,5,A5_Q2,1,1,58.23978445325015,0.0,4
472,5,A5_Q3,1,1,47.89373493956303,0.0,4
472,5,A5_Q4,0,2,31.629463738698362,0.1,4
473,1,A1_Q1,1,1,30.628999174066404,0.0,2
473,1,A1_Q2,1,1,41.20189460406847,0.0,2
473,1,A1_Q3,0,3,14.2307210054637,0.5807652165521862,2
473,1,A1_Q4,0,3,77.67467437391726,0.555878570136342,2
473,2,A2_Q1,1,1,29.97764849888533,0.0,2
473,2,A2_Q2,1,1,24.857006921557403,0.0,2
473,2,A2_Q3,0,2,51.286680816322466,0.5903589216356657,2
473,2,A2_Q4,0,2,97.49690715911201,0.5473106619731981,2
473,3,A3_Q1,1,1,24.22118162997144,0.0,2
473,3,A3_Q2,1,1,20.779786216941332,0.0,2
473,3,A3_Q3,0,2,48.14183060303434,0.43965297673189585,2
473,3,A3_Q4,0,3,83.00875852067813,0.43156828217458415,2
473,4,A4_Q1,1,1,36.81180133352952,0.0,2
473,4,A4_Q2,1,1,47.449174627747134,0.0,2
473,4,A4_Q3,0,2,50.97946546396045,0.553992743790158,2
473,4,A4_Q4,0,2,29.33459693427284,0.4090284147724238,2
473,5,A5_Q1,1,1,39.032881210981934,0.0,2
473,5,A5_Q2,1,1,31.859612535607987,0.0,2
473,5,A5_Q3,0,3,72.7173503279105,0.5018769607227164,2
473,5,A5_Q4,0,3,71.8857536064607,0.42051448774392935,2
474,1,A1_Q1,0,3,8.419726341732392,0.2884650893901064,1
474,1,A1_Q2,0,4,8.474394533012354,0.07721611908274435,1
474,1,A1_Q3,1,2,2.6000702887428355,0.09346265353147389,1
474,1,A1_Q4,0,5,8.088452661575777,0.2747796014710682,1
474,2,A2_Q1,0,3,1.9551684295393192,0.07344550417860976,1
474,2,A2_Q2,0,5,10.867643827042142,0.0020208751049411223,1
474,2,A2_Q3,0,3,7.376951401761288,0.21652591974911542,1
474,2,A2_Q4,0,4,13.705273181973368,0.29994254435212947,1
474,3,A3_Q1,1,2,6.917958056299575,0.11357446335362827,1
474,3,A3_Q2,0,3,4.502989743104352,0.2369400345221686,1
474,3,A3_Q3,0,4,6.138526265472278,0.29426504861236236,1
474,3,A3_Q4,0,5,7.060103239634969,0.08388225032032563,1
474,4,A4_Q1,0,4,14.166247221935397,0.24073799419936998,1
474,4,A4_Q2,0,4,1.0,0.15955181838614976,1
474,4,A4_Q3,0,4,5.815469459610171,0.013953344480239882,1
474,4,A4_Q4,1,1,4.84408139007923,0.032784425614051246,1
474,5,A5_Q1,0,4,4.500766544014453,0.19020043713951695,1
474,5,A5_Q2,1,1,4.413814235073518,0.010494383416995922,1
474,5,A5_Q3,0,5,8.674832451611069,0.2502553039236972,1
474,5,A5_Q4,0,4,9.239145723904759,0.028174641221070496,1
475,1,A1_Q1,1,2,8.877255642305341,0.20500589113959156,1
475,1,A1_Q2,0,4,7.087218557331971,0.2013841733992974,1
475,1,A1_Q3,0,4,2.464984808202904,0.2377421251961328,1
475,1,A1_Q4,0,3,2.560731566224697,0.0576711200978687,1
475,2,A2_Q1,0,4,5.4801113888834045,0.13591102720915613,1
475,2,A2_Q2,0,4,7.791734093847749,0.17805603556344296,1
475,2,A2_Q3,0,3,8.16433330096212,0.28053424038506686,1
475,2,A2_Q4,0,5,3.0238031997019554,0.0989411230128063,1
475,3,A3_Q1,0,3,9.521556765128517,0.19751529208476437,1
475,3,A3_Q2,0,4,5.341416343745581,0.28684962698326066,1
475,3,A3_Q3,1,2,9.62092554437645,0.2834384403701792,1
475,3,A3_Q4,0,5,9.485017237262452,0.13974652672999546,1
475,4,A4_Q1,0,5,2.353696876764465,0.01189726168673505,1
475,4,A4_Q2,0,3,9.153683304250238,0.27723630517436143,1
475,4,A4_Q3,0,3,3.1041719077242886,0.2031414241736388,1
475,4,A4_Q4,1,1,7.727803153126662,0.08672197079948192,1
475,5,A5_Q1,1,2,10.024583501955066,0.2956805003402605,1
475,5,A5_Q2,0,4,6.500879454541885,0.2944306163140785,1
475,5,A5_Q3,1,2,5.5329897541848325,0.2564306307660625,1
475,5,A5_Q4,0,3,8.676177746033812,0.06799290834348065,1
476,1,A1_Q1,1,1,41.38694107820337,0.0,4
476,1,A1_Q2,1,1,14.98902829962965,0.0,4
476,1,A1_Q3,1,1,17.55989984663887,0.0,4
476,1,A1_Q4,1,1,28.616296597984267,0.0,4
476,2,A2_Q1,1,1,23.99029352573493,0.0,4
476,2,A2_Q2,0,2,22.231115762891452,0.1,4
476,2,A2_Q3,0,2,22.684360813199223,0.1,4
476,2,A2_Q4,1,1,5.4644442834957445,0.0,4
476,3,A3_Q1,1,1,21.165383049174295,0.0,4
476,3,A3_Q2,1,1,19.285831200384717,0.0,4
476,3,A3_Q3,0,2,30.035931084929707,0.1,4
476,3,A3_Q4,1,1,30.463486986379895,0.0,4
476,4,A4_Q1,1,1,29.378966001907127,0.0,4
476,4,A4_Q2,1,1,33.86225373744987,0.0,4
476,4,A4_Q3,1,1,31.878424072711667,0.0,4
476,4,A4_Q4,1,1,21.914878072503292,0.0,4
476,5,A5_Q1,1,1,41.325913089218716,0.0,4
476,5,A5_Q2,1,1,52.49326791978808,0.0,4
476,5,A5_Q3,0,2,25.408275908848402,0.1,4
476,5,A5_Q4,0,2,23.878861998004663,0.1,4
477,1,A1_Q1,1,1,20.492865593254933,0.0,2
477,1,A1_Q2,1,1,38.471311535231436,0.0,2
477,1,A1_Q3,0,3,55.02807626160488,0.4396067900372974,2
477,1,A1_Q4,0,3,61.668319692073666,0.43520504144024075,2
477,2,A2_Q1,1,1,34.57343614218458,0.0,2
477,2,A2_Q2,1,1,19.50929640409267,0.0,2
477,2,A2_Q3,0,3,44.83447100274615,0.4005934117420982,2
477,2,A2_Q4,0,3,63.81539979170574,0.4278710516521381,2
477,3,A3_Q1,1,1,33.78862082742336,0.0,2
477,3,A3_Q2,1,1,14.434048446889777,0.0,2
477,3,A3_Q3,0,2,31.69892536364208,0.5334644989553387,2
477,3,A3_Q4,0,3,10.155304169307648,0.4092923324555091,2
477,4,A4_Q1,1,1,41.337999196954364,0.0,2
477,4,A4_Q2,1,1,40.43995191330686,0.0,2
477,4,A4_Q3,0,3,44.27694073323291,0.5970900728018047,2
477,4,A4_Q4,0,3,9.753029813582785,0.4006068855805846,2
477,5,A5_Q1,1,1,48.77220549766513,0.0,2
477,5,A5_Q2,1,1,35.320483836433965,0.0,2
477,5,A5_Q3,0,2,55.559583905632024,0.430647377451985,2
477,5,A5_Q4,0,3,47.54023084924497,0.4298671989534533,2
478,1,A1_Q1,1,1,33.23710151800451,0.0,2
478,1,A1_Q2,1,1,29.200078952167548,0.0,2
478,1,A1_Q3,0,2,31.403045739695806,0.5003567195140417,2
478,1,A1_Q4,0,3,84.68016095572561,0.40668946198647826,2
478,2,A2_Q1,1,1,26.41422277238017,0.0,2
478,2,A2_Q2,1,1,22.861087265162446,0.0,2
478,2,A2_Q3,0,3,63.327657117551155,0.4353539301066686,2
478,2,A2_Q4,0,3,34.14605191958786,0.5300276823944181,2
478,3,A3_Q1,1,1,47.85574905084256,0.0,2
478,3,A3_Q2,1,1,33.92339948430613,0.0,2
478,3,A3_Q3,0,3,73.28694990080513,0.5514323697644192,2
478,3,A3_Q4,0,3,57.23429807800959,0.4207287853312518,2
478,4,A4_Q1,1,1,48.626531937613244,0.0,2
478,4,A4_Q2,1,1,16.666083731932847,0.0,2
478,4,A4_Q3,0,2,73.26562618150045,0.43906348210867185,2
478,4,A4_Q4,0,3,21.47176085011648,0.5710255673375202,2
478,5,A5_Q1,1,1,29.563073378291037,0.0,2
478,5,A5_Q2,1,1,38.18762178656145,0.0,2
478,5,A5_Q3,0,2,52.77390852519851,0.4373501226509812,2
478,5,A5_Q4,0,3,21.424281469184972,0.46949392827571645,2
479,1,A1_Q1,0,2,49.28790029632122,0.2,3
479,1,A1_Q2,1,1,21.514741307251082,0.0,3
479,1,A1_Q3,0,2,32.50739374354701,0.2,3
479,1,A1_Q4,0,2,39.37682183785349,0.2,3
479,2,A2_Q1,1,1,11.347069332623906,0.0,3
479,2,A2_Q2,0,2,41.93964515197923,0.2,3
479,2,A2_Q3,0,2,46.364967828359376,0.2,3
479,2,A2_Q4,1,1,20.1960699862572,0.0,3
479,3,A3_Q1,0,2,37.283566986776464,0.2,3
479,3,A3_Q2,0,2,40.06694572544499,0.2,3
479,3,A3_Q3,0,2,46.745424454869514,0.2,3
479,3,A3_Q4,1,1,29.355124019738646,0.0,3
479,4,A4_Q1,0,2,49.88070597374295,0.2,3
479,4,A4_Q2,1,1,25.209630822176262,0.0,3
479,4,A4_Q3,0,2,45.321015505153945,0.2,3
479,4,A4_Q4,1,1,22.78252662586892,0.0,3
479,5,A5_Q1,1,1,37.3417710718315,0.0,3
479,5,A5_Q2,0,2,53.5491580248919,0.2,3
479,5,A5_Q3,0,2,33.96881836092588,0.2,3
479,5,A5_Q4,0,2,55.865795830529564,0.2,3
480,1,A1_Q1,0,2,30.892799369091115,0.7588971737511815,0
480,1,A1_Q2,0,4,31.879659321223734,0.7471007234073018,0
480,1,A1_Q3,0,2,59.66262670799519,0.9647178209130614,0
480,1,A1_Q4,0,4,29.542628704483867,0.9730197536605207,0
480,2,A2_Q1,1,1,23.011069041701624,0.0,0
480,2,A2_Q2,0,2,37.47674841845113,0.9080622061911301,0
480,2,A2_Q3,0,4,38.94639923532872,0.7135588441918408,0
480,2,A2_Q4,0,4,53.5714585259352,0.7722678008235191,0
480,3,A3_Q1,1,1,39.39469487283898,0.0,0
480,3,A3_Q2,0,2,60.50351035025939,0.9442081333907715,0
480,3,A3_Q3,0,4,35.62962192249254,0.9480772692567798,0
480,3,A3_Q4,1,1,15.573171119273441,0.0,0
480,4,A4_Q1,0,2,17.80844710458324,0.706307226061875,0
480,4,A4_Q2,1,1,29.39445382836445,0.0,0
480,4,A4_Q3,0,3,58.09295838705553,0.7220882526982874,0
480,4,A4_Q4,0,3,47.04220326988454,0.7025915668937817,0
480,5,A5_Q1,0,4,70.20910347330602,0.7723411560245022,0
480,5,A5_Q2,1,1,25.066005375884345,0.0,0
480,5,A5_Q3,0,2,1.0,0.7180194969530291,0
480,5,A5_Q4,1,1,24.129430615189932,0.0,0
481,1,A1_Q1,1,1,21.112899208457243,0.0,2
481,1,A1_Q2,1,1,33.81479876874686,0.0,2
481,1,A1_Q3,0,2,41.293920313258326,0.47080594425238487,2
481,1,A1_Q4,0,3,42.64605105439005,0.5432526523586423,2
481,2,A2_Q1,1,1,21.519594885963052,0.0,2
481,2,A2_Q2,1,1,49.25019290389278,0.0,2
481,2,A2_Q3,0,2,45.45789750579813,0.5170928189185885,2
481,2,A2_Q4,0,3,63.85302633900675,0.40644314604801013,2
481,3,A3_Q1,1,1,20.54271931445476,0.0,2
481,3,A3_Q2,1,1,44.17547782647301,0.0,2
481,3,A3_Q3,0,3,23.38690517073458,0.5018458132070862,2
481,3,A3_Q4,0,2,94.07704194224408,0.5034641323208476,2
481,4,A4_Q1,1,1,27.6291968711214,0.0,2
481,4,A4_Q2,1,1,30.50385515149905,0.0,2
481,4,A4_Q3,0,3,47.813172917127474,0.47331209491392257,2
481,4,A4_Q4,0,2,29.998190770598793,0.5082404888030212,2
481,5,A5_Q1,1,1,48.13180951912765,0.0,2
481,5,A5_Q2,1,1,31.465656605256445,0.0,2
481,5,A5_Q3,0,3,24.51340264962001,0.5346411146578793,2
481,5,A5_Q4,0,2,48.96322872041247,0.41510303961231165,2
482,1,A1_Q1,0,4,11.023867705406024,0.27865360791007104,1
482,1,A1_Q2,0,5,10.178698900988106,0.2720497814571295,1
482,1,A1_Q3,0,4,5.5838514491078675,0.01631452655441653,1
482,1,A1_Q4,1,1,13.475241892872859,0.2712628644039793,1
482,2,A2_Q1,1,1,1.0,0.17189347789786627,1
482,2,A2_Q2,0,4,8.552217214095128,0.14520559040082462,1
482,2,A2_Q3,0,4,6.798841670059431,0.22575738788920224,1
482,2,A2_Q4,1,2,6.2356408606045814,0.10275606729266532,1
482,3,A3_Q1,0,4,5.8417587514964335,0.2860270629979807,1
482,3,A3_Q2,0,4,13.000771269949382,0.2553711498065539,1
482,3,A3_Q3,0,3,9.758454770977005,0.06811187094105771,1
482,3,A3_Q4,1,2,4.253582589523554,0.0037113548600795853,1
482,4,A4_Q1,0,3,6.005438038692515,0.2575982024243263,1
482,4,A4_Q2,0,5,12.16664032064006,0.2536683571530913,1
482,4,A4_Q3,0,5,11.647476236422438,0.2163646771668444,1
482,4,A4_Q4,0,5,7.838178671191761,0.012638405888189286,1
482,5,A5_Q1,0,4,5.3454252438435965,0.12147932833988884,1
482,5,A5_Q2,0,4,9.178723500003908,0.2715365556740958,1
482,5,A5_Q3,0,5,11.6072609523874,0.11009020456334585,1
482,5,A5_Q4,0,4,5.6124651214295955,0.07783041778358628,1
483,1,A1_Q1,1,2,9.54116754797013,0.22569888581617625,1
483,1,A1_Q2,0,5,11.007729201724032,0.2574205334598947,1
483,1,A1_Q3,0,3,7.906795244474046,0.009030837393597136,1
483,1,A1_Q4,1,1,14.322520814714961,0.02573034140503484,1
483,2,A2_Q1,1,2,10.831109243668523,0.1890850967466564,1
483,2,A2_Q2,0,5,8.446480187094902,0.20455488356164916,1
483,2,A2_Q3,0,4,8.876113931000232,0.05216787203670018,1
483,2,A2_Q4,0,4,7.163461030847964,0.2683211167813206,1
483,3,A3_Q1,0,5,9.966601929474507,0.2592371641063897,1
483,3,A3_Q2,0,3,9.758722531977597,0.06556472437523639,1
483,3,A3_Q3,0,4,8.353871909609865,0.04480471964697047,1
483,3,A3_Q4,0,3,7.117572291274171,0.2242023182158769,1
483,4,A4_Q1,0,4,9.957331681458232,0.14452322396945666,1
483,4,A4_Q2,0,4,1.0,0.0185405931564665,1
483,4,A4_Q3,0,3,8.702723499470373,0.19673742807692307,1
483,4,A4_Q4,0,5,6.001028655366428,0.1971095296517826,1
483,5,A5_Q1,0,5,7.367978123209401,0.09986437831713231,1
483,5,A5_Q2,0,4,3.7585061248689513,0.153543191064161,1
483,5,A5_Q3,0,5,5.16707974584346,0.05418288375211726,1
483,5,A5_Q4,0,4,13.100068098652029,0.10543748629361613,1
484,1,A1_Q1,0,4,34.47455750599855,0.755024456138025,0
484,1,A1_Q2,1,1,29.18787990248865,0.0,0
484,1,A1_Q3,0,2,49.34668496050266,0.9363138276434083,0
484,1,A1_Q4,0,3,42.41565761145496,0.7198692965396591,0
484,2,A2_Q1,0,2,51.784125720632886,0.7607236184897075,0
484,2,A2_Q2,0,3,28.572196839843617,0.7987420897494275,0
484,2,A2_Q3,0,4,17.045191074611257,0.7568491175319443,0
484,2,A2_Q4,1,1,52.20391983426031,0.0,0
484,3,A3_Q1,0,3,30.969683246686188,0.7848342150632799,0
484,3,A3_Q2,0,4,41.28816781254781,0.7042688112918842,0
484,3,A3_Q3,0,2,45.5319446193745,0.7443222424162469,0
484,3,A3_Q4,0,4,71.08352258352905,0.7217103837265231,0
484,4,A4_Q1,1,1,43.79735211086571,0.0,0
484,4,A4_Q2,1,1,35.3383769974804,0.0,0
484,4,A4_Q3,1,1,16.196516790225417,0.0,0
484,4,A4_Q4,1,1,21.8277483602785,0.0,0
484,5,A5_Q1,0,2,25.354723734126075,0.8597061928415818,0
484,5,A5_Q2,0,3,47.13226401570748,0.8019918709102039,0
484,5,A5_Q3,1,1,33.175427570190095,0.0,0
484,5,A5_Q4,1,1,23.159423594186084,0.0,0
485,1,A1_Q1,0,4,29.974089180519115,0.7930041550452934,0
485,1,A1_Q2,0,2,67.45024429172723,0.840481606496967,0
485,1,A1_Q3,0,4,35.731401320815316,0.842508370228623,0
485,1,A1_Q4,0,3,44.69437188154373,0.8106014150503964,0
485,2,A2_Q1,1,1,8.116277078315424,0.0,0
485,2,A2_Q2,1,1,43.36284063500385,0.0,0
485,2,A2_Q3,0,4,48.190866063457364,0.9812552540505701,0
485,2,A2_Q4,0,3,27.0704181427993,0.780954087390656,0
485,3,A3_Q1,1,1,35.63297795864648,0.0,0
485,3,A3_Q2,1,1,21.783983273595204,0.0,0
485,3,A3_Q3,1,1,42.274610922795375,0.0,0
485,3,A3_Q4,0,2,67.68009815761961,0.7121323559835724,0
485,4,A4_Q1,0,3,31.517514565533446,0.9560362682228629,0
485,4,A4_Q2,0,4,42.405465437092126,0.8295177982592924,0
485,4,A4_Q3,1,1,34.15685405821847,0.0,0
485,4,A4_Q4,0,4,47.29116146950436,0.8087487936172523,0
485,5,A5_Q1,1,1,19.19619663434558,0.0,0
485,5,A5_Q2,1,1,10.385795908669625,0.0,0
485,5,A5_Q3,0,3,40.258563025046065,0.8273716355068228,0
485,5,A5_Q4,0,4,46.41822191575089,0.8241034340280413,0
486,1,A1_Q1,0,4,6.706049448255524,0.14673077452640018,1
486,1,A1_Q2,1,1,5.884950872741969,0.0715984434878126,1
486,1,A1_Q3,0,3,7.012200576716849,0.20820338382481512,1
486,1,A1_Q4,0,3,1.2115701119276228,0.027292653820774327,1
486,2,A2_Q1,1,1,9.114512672688377,0.21074830754825621,1
486,2,A2_Q2,1,1,3.4035559038516743,0.27793963199270016,1
486,2,A2_Q3,0,3,7.42776742821438,0.14814751219612146,1
486,2,A2_Q4,0,3,7.370134769803829,0.0370228049949856,1
486,3,A3_Q1,0,5,8.824387422822426,0.27262908991188584,1
486,3,A3_Q2,0,3,1.0,0.07816181148404025,1
486,3,A3_Q3,0,4,10.187142045685173,0.07159052523545151,1
486,3,A3_Q4,1,1,8.387810380484483,0.006009140227222564,1
486,4,A4_Q1,0,4,6.089769131183575,0.02304119314971089,1
486,4,A4_Q2,0,4,10.34504618000304,0.12240102759890957,1
486,4,A4_Q3,1,2,7.080625019511949,0.08783694443337339,1
486,4,A4_Q4,0,5,3.966397094922055,0.27027074669673135,1
486,5,A5_Q1,0,4,13.694351047455514,0.2961295875538042,1
486,5,A5_Q2,0,3,6.214158010012797,0.2066136182028372,1
486,5,A5_Q3,0,3,6.542740490912166,0.29169140718806735,1
486,5,A5_Q4,0,5,6.864968188563688,0.031635319534380035,1
487,1,A1_Q1,1,1,30.59465927375476,0.0,2
487,1,A1_Q2,1,1,7.838793530481119,0.0,2
487,1,A1_Q3,0,3,33.212960834147346,0.5545799165877763,2
487,1,A1_Q4,0,2,46.663169687930505,0.5658043783330838,2
487,2,A2_Q1,1,1,40.82389058323204,0.0,2
487,2,A2_Q2,1,1,29.699984787797444,0.0,2
487,2,A2_Q3,0,3,35.319894665222016,0.5043385260380515,2
487,2,A2_Q4,0,2,39.773715072570205,0.5989255837011465,2
487,3,A3_Q1,1,1,32.620834147001496,0.0,2
487,3,A3_Q2,1,1,37.77312887285852,0.0,2
487,3,A3_Q3,0,2,90.52391954387934,0.528596413981612,2
487,3,A3_Q4,0,3,57.34685087355329,0.4891841903470754,2
487,4,A4_Q1,1,1,31.88933410314267,0.0,2
487,4,A4_Q2,1,1,35.167290191258026,0.0,2
487,4,A4_Q3,0,2,60.10674169803397,0.4370280663947895,2
487,4,A4_Q4,0,3,45.830332876264755,0.5612183714311865,2
487,5,A5_Q1,1,1,41.55994453672315,0.0,2
487,5,A5_Q2,1,1,33.97616834053193,0.0,2
487,5,A5_Q3,0,2,33.26488617794828,0.4223548211832407,2
487,5,A5_Q4,0,3,40.99502039537892,0.4271066848056545,2
488,1,A1_Q1,1,1,30.412504033834914,0.0,2
488,1,A1_Q2,1,1,19.60112100633612,0.0,2
488,1,A1_Q3,0,2,41.35824571574851,0.44617351316023457,2
488,1,A1_Q4,0,2,25.216562337723644,0.5263424205350344,2
488,2,A2_Q1,1,1,1.0,0.0,2
488,2,A2_Q2,1,1,23.83495561004588,0.0,2
488,2,A2_Q3,0,3,7.986722058314875,0.45520961595425985,2
488,2,A2_Q4,0,2,43.75565161828056,0.5932121154914404,2
488,3,A3_Q1,1,1,43.32781196944706,0.0,2
488,3,A3_Q2,1,1,1.0,0.0,2
488,3,A3_Q3,0,2,72.95123261298188,0.5202689339814162,2
488,3,A3_Q4,0,2,44.50464811249043,0.5799260278544851,2
488,4,A4_Q1,1,1,36.02275078302079,0.0,2
488,4,A4_Q2,1,1,43.15431686079081,0.0,2
488,4,A4_Q3,0,3,13.90875078055943,0.4997697104125246,2
488,4,A4_Q4,0,2,38.41383717803672,0.5269816144951806,2
488,5,A5_Q1,1,1,42.73650618783369,0.0,2
488,5,A5_Q2,1,1,20.120289569406978,0.0,2
488,5,A5_Q3,0,3,87.31925481813755,0.4324638990644055,2
488,5,A5_Q4,0,3,48.005493046284684,0.4861999578304859,2
489,1,A1_Q1,0,3,12.585451389649418,0.1655058598125372,1
489,1,A1_Q2,0,5,7.979847001885089,0.2514532253496153,1
489,1,A1_Q3,1,1,9.95731158191606,0.07102747037994901,1
489,1,A1_Q4,0,4,7.643602977583497,0.2597931951128833,1
489,2,A2_Q1,1,2,5.584967026055849,0.15684629820620555,1
489,2,A2_Q2,1,1,5.894693952250307,0.2153401903377882,1
489,2,A2_Q3,0,5,7.3909325660794,0.15412594874391042,1
489,2,A2_Q4,0,4,7.132884536086386,0.18551836357726573,1
489,3,A3_Q1,0,4,6.360347954436625,0.04070178809069645,1
489,3,A3_Q2,0,4,4.0658263338154,0.2652327525191599,1
489,3,A3_Q3,0,4,6.7459921154671045,0.2894358458850111,1
489,3,A3_Q4,1,2,10.571769609985193,0.20752906490516393,1
489,4,A4_Q1,1,1,7.404070353896649,0.19794515143697824,1
489,4,A4_Q2,0,3,9.010389356835326,0.29500578441066794,1
489,4,A4_Q3,1,2,5.883522403750549,0.010323313771357378,1
489,4,A4_Q4,0,4,7.9785812990326015,0.11205344722638866,1
489,5,A5_Q1,1,1,7.482720314486162,0.24447164910149163,1
489,5,A5_Q2,0,3,7.120892605528908,0.2902704845945819,1
489,5,A5_Q3,0,5,10.431458742887813,0.026900582029234874,1
489,5,A5_Q4,1,1,12.590283391019447,0.2619121769453071,1
490,1,A1_Q1,0,2,21.932473874068563,0.1,4
490,1,A1_Q2,1,1,17.816428446184986,0.0,4
490,1,A1_Q3,1,1,27.54996994841916,0.0,4
490,1,A1_Q4,1,1,31.974419762338602,0.0,4
490,2,A2_Q1,1,1,18.805477814067302,0.0,4
490,2,A2_Q2,1,1,22.00970275961118,0.0,4
490,2,A2_Q3,1,1,33.25265204176175,0.0,4
490,2,A2_Q4,0,2,19.293209114420243,0.1,4
490,3,A3_Q1,0,2,26.30419908267328,0.1,4
490,3,A3_Q2,1,1,17.705392152770735,0.0,4
490,3,A3_Q3,0,2,17.41133895605562,0.1,4
490,3,A3_Q4,0,2,17.931111359907415,0.1,4
490,4,A4_Q1,1,1,23.744616397353298,0.0,4
490,4,A4_Q2,0,2,19.313361864258155,0.1,4
490,4,A4_Q3,1,1,18.562152461970953,0.0,4
490,4,A4_Q4,1,1,28.912439077414174,0.0,4
490,5,A5_Q1,1,1,38.305710134214074,0.0,4
490,5,A5_Q2,1,1,47.72092750825249,0.0,4
490,5,A5_Q3,1,1,29.497703154100634,0.0,4
490,5,A5_Q4,0,2,14.131501786112535,0.1,4
491,1,A1_Q1,1,2,3.106508032763414,0.2207646275722078,1
491,1,A1_Q2,0,3,7.459523100060308,0.12907379896162388,1
491,1,A1_Q3,0,4,9.856970987761475,0.23194522256667904,1
491,1,A1_Q4,0,5,3.95839142017232,0.19721207747452593,1
491,2,A2_Q1,0,5,6.24129327680081,0.22449008351591945,1
491,2,A2_Q2,0,3,4.080550830128274,0.050600081526438086,1
491,2,A2_Q3,1,1,8.062548800757169,0.0370734286891166,1
491,2,A2_Q4,0,5,2.8768771594464333,0.10306627526085023,1
491,3,A3_Q1,0,4,6.22842629048173,0.1390865917201679,1
491,3,A3_Q2,1,2,8.346038804988604,0.03126722585659709,1
491,3,A3_Q3,0,5,14.285151821198918,0.0826219140179238,1
491,3,A3_Q4,0,5,4.275084936631166,0.031278767860318635,1
491,4,A4_Q1,0,4,10.30787528214804,0.050591372309819936,1
491,4,A4_Q2,0,4,10.034318758340927,0.19500107407912787,1
491,4,A4_Q3,1,2,4.36201925583325,0.06100219611501984,1
491,4,A4_Q4,1,2,5.826588517936928,0.15824093461635472,1
491,5,A5_Q1,1,2,10.661307986139057,0.06837741755659464,1
491,5,A5_Q2,1,1,8.943275997996869,0.2348077649077614,1
491,5,A5_Q3,0,4,15.05524990957969,0.25637154206879387,1
491,5,A5_Q4,0,5,1.4346953685725286,0.09713857151817643,1
492,1,A1_Q1,1,1,15.841185260426137,0.0,0
492,1,A1_Q2,0,3,43.29719137066848,0.9983536441559036,0
492,1,A1_Q3,0,3,49.97387384362209,0.9409867891943513,0
492,1,A1_Q4,0,4,28.936585387632817,0.7021939356901553,0
492,2,A2_Q1,1,1,27.444886949695196,0.0,0
492,2,A2_Q2,0,2,62.818054249772594,0.8925669427674515,0
492,2,A2_Q3,0,2,46.99406889659856,0.7235008663741814,0
492,2,A2_Q4,1,1,15.677144080668867,0.0,0
492,3,A3_Q1,0,3,72.35131732935531,0.8077953028550708,0
492,3,A3_Q2,1,1,24.828462361246007,0.0,0
492,3,A3_Q3,0,2,63.569865706800705,0.8909246756016441,0
492,3,A3_Q4,0,2,24.56487724082587,0.9443286204368593,0
492,4,A4_Q1,0,2,43.072964621285315,0.8864300903576916,0
492,4,A4_Q2,0,3,48.4030579968063,0.7187911575092633,0
492,4,A4_Q3,0,4,63.33062630933354,0.7492702013548816,0
492,4,A4_Q4,1,1,26.190693669585517,0.0,0
492,5,A5_Q1,1,1,33.84237214475642,0.0,0
492,5,A5_Q2,0,2,18.335716876691844,0.9714324224499349,0
492,5,A5_Q3,1,1,23.728957314886888,0.0,0
492,5,A5_Q4,0,2,26.71197816059884,0.7047491849359281,0
493,1,A1_Q1,1,1,30.581617117041816,0.0,4
493,1,A1_Q2,1,1,28.271720443235846,0.0,4
493,1,A1_Q3,0,2,19.608431582852827,0.1,4
493,1,A1_Q4,1,1,37.491943800936944,0.0,4
493,2,A2_Q1,1,1,46.96997465294707,0.0,4
493,2,A2_Q2,1,1,36.49597249499201,0.0,4
493,2,A2_Q3,1,1,43.64335187744172,0.0,4
493,2,A2_Q4,1,1,21.62847453874767,0.0,4
493,3,A3_Q1,1,1,22.57810218976035,0.0,4
493,3,A3_Q2,0,2,16.151107339318635,0.1,4
493,3,A3_Q3,0,2,15.412235408290325,0.1,4
493,3,A3_Q4,1,1,19.65181843407659,0.0,4
493,4,A4_Q1,1,1,36.137318469757055,0.0,4
493,4,A4_Q2,1,1,25.79640374537258,0.0,4
493,4,A4_Q3,1,1,31.015769677417893,0.0,4
493,4,A4_Q4,0,2,20.248487965013382,0.1,4
493,5,A5_Q1,1,1,25.197417124758342,0.0,4
493,5,A5_Q2,1,1,17.816193972591748,0.0,4
493,5,A5_Q3,1,1,37.836819490363666,0.0,4
493,5,A5_Q4,1,1,30.075386304576007,0.0,4
494,1,A1_Q1,1,1,28.789412477094483,0.0,2
494,1,A1_Q2,1,1,12.962893126105794,0.0,2
494,1,A1_Q3,0,2,80.70750616625482,0.47473610821562007,2
494,1,A1_Q4,0,3,24.569194994435538,0.5337359085469154,2
494,2,A2_Q1,1,1,35.37100400100118,0.0,2
494,2,A2_Q2,1,1,33.804569971798244,0.0,2
494,2,A2_Q3,0,3,16.15706081237755,0.42244920150897924,2
494,2,A2_Q4,0,3,58.95518491354581,0.4048201494159793,2
494,3,A3_Q1,1,1,24.396537851773594,0.0,2
494,3,A3_Q2,1,1,43.27352445323737,0.0,2
494,3,A3_Q3,0,2,64.80464894432984,0.41003130814317246,2
494,3,A3_Q4,0,3,39.97742979401344,0.5341570563196167,2
494,4,A4_Q1,1,1,34.72616857478699,0.0,2
494,4,A4_Q2,1,1,10.952376256310107,0.0,2
494,4,A4_Q3,0,3,66.04760886458787,0.538850912603905,2
494,4,A4_Q4,0,2,58.037735328979394,0.4308346308104821,2
494,5,A5_Q1,1,1,5.801134545559744,0.0,2
494,5,A5_Q2,1,1,43.698944083427925,0.0,2
494,5,A5_Q3,0,3,61.459252388030954,0.5844761163677678,2
494,5,A5_Q4,0,2,45.698614723679846,0.5401987241310056,2
495,1,A1_Q1,0,5,7.871430646898366,0.035108481246966396,1
495,1,A1_Q2,0,4,11.134054845793038,0.17623618725188048,1
495,1,A1_Q3,0,3,9.815481667307614,0.02845190770504863,1
495,1,A1_Q4,0,4,9.155616298520542,0.2664013101591923,1
495,2,A2_Q1,1,2,11.030219914806082,0.28204074601646056,1
495,2,A2_Q2,1,1,6.299207576486959,0.048639041744023705,1
495,2,A2_Q3,0,3,14.348194645334367,0.05297316046949534,1
495,2,A2_Q4,0,5,6.419902001196196,0.10310435658017404,1
495,3,A3_Q1,1,2,14.547892808222608,0.18038832296985485,1
495,3,A3_Q2,0,3,5.692057697436186,0.033731323384191776,1
495,3,A3_Q3,0,3,12.371348164779272,0.27287826515290153,1
495,3,A3_Q4,0,4,12.551948397200672,0.16280497796541635,1
495,4,A4_Q1,0,5,11.272578556793054,0.051170807065579325,1
495,4,A4_Q2,0,3,7.747316712759251,0.27575157020889063,1
495,4,A4_Q3,0,5,10.790895065228737,0.041733860176170874,1
495,4,A4_Q4,0,3,10.148401438882779,0.06248409282732393,1
495,5,A5_Q1,0,3,12.829062730052957,0.04658004303336034,1
495,5,A5_Q2,0,3,13.388442134950273,0.23627889755497378,1
495,5,A5_Q3,0,5,11.534726051677698,0.15169487067105933,1
495,5,A5_Q4,1,2,8.381320894925262,0.12550741004000646,1
496,1,A1_Q1,1,1,17.939414113520304,0.0,4
496,1,A1_Q2,1,1,30.5496730174823,0.0,4
496,1,A1_Q3,1,1,31.90448072138104,0.0,4
496,1,A1_Q4,0,2,23.69370280716987,0.1,4
496,2,A2_Q1,1,1,29.306278713277784,0.0,4
496,2,A2_Q2,1,1,35.601483167586686,0.0,4
496,2,A2_Q3,1,1,15.0719747959017,0.0,4
496,2,A2_Q4,1,1,24.580394481615244,0.0,4
496,3,A3_Q1,1,1,45.93252053891986,0.0,4
496,3,A3_Q2,1,1,40.12540218426389,0.0,4
496,3,A3_Q3,1,1,25.507782500154605,0.0,4
496,3,A3_Q4,1,1,39.504151778651355,0.0,4
496,4,A4_Q1,1,1,20.548577445544666,0.0,4
496,4,A4_Q2,1,1,35.029482311877594,0.0,4
496,4,A4_Q3,1,1,49.283992808515706,0.0,4
496,4,A4_Q4,1,1,16.048336891943404,0.0,4
496,5,A5_Q1,1,1,31.42050399351256,0.0,4
496,5,A5_Q2,1,1,25.644540187973668,0.0,4
496,5,A5_Q3,1,1,21.093441942812717,0.0,4
496,5,A5_Q4,1,1,20.452231874928515,0.0,4
497,1,A1_Q1,1,1,54.70871637144341,0.0,0
497,1,A1_Q2,0,4,51.13412849810523,0.888271718991181,0
497,1,A1_Q3,0,2,40.766414809858375,0.712409140245792,0
497,1,A1_Q4,1,1,24.559555604035374,0.0,0
497,2,A2_Q1,1,1,22.632681127563945,0.0,0
497,2,A2_Q2,0,4,61.51304385629492,0.8130518051535677,0
497,2,A2_Q3,0,4,41.28932048663748,0.8188850068202386,0
497,2,A2_Q4,1,1,52.53935916294241,0.0,0
497,3,A3_Q1,0,3,64.65184482104377,0.7833537775234716,0
497,3,A3_Q2,1,1,31.95305571481799,0.0,0
497,3,A3_Q3,1,1,42.706516271671106,0.0,0
497,3,A3_Q4,0,2,37.35334552413757,0.9824318825764262,0
497,4,A4_Q1,0,3,45.72575217117702,0.8221804480171628,0
497,4,A4_Q2,0,2,39.39791491019568,0.8466738141447222,0
497,4,A4_Q3,0,4,33.811042008468476,0.981926897597539,0
497,4,A4_Q4,0,2,49.89011447436684,0.8378312480384738,0
497,5,A5_Q1,0,4,20.367699455530328,0.8678431167395977,0
497,5,A5_Q2,0,3,60.84412830653239,0.8536440043142948,0
497,5,A5_Q3,0,2,41.45282374560578,0.7665234661488828,0
497,5,A5_Q4,0,4,26.55384891890115,0.7795865546065881,0
498,1,A1_Q1,1,1,24.67631643773381,0.0,2
498,1,A1_Q2,1,1,22.21328652360118,0.0,2
498,1,A1_Q3,0,2,43.334147390028306,0.4649746788630249,2
498,1,A1_Q4,0,2,28.493411905608006,0.5810794628129832,2
498,2,A2_Q1,1,1,21.86068889402681,0.0,2
498,2,A2_Q2,1,1,30.176296817391368,0.0,2
498,2,A2_Q3,0,3,57.497946110728726,0.5889748126522041,2
498,2,A2_Q4,0,3,76.14777641008453,0.5676181987370007,2
498,3,A3_Q1,1,1,25.252242921525344,0.0,2
498,3,A3_Q2,1,1,14.282370267727845,0.0,2
498,3,A3_Q3,0,3,37.550964425439695,0.5495635461920496,2
498,3,A3_Q4,0,3,47.66482089330568,0.5410160783790647,2
498,4,A4_Q1,1,1,8.88559702877754,0.0,2
498,4,A4_Q2,1,1,36.59516928043798,0.0,2
498,4,A4_Q3,0,3,65.67305388695848,0.45629743543619117,2
498,4,A4_Q4,0,3,37.427543668740896,0.45906507001357116,2
498,5,A5_Q1,1,1,31.684845716652575,0.0,2
498,5,A5_Q2,1,1,38.554618641914985,0.0,2
498,5,A5_Q3,0,3,33.336134134120755,0.5600848190864499,2
498,5,A5_Q4,0,2,42.3023525439858,0.4506372666664924,2
499,1,A1_Q1,1,1,5.283742246479687,0.23740950130114344,1
499,1,A1_Q2,0,3,12.415936999286487,0.22373512355885647,1
499,1,A1_Q3,0,5,4.742773037099209,0.0036484362018912586,1
499,1,A1_Q4,0,3,11.316015014030349,0.2219502376040375,1
499,2,A2_Q1,0,4,8.439056740128727,0.10692212866565538,1
499,2,A2_Q2,0,3,8.418894886673655,0.14861928244405845,1
499,2,A2_Q3,1,2,10.724838679348965,0.23086547147816927,1
499,2,A2_Q4,1,2,7.313705098970933,0.20679346083945221,1
499,3,A3_Q1,0,5,6.469690340458497,0.037595777372355345,1
499,3,A3_Q2,1,1,9.143643097910173,0.10032260957511441,1
499,3,A3_Q3,0,4,8.092987308967722,0.05760239112302646,1
499,3,A3_Q4,1,1,2.978699398794274,0.17131584446531337,1
499,4,A4_Q1,0,4,6.514357433297533,0.07445187594251232,1
499,4,A4_Q2,0,3,6.419633385729131,0.24369025504472086,1
499,4,A4_Q3,0,3,8.884380705363283,0.06835692063525967,1
499,4,A4_Q4,0,4,7.617423936385487,0.2611847523009308,1
499,5,A5_Q1,0,4,7.1780413873628595,0.2434077047258217,1
499,5,A5_Q2,0,5,11.366449228563976,0.10224660665590354,1
499,5,A5_Q3,0,4,4.698421910585476,0.13595924463134296,1
499,5,A5_Q4,1,2,2.226932211805434,0.20972269046690936,1
500,1,A1_Q1,1,1,21.487406864921617,0.0,2
500,1,A1_Q2,1,1,26.66186949380275,0.0,2
500,1,A1_Q3,0,3,70.15502865493679,0.5927245221055153,2
500,1,A1_Q4,0,3,92.75249366420557,0.5989597011486426,2
500,2,A2_Q1,1,1,32.56722478831669,0.0,2
500,2,A2_Q2,1,1,32.22379930430731,0.0,2
500,2,A2_Q3,0,3,39.92883749174588,0.5391172696083206,2
500,2,A2_Q4,0,3,46.61968597649041,0.5920684052693808,2
500,3,A3_Q1,1,1,28.538034854873338,0.0,2
500,3,A3_Q2,1,1,30.016663499414978,0.0,2
500,3,A3_Q3,0,3,49.343294987004604,0.47974073103516307,2
500,3,A3_Q4,0,3,27.5578622901876,0.5694564918379272,2
500,4,A4_Q1,1,1,24.62826144875052,0.0,2
500,4,A4_Q2,1,1,32.588178491062486,0.0,2
500,4,A4_Q3,0,3,29.094826203086924,0.42341212474895523,2
500,4,A4_Q4,0,3,83.32340344462038,0.5287322537690456,2
500,5,A5_Q1,1,1,21.176795753590838,0.0,2
500,5,A5_Q2,1,1,32.057669626112414,0.0,2
500,5,A5_Q3,0,2,23.9516360239173,0.4232963948612119,2
500,5,A5_Q4,0,2,67.7604753549555,0.50098468336273,2
